Gender,Married,Dependents,Education,Self_Employed,ApplicantIncome,CoapplicantIncome,LoanAmount,Loan_Amount_Term,Credit_History,Property_Area,Loan_Status
Male,Yes,0,Graduate,No,3184,2212,132.0,360,0.0,Urban,N
Female,Yes,0,Graduate,No,11082,1778,166.0,360,1.0,Urban,Y
Male,No,0,Graduate,No,8951,0,119.0,60,1.0,Semiurban,Y
Male,Yes,1,Graduate,No,5877,4011,74.0,360,0.0,Rural,N
Male,No,0,Graduate,No,3625,0,159.0,360,1.0,Semiurban,Y
Male,Yes,2,Graduate,No,7261,1587,200.0,360,1.0,Urban,Y
Male,No,0,Graduate,No,2540,0,137.0,360,1.0,Urban,Y
Female,No,1,Graduate,Yes,6866,0,147.0,180,1.0,Urban,Y
Male,Yes,2,Graduate,No,6422,3156,74.0,180,0.0,Urban,Y
Male,Yes,2,Graduate,No,3951,888,161.0,360,1.0,Urban,Y
Male,Yes,2,Graduate,No,7063,959,208.0,180,1.0,Rural,Y
Female,No,1,Graduate,Yes,3459,0,142.0,180,1.0,Semiurban,Y
Female,Yes,3+,Not Graduate,Yes,2393,2075,59.0,180,1.0,Semiurban,Y
Male,Yes,0,Graduate,No,6568,1628,233.0,360,1.0,Urban,Y
Male,Yes,0,Not Graduate,No,4070,1690,83.0,360,0.0,Urban,N
Male,Yes,0,Not Graduate,No,5545,1602,141.0,360,1.0,Semiurban,Y
Male,Yes,0,Graduate,No,9598,1114,177.0,120,0.0,Rural,N
Male,Yes,0,Graduate,No,3056,3940,187.0,120,0.0,Semiurban,N
Male,Yes,0,Graduate,No,3965,2352,59.0,360,1.0,Rural,Y
Male,No,0,Graduate,No,8572,0,127.0,360,1.0,Rural,Y
Male,No,0,Graduate,No,5715,0,124.0,120,0.0,Urban,N
Male,Yes,0,Not Graduate,No,3087,1184,216.0,360,0.0,Urban,N
Male,No,3+,Graduate,No,2752,0,145.0,360,1.0,Semiurban,N
Male,No,0,Graduate,No,3335,0,216.0,360,1.0,Semiurban,N
Male,No,2,Graduate,No,3034,0,150.0,360,1.0,Urban,Y
Female,Yes,0,Not Graduate,No,4707,5565,117.0,360,1.0,Semiurban,Y
Male,Yes,3+,Graduate,No,4382,4775,131.0,360,1.0,Semiurban,Y
Male,Yes,2,Graduate,Yes,4796,1739,223.0,180,1.0,Rural,Y
Male,No,1,Graduate,No,2897,0,72.0,36,1.0,Urban,Y
Male,Yes,1,Graduate,Yes,4097,1607,174.0,360,1.0,Urban,Y
Male,Yes,0,Graduate,No,1677,1128,94.0,360,0.0,Semiurban,N
Male,Yes,3+,Not Graduate,Yes,4515,5655,86.0,360,1.0,Semiurban,Y
Male,Yes,2,Graduate,No,7179,1092,182.0,360,1.0,Semiurban,Y
Female,Yes,2,Not Graduate,No,2228,3364,85.0,180,1.0,Rural,Y
Female,Yes,1,Graduate,Yes,5258,3023,141.0,360,0.0,Rural,N
Female,Yes,0,Not Graduate,No,3213,1664,99.0,360,1.0,Semiurban,Y
Male,Yes,2,Graduate,No,6070,5919,47.0,180,1.0,Urban,Y
Male,No,0,Graduate,No,4543,0,147.0,120,0.0,Semiurban,N
Male,No,1,Not Graduate,No,5075,0,127.0,360,0.0,Semiurban,N
Male,No,0,Graduate,Yes,4355,0,56.0,360,1.0,Rural,Y
Male,No,3+,Graduate,No,7690,0,91.0,360,1.0,Rural,Y
Male,Yes,0,Graduate,No,4946,2470,58.0,360,1.0,Semiurban,Y
Male,Yes,0,Graduate,No,3079,708,162.0,360,1.0,Semiurban,Y
Female,No,1,Graduate,No,4422,0,211.0,120,1.0,Urban,Y
Male,Yes,2,Graduate,,3583,2673,170.0,360,1.0,Urban,Y
Male,Yes,1,Graduate,No,4550,1073,180.0,120,1.0,Urban,Y
Male,Yes,0,Graduate,No,3502,1620,98.0,180,1.0,Urban,Y
Male,Yes,0,Graduate,No,3119,916,151.0,360,1.0,Semiurban,Y
Male,Yes,2,Graduate,No,4627,1803,121.0,360,1.0,Urban,Y
Male,Yes,3+,Graduate,No,4337,2186,130.0,360,1.0,Semiurban,Y
Female,Yes,2,Not Graduate,Yes,6827,1634,178.0,360,0.0,Semiurban,N
Male,No,0,Graduate,No,3509,0,194.0,360,1.0,Semiurban,Y
Female,Yes,3+,Graduate,No,1734,759,103.0,360,1.0,Semiurban,Y
Female,Yes,0,Not Graduate,No,3591,2446,69.0,180,1.0,Urban,Y
Male,Yes,0,Graduate,No,2034,629,112.0,360,1.0,Rural,Y
Female,No,0,Graduate,No,5100,0,111.0,360,1.0,Urban,Y
Male,Yes,0,Graduate,No,1991,678,136.0,60,1.0,Rural,Y
Male,Yes,2,Graduate,No,2711,2059,169.0,180,1.0,Urban,Y
Male,Yes,0,Graduate,No,3593,1990,56.0,180,1.0,Semiurban,Y
Male,Yes,0,Graduate,No,8474,2545,92.0,180,1.0,Urban,Y
Male,No,0,Graduate,No,2610,0,82.0,360,1.0,Urban,Y
Male,No,0,Graduate,No,4253,0,200.0,12,1.0,Semiurban,Y
Female,Yes,1,Graduate,No,5491,760,111.0,360,,Semiurban,Y
Male,Yes,0,Graduate,No,8248,1929,98.0,180,1.0,Urban,Y
Male,No,0,Graduate,No,6002,0,150.0,360,1.0,Semiurban,Y
Male,Yes,1,Graduate,No,6920,2146,95.0,60,1.0,Urban,Y
Male,Yes,1,Graduate,No,6241,1213,120.0,180,1.0,Semiurban,Y
Female,Yes,2,Graduate,No,2455,1904,251.0,360,1.0,Rural,Y
Male,No,0,Graduate,No,4973,0,248.0,60,1.0,Rural,Y
Female,Yes,2,Not Graduate,No,6197,986,103.0,60,1.0,Semiurban,Y
Male,Yes,3+,Not Graduate,No,2750,3365,112.0,360,1.0,Urban,Y
Male,No,2,Graduate,No,3258,0,94.0,360,1.0,Urban,Y
Male,Yes,1,Graduate,No,2947,897,56.0,180,1.0,Rural,Y
Female,Yes,0,Graduate,No,5989,1889,183.0,60,1.0,Urban,Y
Male,No,3+,Not Graduate,No,4100,0,320.0,360,1.0,Rural,N
Male,Yes,0,Graduate,No,3661,764,101.0,360,0.0,Urban,N
Male,Yes,0,Graduate,No,2376,855,87.0,180,0.0,Rural,N
Male,Yes,0,Graduate,No,4103,934,108.0,360,1.0,Urban,Y
Male,Yes,0,Graduate,No,3276,1929,125.0,360,1.0,Urban,Y
Male,Yes,3+,Graduate,No,4719,1518,77.0,360,0.0,Semiurban,N
Female,Yes,1,Graduate,No,2529,1123,101.0,360,1.0,Rural,Y
Male,Yes,1,Graduate,No,4582,1579,182.0,60,0.0,Rural,N
Male,No,1,Graduate,No,3471,0,127.0,360,0.0,Semiurban,N
Male,Yes,0,Graduate,No,2411,2475,201.0,360,0.0,Semiurban,N
Male,Yes,0,Graduate,Yes,2327,3645,140.0,360,1.0,Semiurban,Y
Male,Yes,1,Graduate,No,2490,1742,78.0,360,1.0,Semiurban,Y
Male,No,1,Not Graduate,No,3854,0,96.0,120,1.0,Rural,Y
Male,Yes,0,Graduate,Yes,4466,2462,134.0,360,1.0,Semiurban,Y
Female,Yes,2,Graduate,No,4776,1490,77.0,120,1.0,Semiurban,Y
Male,Yes,0,Graduate,No,4858,2112,73.0,60,1.0,Semiurban,Y
Male,Yes,0,Graduate,No,3006,944,75.0,360,1.0,Semiurban,Y
Male,Yes,0,Graduate,No,6810,1662,149.0,12,1.0,Rural,Y
Male,No,0,Graduate,No,3466,0,104.0,360,1.0,Urban,Y
Male,Yes,2,Graduate,No,5180,2884,194.0,180,1.0,Urban,Y
Male,Yes,2,Graduate,No,3928,1562,,360,1.0,Semiurban,Y
Male,Yes,0,Graduate,No,5009,10304,45.0,360,1.0,Urban,Y
Male,No,1,Graduate,No,3841,0,115.0,180,1.0,Semiurban,Y
Male,Yes,1,Graduate,No,5049,729,234.0,360,0.0,Rural,N
Male,Yes,0,Graduate,No,4216,4137,123.0,360,1.0,Semiurban,Y
Male,Yes,0,Graduate,No,6101,2876,70.0,360,0.0,Rural,N
Male,Yes,3+,Graduate,No,2926,2296,63.0,360,0.0,Urban,N
Male,Yes,1,Graduate,Yes,1907,1511,196.0,360,1.0,Rural,N
Male,Yes,3+,Graduate,No,2729,2530,87.0,360,1.0,Semiurban,Y
Male,Yes,0,Graduate,No,6843,5278,225.0,180,1.0,Urban,Y
Female,Yes,1,Not Graduate,No,3945,2255,157.0,360,0.0,Semiurban,N
Male,Yes,0,Not Graduate,Yes,4409,827,89.0,360,1.0,Rural,Y
Male,Yes,0,Graduate,No,2632,251,193.0,360,1.0,Urban,N
Male,Yes,0,Graduate,No,4356,2516,83.0,360,1.0,Semiurban,Y
Male,No,0,Graduate,No,2669,0,68.0,360,0.0,Rural,N
Male,No,0,Graduate,No,2852,0,85.0,180,0.0,Urban,N
Male,No,0,Graduate,No,3529,0,165.0,360,1.0,Semiurban,Y
Male,No,0,Graduate,No,5168,0,191.0,180,1.0,Semiurban,Y
Female,Yes,1,Not Graduate,No,5422,1262,103.0,360,1.0,Urban,Y
Female,No,0,Graduate,No,5489,0,57.0,360,1.0,Semiurban,Y
Male,Yes,0,Graduate,No,2070,3183,65.0,360,0.0,Urban,N
Female,Yes,0,Not Graduate,No,4217,2819,79.0,120,1.0,Semiurban,Y
Female,Yes,0,Graduate,No,3871,967,72.0,360,1.0,Urban,Y
Male,Yes,1,Not Graduate,No,2122,1050,135.0,36,0.0,Urban,N
Female,No,0,Graduate,Yes,4260,0,263.0,36,1.0,Semiurban,N
Male,Yes,2,Graduate,No,3779,3757,167.0,12,0.0,Urban,N
Female,Yes,0,Graduate,No,5325,3722,77.0,360,1.0,Urban,Y
Female,No,0,Graduate,No,4387,0,92.0,360,1.0,Rural,Y
Male,Yes,2,Graduate,No,3303,3617,99.0,360,1.0,Rural,Y
Male,Yes,1,Graduate,No,6416,688,141.0,360,0.0,Rural,N
Male,No,0,Graduate,No,1556,0,227.0,360,1.0,Semiurban,N
Male,Yes,2,Graduate,No,4109,2676,100.0,360,1.0,Rural,Y
Female,Yes,0,Graduate,No,1913,574,224.0,180,0.0,Rural,N
Female,Yes,2,Graduate,Yes,2805,7014,281.0,36,0.0,Semiurban,N
Male,Yes,1,Not Graduate,No,5357,4429,105.0,360,0.0,Urban,N
Male,No,1,Graduate,No,2384,0,104.0,360,1.0,Urban,Y
Male,Yes,3+,Graduate,No,2229,1119,105.0,60,1.0,Semiurban,Y
Male,Yes,0,Not Graduate,Yes,12355,1918,124.0,360,0.0,Rural,Y
Male,Yes,1,Not Graduate,No,2294,3210,105.0,60,1.0,Semiurban,Y
Male,Yes,0,Graduate,No,8890,1018,173.0,84,1.0,Semiurban,Y
Female,No,0,Graduate,Yes,3914,0,65.0,360,1.0,Urban,Y
Male,Yes,0,Graduate,Yes,3340,3450,98.0,180,1.0,Urban,Y
Male,Yes,0,Graduate,No,5459,815,138.0,180,1.0,Semiurban,Y
Male,Yes,1,Graduate,No,7719,2439,172.0,180,1.0,Rural,Y
Male,No,1,Graduate,No,2525,0,292.0,360,1.0,Urban,N
Female,No,1,Not Graduate,No,3362,0,72.0,180,1.0,Rural,Y
Female,Yes,0,Graduate,No,6192,1476,93.0,360,0.0,Urban,Y
Male,Yes,0,Not Graduate,No,4815,2719,49.0,180,1.0,Semiurban,Y
Male,Yes,3+,Graduate,No,6945,1312,77.0,360,1.0,Semiurban,Y
Male,No,0,Graduate,No,5333,0,59.0,360,0.0,Rural,N
Male,Yes,1,Graduate,No,9544,1323,98.0,120,1.0,Urban,Y
Male,No,2,Not Graduate,No,4584,0,110.0,360,1.0,Urban,Y
Male,Yes,2,Graduate,No,4674,4231,146.0,360,0.0,Urban,N
Male,No,0,Graduate,No,4889,0,107.0,360,1.0,Rural,Y
Male,Yes,2,Not Graduate,No,3967,3151,146.0,360,1.0,Urban,Y
Male,Yes,0,Graduate,No,6195,1996,127.0,360,0.0,Urban,N
Female,Yes,2,Graduate,Yes,4706,1414,80.0,360,1.0,Semiurban,Y
Male,Yes,0,Not Graduate,Yes,6031,962,61.0,360,,Semiurban,Y
Male,No,0,Not Graduate,No,6470,0,153.0,360,,Rural,N
Male,No,0,Graduate,No,5129,0,234.0,360,1.0,Rural,Y
Female,No,2,Graduate,,5301,0,335.0,360,0.0,Semiurban,N
Male,Yes,0,Graduate,No,2684,2870,176.0,360,1.0,Rural,Y
Male,Yes,0,Graduate,No,3302,1668,217.0,360,,Semiurban,Y
Male,No,0,Graduate,No,6182,0,146.0,84,1.0,Urban,Y
Male,Yes,3+,Graduate,No,8027,1899,137.0,360,1.0,Rural,Y
Male,Yes,2,Graduate,No,1766,2659,127.0,360,1.0,Semiurban,Y
Male,Yes,1,Graduate,No,3276,2942,116.0,84,1.0,Semiurban,Y
Male,Yes,1,Graduate,No,4275,869,154.0,360,0.0,Semiurban,N
Male,Yes,0,Graduate,No,2847,1687,98.0,360,0.0,Semiurban,N
Male,Yes,0,Graduate,No,2921,4173,114.0,360,1.0,Urban,Y
Male,Yes,3+,Graduate,No,5238,907,75.0,360,1.0,Semiurban,Y
Female,No,0,Graduate,No,8618,0,146.0,360,1.0,Rural,Y
Male,Yes,0,Graduate,No,1695,1803,82.0,120,0.0,Semiurban,N
Male,Yes,0,Graduate,No,3917,1422,123.0,360,1.0,Urban,Y
Male,Yes,0,Graduate,No,5210,5189,148.0,360,0.0,Rural,Y
Male,No,0,Not Graduate,No,6009,0,153.0,120,0.0,Urban,N
Male,Yes,0,Graduate,No,4883,4947,165.0,120,1.0,Urban,Y
Male,Yes,0,Graduate,Yes,9345,2004,111.0,360,1.0,Urban,Y
Male,Yes,0,Graduate,Yes,4285,2633,147.0,360,1.0,Urban,Y
Male,Yes,0,Graduate,No,7634,1413,100.0,180,0.0,Semiurban,Y
Male,Yes,0,Not Graduate,No,3162,1422,55.0,360,1.0,Semiurban,Y
Male,No,0,Graduate,Yes,4342,0,150.0,180,0.0,Rural,N
Male,No,2,Graduate,No,2451,0,136.0,360,0.0,Rural,N
Male,Yes,0,Graduate,Yes,6344,2860,,360,1.0,Rural,Y
Female,Yes,1,Graduate,No,4007,2504,120.0,360,1.0,Semiurban,Y
Male,No,1,Graduate,No,4969,0,63.0,60,1.0,Semiurban,Y
Male,Yes,1,Graduate,No,3673,1231,117.0,84,1.0,Rural,Y
Male,No,0,Graduate,No,5507,0,173.0,360,1.0,Semiurban,Y
Female,Yes,0,Graduate,No,5058,617,146.0,360,1.0,Rural,Y
Female,No,0,Graduate,No,2703,0,,360,0.0,Semiurban,N
Male,No,1,Graduate,No,2775,0,62.0,180,0.0,Semiurban,N
Male,No,0,Graduate,No,4177,0,80.0,360,1.0,Semiurban,Y
Female,No,2,Graduate,No,5691,0,147.0,360,1.0,Semiurban,Y
Male,Yes,2,Graduate,No,9782,1341,62.0,84,1.0,Semiurban,Y
Male,No,0,Graduate,No,4848,0,106.0,360,1.0,Urban,Y
Male,Yes,0,Graduate,Yes,6656,1460,123.0,360,1.0,Semiurban,Y
Male,Yes,1,Not Graduate,Yes,2047,2830,192.0,360,1.0,Rural,Y
Female,No,0,Graduate,No,10465,0,155.0,360,1.0,Rural,Y
Female,No,0,Graduate,No,5555,0,178.0,180,1.0,Urban,Y
Male,No,2,Graduate,No,4136,0,137.0,360,0.0,Urban,N
Male,Yes,0,Graduate,No,3928,2240,86.0,120,1.0,Semiurban,Y
Male,No,3+,Graduate,No,2570,0,95.0,360,0.0,Semiurban,N
Male,No,1,Not Graduate,No,2923,0,83.0,360,,Urban,Y
Female,Yes,2,Not Graduate,Yes,9993,1743,153.0,12,1.0,Urban,Y
Female,Yes,0,Graduate,No,2710,2193,92.0,180,0.0,Rural,N
Male,Yes,0,Graduate,No,2687,2106,103.0,180,0.0,Rural,N
Male,Yes,0,Graduate,Yes,3084,1856,122.0,360,1.0,Semiurban,Y
Male,No,0,Graduate,No,2467,0,234.0,360,1.0,Semiurban,N
Male,Yes,0,Graduate,No,4259,1052,158.0,36,1.0,Semiurban,Y
Female,No,0,Graduate,No,6905,0,89.0,360,0.0,Urban,Y
Male,No,0,Graduate,No,3214,0,129.0,12,0.0,Semiurban,N
Male,Yes,0,Graduate,No,2280,1864,235.0,360,1.0,Urban,Y
Male,No,2,Not Graduate,No,4823,0,155.0,360,1.0,Semiurban,Y
Male,Yes,0,Graduate,No,4125,718,64.0,360,1.0,Urban,Y
Male,No,0,Graduate,No,6642,0,84.0,360,1.0,Semiurban,Y
Male,Yes,1,Graduate,No,3447,2922,81.0,120,1.0,Semiurban,Y
Male,No,3+,Not Graduate,No,3762,0,216.0,36,0.0,Semiurban,N
Male,Yes,0,Graduate,Yes,3954,1449,200.0,360,1.0,Urban,Y
Male,Yes,0,Not Graduate,No,4403,778,94.0,360,1.0,Urban,Y
Male,No,1,Graduate,No,3545,0,93.0,360,1.0,Semiurban,Y
Male,Yes,3+,Graduate,No,3295,1163,123.0,180,1.0,Urban,Y
Male,Yes,2,Graduate,No,1839,2511,125.0,360,1.0,Urban,Y
Male,Yes,1,Not Graduate,No,3279,2211,82.0,360,0.0,Semiurban,N
Male,No,0,Graduate,No,5836,0,109.0,360,1.0,Semiurban,Y
Male,Yes,0,Graduate,No,6201,1934,67.0,180,1.0,Urban,Y
Female,Yes,0,Graduate,No,3422,2448,202.0,360,1.0,Semiurban,Y
Male,Yes,1,Not Graduate,No,7591,1429,60.0,120,1.0,Rural,Y
Male,Yes,1,Not Graduate,No,4175,1030,59.0,360,1.0,Rural,Y
Male,Yes,3+,Not Graduate,No,2316,3297,144.0,84,1.0,Urban,Y
Male,Yes,0,Not Graduate,No,2011,4213,74.0,360,0.0,Rural,N
Male,Yes,0,Graduate,No,7318,3051,99.0,360,1.0,Semiurban,Y
Male,Yes,0,Graduate,No,3576,2161,124.0,360,1.0,Rural,Y
Female,Yes,1,Graduate,No,2449,1113,159.0,180,1.0,Semiurban,Y
Male,No,2,Graduate,Yes,1530,0,111.0,360,1.0,Rural,N
Female,Yes,0,Not Graduate,No,3540,2829,247.0,36,1.0,Rural,Y
Male,Yes,0,Not Graduate,No,5075,6734,121.0,180,0.0,Semiurban,Y
Female,No,0,Graduate,No,3090,0,195.0,360,1.0,Rural,N
Male,Yes,0,Graduate,No,2633,3352,135.0,180,1.0,Urban,Y
Male,No,2,Not Graduate,No,3303,0,284.0,180,0.0,Urban,N
Male,Yes,0,Graduate,No,7401,1627,185.0,120,0.0,Semiurban,N
Male,Yes,2,Graduate,No,2260,4529,123.0,60,1.0,Rural,Y
Male,Yes,1,Graduate,Yes,3169,2543,156.0,180,1.0,Semiurban,Y
Male,No,2,Graduate,Yes,7294,0,109.0,360,1.0,Semiurban,Y
Male,No,0,Graduate,No,5283,0,109.0,120,0.0,Semiurban,N
Male,Yes,2,Graduate,No,4585,1130,72.0,180,1.0,Urban,Y
Male,Yes,0,Graduate,No,3159,1508,87.0,360,1.0,Semiurban,Y
Female,No,0,Not Graduate,No,4288,0,,360,1.0,Semiurban,N
Female,Yes,0,Graduate,No,3320,3617,75.0,60,1.0,Rural,Y
Female,Yes,0,Graduate,No,2873,2281,93.0,360,1.0,Urban,Y
Male,No,0,Not Graduate,No,2601,0,117.0,180,0.0,Semiurban,N
Male,No,0,Graduate,No,6020,0,118.0,360,1.0,Urban,Y
Female,Yes,3+,Graduate,No,4116,3084,141.0,120,1.0,Urban,Y
Male,No,0,Not Graduate,No,4873,0,100.0,360,1.0,Urban,Y
Female,No,2,Graduate,No,4528,0,145.0,120,0.0,Semiurban,N
Female,Yes,3+,Not Graduate,No,5158,1782,191.0,360,1.0,Urban,Y
Female,Yes,0,Graduate,No,3772,3541,,180,1.0,Urban,Y
Male,Yes,1,Graduate,No,3405,2518,109.0,360,1.0,Rural,Y
Male,No,0,Graduate,No,2931,0,155.0,180,,Rural,N
Female,No,0,Graduate,No,2238,0,76.0,360,1.0,Urban,Y
Male,Yes,0,Graduate,No,2553,2000,91.0,360,1.0,Semiurban,Y
Male,No,3+,Graduate,No,3588,0,75.0,360,1.0,Urban,Y
Male,Yes,0,Not Graduate,No,2056,1921,119.0,36,1.0,Rural,Y
Female,Yes,1,Not Graduate,Yes,2270,2218,86.0,120,1.0,Semiurban,Y
Male,Yes,0,Graduate,No,6761,795,66.0,360,1.0,Rural,Y
Male,Yes,2,Not Graduate,No,4679,1917,104.0,36,0.0,Urban,N
Male,No,0,Graduate,No,3451,0,60.0,120,1.0,Semiurban,Y
Male,Yes,1,Graduate,No,11757,1466,206.0,360,0.0,Semiurban,Y
Female,No,1,Not Graduate,No,2014,0,97.0,360,1.0,Urban,N
Male,Yes,1,Graduate,No,6561,3165,180.0,360,1.0,Urban,Y
Male,Yes,3+,Graduate,No,4023,1097,99.0,360,0.0,Semiurban,N
Female,No,2,Graduate,Yes,6022,0,75.0,120,1.0,Semiurban,Y
Male,Yes,0,Graduate,Yes,4442,4822,194.0,360,0.0,Urban,N
Male,Yes,0,Graduate,No,1821,1360,125.0,360,0.0,Semiurban,N
Male,Yes,0,Graduate,No,4415,789,258.0,180,0.0,Urban,N
Male,No,0,Graduate,No,4919,0,100.0,60,1.0,Urban,Y
Male,Yes,0,Graduate,No,1577,977,101.0,360,1.0,Semiurban,Y
Female,Yes,0,Graduate,No,10145,1222,181.0,360,1.0,Urban,Y
Female,Yes,0,Graduate,No,4866,3477,182.0,360,0.0,Semiurban,N
Female,Yes,3+,Graduate,No,5723,6161,129.0,120,1.0,Urban,Y
Female,No,0,Graduate,No,2503,0,461.0,60,1.0,Semiurban,N
Male,Yes,3+,Graduate,No,5772,1283,108.0,360,0.0,Semiurban,N
Male,Yes,0,Graduate,No,6906,1534,73.0,180,1.0,Rural,Y
Female,Yes,1,Graduate,No,4741,1438,81.0,360,1.0,Urban,Y
Male,Yes,2,Graduate,No,4212,6373,108.0,120,1.0,Semiurban,Y
Male,No,0,Graduate,No,2829,0,223.0,360,1.0,Urban,N
Female,Yes,0,Not Graduate,Yes,3838,1583,112.0,60,1.0,Semiurban,Y
Female,No,0,Not Graduate,No,3359,0,227.0,360,1.0,Semiurban,N
Male,Yes,0,Not Graduate,No,5471,2824,144.0,120,1.0,Urban,Y
Male,Yes,3+,Not Graduate,No,2885,3610,187.0,360,0.0,Semiurban,N
Male,No,2,Graduate,No,5453,0,141.0,360,0.0,Urban,N
Male,Yes,0,Graduate,No,2899,1453,141.0,360,0.0,Urban,N
Male,No,0,Graduate,No,3759,0,164.0,360,1.0,Urban,Y
Male,No,0,Graduate,No,5581,0,96.0,360,0.0,Semiurban,N
Male,Yes,0,Not Graduate,No,3081,4167,97.0,360,1.0,Rural,Y
Male,Yes,1,Graduate,No,5668,1394,139.0,360,0.0,Urban,Y
Male,No,0,Not Graduate,No,5425,0,264.0,360,0.0,Semiurban,N
Male,Yes,0,Graduate,No,3744,1648,65.0,360,0.0,Urban,N
Male,Yes,0,Not Graduate,No,7135,789,53.0,180,1.0,Urban,Y
Female,Yes,0,Graduate,No,4380,1333,109.0,120,1.0,Rural,Y
Male,Yes,1,Graduate,No,6946,3177,183.0,360,1.0,Semiurban,Y
Male,No,0,Graduate,No,9481,0,124.0,360,1.0,Urban,Y
Male,Yes,3+,Not Graduate,No,3794,2112,76.0,120,1.0,Urban,Y
Male,Yes,2,Not Graduate,No,5654,911,125.0,360,1.0,Rural,Y
Male,Yes,0,Graduate,No,3175,1832,60.0,360,0.0,Urban,N
Male,Yes,0,Graduate,No,2657,1425,156.0,360,0.0,Urban,N
Male,Yes,2,Graduate,Yes,3874,960,107.0,360,1.0,Semiurban,Y
Male,No,3+,Not Graduate,No,2291,0,117.0,360,1.0,Semiurban,N
Male,Yes,2,Graduate,No,2774,3320,144.0,120,1.0,Semiurban,Y
Male,No,0,Graduate,No,5520,0,131.0,360,0.0,Rural,N
Male,No,3+,Graduate,Yes,3357,0,97.0,36,1.0,Urban,Y
Male,Yes,0,Graduate,No,5823,2052,183.0,60,1.0,Semiurban,Y
Female,Yes,1,Graduate,No,4840,672,167.0,180,0.0,Urban,N
Male,Yes,3+,Graduate,No,9730,864,59.0,360,1.0,Semiurban,Y
Male,Yes,0,Not Graduate,No,5355,4323,110.0,360,1.0,Rural,Y
Female,No,3+,Not Graduate,No,6984,0,78.0,360,1.0,Semiurban,Y
Male,No,0,Graduate,No,5068,0,73.0,360,1.0,Semiurban,Y
Male,Yes,3+,Not Graduate,No,4866,891,150.0,60,1.0,Rural,Y
Male,Yes,0,Graduate,No,7144,2966,102.0,360,1.0,Urban,Y
Male,No,3+,Graduate,No,5715,0,114.0,180,1.0,Semiurban,Y
Female,No,0,Graduate,No,4649,0,92.0,360,1.0,Rural,Y
Female,Yes,1,Graduate,No,4640,6084,140.0,120,1.0,Semiurban,Y
Male,Yes,0,Not Graduate,Yes,5389,941,159.0,360,1.0,Urban,Y
Male,Yes,0,Graduate,No,3127,2855,289.0,180,1.0,Urban,Y
Male,No,0,Graduate,No,3068,0,113.0,36,1.0,Urban,Y
Male,Yes,1,Graduate,Yes,8033,14954,68.0,360,1.0,Urban,Y
Male,Yes,0,Graduate,No,9788,1047,99.0,360,1.0,Semiurban,Y
Male,Yes,1,Not Graduate,No,2784,1372,170.0,360,0.0,Urban,N
Male,Yes,0,Graduate,No,3130,3260,89.0,360,1.0,Urban,Y
Male,Yes,3+,Graduate,No,7073,1771,67.0,360,1.0,Semiurban,Y
Male,No,0,Not Graduate,No,5378,0,89.0,360,1.0,Semiurban,Y
Female,Yes,0,Graduate,No,5735,3549,98.0,360,1.0,Semiurban,Y
Male,Yes,0,Graduate,No,6332,1702,78.0,120,1.0,Semiurban,Y
Male,Yes,0,Graduate,Yes,3795,1170,132.0,360,1.0,Urban,Y
Male,Yes,0,Graduate,No,4907,3089,117.0,84,1.0,Urban,Y
Male,Yes,0,Not Graduate,No,4738,2502,166.0,360,1.0,Urban,Y
Male,Yes,2,Graduate,No,2874,1656,101.0,180,1.0,Semiurban,Y
Male,Yes,1,Graduate,No,4874,1609,151.0,360,1.0,Urban,Y
Male,Yes,1,Not Graduate,No,7383,1154,99.0,360,1.0,Semiurban,Y
Male,Yes,0,Graduate,No,3639,3087,77.0,360,1.0,Urban,Y
Male,Yes,1,Graduate,No,4530,1609,97.0,360,0.0,Rural,N
Male,No,0,Graduate,No,4642,0,63.0,36,1.0,Semiurban,Y
Male,No,2,Not Graduate,No,3721,0,248.0,84,0.0,Semiurban,N
Female,Yes,0,Graduate,No,5736,2528,128.0,360,0.0,Rural,N
Male,Yes,0,Graduate,Yes,3114,1472,88.0,36,1.0,Semiurban,Y
Male,No,0,Graduate,No,7705,0,104.0,360,,Semiurban,Y
Male,Yes,2,Graduate,No,5607,970,45.0,360,0.0,Rural,N
Male,No,0,Graduate,No,2775,0,215.0,120,1.0,Semiurban,N
Male,No,1,Graduate,No,9082,0,207.0,360,1.0,Rural,Y
Male,Yes,0,Graduate,No,4562,1726,126.0,360,1.0,Semiurban,Y
Male,Yes,1,Graduate,Yes,3055,1588,138.0,360,,Rural,Y
Male,No,3+,Graduate,No,6953,0,73.0,360,1.0,Urban,Y
Male,Yes,0,Not Graduate,,5284,1182,75.0,360,0.0,Urban,N
Male,Yes,0,Graduate,No,1905,4065,61.0,360,1.0,Semiurban,Y
Male,Yes,3+,Graduate,Yes,3339,3720,113.0,60,0.0,Urban,N
Male,Yes,0,Graduate,No,4796,2826,185.0,360,1.0,Urban,Y
Male,No,0,Graduate,No,1600,0,104.0,360,1.0,Urban,N
Male,No,1,Graduate,No,4395,0,139.0,120,1.0,Semiurban,Y
Female,No,1,Graduate,No,4541,0,179.0,360,1.0,Rural,Y
Male,Yes,0,Graduate,No,2483,2038,63.0,360,0.0,Semiurban,N
Male,Yes,2,Not Graduate,No,4778,1020,,36,1.0,Rural,Y
Male,Yes,0,Graduate,No,4244,1030,193.0,60,1.0,Semiurban,Y
Male,Yes,0,Graduate,No,2474,2491,,360,0.0,Urban,N
Male,Yes,2,Graduate,No,6398,3526,175.0,60,1.0,Urban,Y
Male,No,0,Not Graduate,No,6167,0,179.0,60,1.0,Semiurban,Y
Female,No,0,Graduate,No,3713,0,136.0,180,1.0,Urban,Y
Male,Yes,1,Graduate,,3868,2268,215.0,360,1.0,Urban,Y
Male,Yes,2,Not Graduate,No,5865,1253,101.0,360,1.0,Semiurban,Y
Male,Yes,2,Graduate,No,3864,1041,146.0,360,1.0,Semiurban,Y
Male,Yes,3+,Graduate,No,1774,3680,206.0,360,1.0,Semiurban,Y
Male,No,2,Graduate,No,5266,0,41.0,84,1.0,Rural,Y
Female,Yes,0,Not Graduate,,2933,2997,144.0,180,1.0,Semiurban,Y
Male,No,0,Graduate,No,3549,0,162.0,360,1.0,Semiurban,Y
Female,Yes,2,Not Graduate,No,8152,2314,61.0,360,1.0,Rural,Y
Female,Yes,0,Graduate,No,3982,1469,136.0,360,1.0,Urban,Y
Male,No,1,Graduate,Yes,4233,0,88.0,180,1.0,Semiurban,Y
Male,Yes,1,Graduate,No,5320,1924,142.0,360,0.0,Rural,Y
Male,Yes,0,Graduate,Yes,5310,3847,116.0,360,0.0,Semiurban,Y
Male,Yes,3+,Graduate,No,2797,7783,83.0,180,1.0,Rural,Y
Male,Yes,0,Graduate,No,4116,2310,189.0,360,1.0,Semiurban,Y
Male,No,0,Graduate,No,4299,0,102.0,360,1.0,Semiurban,Y
Male,Yes,3+,Graduate,No,4781,1259,135.0,360,1.0,Urban,Y
Male,No,0,Graduate,No,4818,0,205.0,60,1.0,Rural,Y
Female,Yes,0,Not Graduate,No,13552,1098,84.0,360,1.0,Rural,Y
Male,Yes,0,Graduate,No,2492,2902,121.0,360,1.0,Rural,Y
Female,No,2,Not Graduate,No,6575,0,99.0,180,1.0,Semiurban,Y
Male,Yes,2,Graduate,No,7204,2230,108.0,360,1.0,Urban,Y
Male,Yes,2,Not Graduate,No,5280,779,287.0,360,0.0,Urban,N
Male,Yes,1,Graduate,No,3156,1612,145.0,180,1.0,Rural,Y
Male,Yes,0,Graduate,No,8947,833,137.0,180,1.0,Semiurban,Y
Female,Yes,2,Not Graduate,No,1577,1403,149.0,360,1.0,Urban,N
Male,Yes,2,Not Graduate,No,3110,3464,144.0,360,1.0,Semiurban,Y
Female,Yes,0,Graduate,No,7167,4182,58.0,180,1.0,Semiurban,Y
Male,Yes,0,Graduate,No,3581,2271,304.0,180,1.0,Semiurban,Y
Male,No,3+,Graduate,No,8676,0,67.0,360,1.0,Semiurban,Y
Male,Yes,2,Graduate,No,2142,5181,242.0,180,1.0,Semiurban,Y
Female,No,2,Not Graduate,Yes,2564,0,155.0,60,1.0,Rural,N
Female,Yes,2,Graduate,No,3330,1010,130.0,360,1.0,Urban,Y
Male,Yes,0,Not Graduate,Yes,5104,3034,107.0,360,1.0,Urban,Y
Male,No,1,Graduate,No,3827,0,344.0,180,0.0,Semiurban,N
Male,Yes,0,Not Graduate,No,3392,1442,154.0,360,1.0,Rural,Y
Male,No,0,Not Graduate,Yes,8015,0,122.0,120,1.0,Urban,Y
Female,Yes,2,Graduate,No,8358,2605,98.0,84,0.0,Semiurban,Y
Female,Yes,0,Graduate,Yes,3510,2257,93.0,120,1.0,Semiurban,Y
Male,Yes,1,Not Graduate,No,1959,2631,123.0,360,1.0,Semiurban,Y
Male,Yes,0,Graduate,No,1602,1475,83.0,120,1.0,Rural,Y
Male,No,0,Graduate,No,4711,0,159.0,360,0.0,Rural,N
Male,Yes,0,Graduate,No,5682,2019,93.0,360,1.0,Semiurban,Y
Female,No,0,Graduate,No,4351,0,181.0,360,1.0,Semiurban,Y
Male,No,0,Not Graduate,No,4097,0,180.0,60,1.0,Urban,N
Female,Yes,0,Graduate,No,2945,1884,118.0,360,1.0,Semiurban,Y
Male,Yes,3+,Not Graduate,No,5680,839,153.0,84,1.0,Semiurban,Y
Female,No,0,Graduate,No,9001,0,156.0,360,1.0,Urban,Y
Male,No,0,Graduate,No,1559,0,67.0,120,0.0,Urban,N
Male,Yes,1,Graduate,No,4085,888,242.0,360,0.0,Rural,N
Female,Yes,1,Graduate,No,2733,1377,109.0,360,0.0,Semiurban,N
Male,Yes,0,Graduate,No,2163,8356,160.0,12,1.0,Semiurban,Y
Male,No,2,Graduate,No,2544,0,162.0,360,1.0,Urban,N
Female,Yes,2,Graduate,No,5018,1587,44.0,360,1.0,Semiurban,Y
Female,No,0,Not Graduate,No,5075,0,93.0,84,1.0,Rural,Y
Male,Yes,0,Graduate,No,8161,1862,170.0,120,1.0,Semiurban,Y
Male,Yes,3+,Graduate,No,4246,1225,124.0,360,0.0,Semiurban,N
Male,Yes,2,Graduate,No,1917,1726,160.0,360,0.0,Urban,N
Male,Yes,1,Graduate,No,3800,1298,126.0,180,1.0,Semiurban,Y
Male,Yes,0,Graduate,No,2266,3763,198.0,360,0.0,Rural,N
Male,Yes,0,Graduate,No,2457,2098,127.0,360,1.0,Semiurban,Y
Male,Yes,1,Graduate,No,5493,1094,214.0,360,1.0,Rural,Y
Female,Yes,0,Graduate,No,4616,3309,82.0,360,1.0,Rural,Y
Female,Yes,0,Graduate,No,5510,1124,115.0,360,0.0,Rural,N
Male,No,1,Graduate,No,3601,0,95.0,360,1.0,Rural,Y
Male,Yes,0,Graduate,No,6037,1994,141.0,360,1.0,Urban,Y
Male,Yes,2,Not Graduate,No,3512,6275,108.0,360,1.0,Rural,Y
Male,Yes,2,Graduate,No,6991,667,110.0,360,0.0,Urban,Y
Male,No,0,Graduate,No,4939,0,91.0,360,0.0,Urban,N
Female,Yes,2,Graduate,Yes,3853,3138,101.0,120,1.0,Urban,Y
Male,No,0,Not Graduate,Yes,4653,0,121.0,84,1.0,Urban,Y
Male,No,2,Graduate,Yes,4196,0,54.0,360,1.0,Semiurban,Y
Male,Yes,0,Graduate,No,8675,1208,48.0,360,1.0,Semiurban,Y
Male,Yes,0,Not Graduate,No,4724,2175,124.0,180,1.0,Urban,Y
Male,No,1,Graduate,No,4227,0,40.0,60,1.0,Semiurban,Y
Male,Yes,0,Graduate,No,3799,975,112.0,360,1.0,Semiurban,Y
Male,Yes,3+,Graduate,No,6182,3693,,360,1.0,Semiurban,Y
Male,No,0,Graduate,No,5817,0,150.0,360,0.0,Urban,N
Male,Yes,0,Not Graduate,No,3739,817,92.0,180,,Urban,Y
Female,No,0,Graduate,No,2514,0,227.0,36,1.0,Urban,N
Male,Yes,0,Graduate,No,2818,2087,170.0,120,1.0,Urban,Y
Male,No,0,Graduate,Yes,3893,0,66.0,360,1.0,Semiurban,Y
Male,Yes,1,Not Graduate,No,7762,2445,108.0,180,1.0,Semiurban,Y
Female,Yes,2,Graduate,No,3779,1619,223.0,360,0.0,Urban,N
Male,Yes,2,Graduate,No,3237,2084,91.0,180,1.0,Urban,Y
Male,No,3+,Graduate,No,1915,0,118.0,360,1.0,Urban,N
Female,Yes,0,Graduate,No,8358,3126,213.0,360,1.0,Rural,Y
Female,Yes,1,Graduate,No,5464,799,97.0,360,0.0,Urban,N
Female,Yes,0,Graduate,Yes,6052,4335,190.0,180,1.0,Rural,Y
Male,Yes,1,Graduate,No,6520,999,84.0,120,1.0,Semiurban,Y
Male,Yes,0,Graduate,No,3927,3155,38.0,360,1.0,Urban,Y
Male,Yes,3+,Graduate,No,4394,2095,198.0,360,1.0,Rural,Y
Male,Yes,1,Graduate,No,8265,926,144.0,360,0.0,Semiurban,Y
Male,Yes,3+,Graduate,No,4586,2743,148.0,360,1.0,Semiurban,Y
Male,Yes,2,Not Graduate,No,5510,1133,78.0,360,,Semiurban,Y
Female,Yes,3+,Graduate,No,6258,3794,81.0,360,1.0,Semiurban,Y
Male,No,2,Graduate,No,5649,0,192.0,360,1.0,Urban,Y
Male,Yes,0,Graduate,No,3993,814,133.0,180,0.0,Urban,N
Male,Yes,0,Not Graduate,No,4166,5015,115.0,180,1.0,Rural,Y
Male,Yes,0,Graduate,No,6002,2227,132.0,360,1.0,Rural,Y
Male,No,0,Graduate,No,5998,0,222.0,360,1.0,Urban,Y
Male,No,0,Graduate,No,7155,0,162.0,360,1.0,Rural,Y
Male,No,0,Graduate,No,5420,0,100.0,360,0.0,Semiurban,N
Male,Yes,0,Not Graduate,Yes,5532,5459,69.0,84,1.0,Urban,Y
Male,Yes,3+,Graduate,No,3460,1990,153.0,180,1.0,Semiurban,Y
Male,Yes,3+,Graduate,Yes,3256,2683,83.0,360,1.0,Semiurban,Y
Female,Yes,0,Not Graduate,No,6010,2962,75.0,84,1.0,Semiurban,Y
Male,Yes,0,Graduate,Yes,3266,1633,205.0,180,0.0,Rural,N
Male,No,0,Not Graduate,No,4190,0,172.0,360,1.0,Urban,Y
Female,No,0,Graduate,No,7868,0,141.0,180,1.0,Semiurban,Y
Male,No,2,Graduate,No,7326,0,74.0,360,0.0,Rural,N
Female,Yes,0,Not Graduate,Yes,4845,3516,248.0,360,1.0,Rural,Y
Male,No,1,Graduate,No,3702,0,183.0,360,1.0,Urban,Y
Female,Yes,2,Graduate,Yes,4001,3921,107.0,60,1.0,Semiurban,Y
Male,Yes,2,Graduate,No,6250,801,98.0,360,,Rural,Y
Female,No,0,Graduate,Yes,4161,0,125.0,360,1.0,Urban,Y
Male,Yes,1,Graduate,No,3290,2525,100.0,60,1.0,Semiurban,Y
Female,Yes,0,Graduate,No,7310,1886,294.0,360,1.0,Rural,Y
Male,Yes,0,Graduate,No,4590,1882,104.0,120,1.0,Urban,Y
Male,No,0,Graduate,No,3262,0,79.0,360,1.0,Rural,Y
Female,No,0,Not Graduate,No,5247,0,229.0,360,1.0,Urban,Y
Male,Yes,0,Graduate,No,6548,1765,96.0,360,1.0,Urban,Y
Male,No,0,Graduate,No,2687,0,166.0,120,1.0,Urban,Y
Male,Yes,1,Graduate,Yes,3865,4365,159.0,360,1.0,Urban,Y
Male,Yes,2,Graduate,No,3785,1184,118.0,360,0.0,Urban,N
Male,No,0,Graduate,No,5185,0,82.0,360,1.0,Semiurban,Y
Male,No,0,Graduate,No,5621,0,119.0,360,1.0,Urban,Y
Female,No,2,Not Graduate,No,3300,0,76.0,360,1.0,Rural,Y
Male,Yes,0,Not Graduate,No,2160,1094,120.0,360,1.0,Semiurban,Y
Male,No,3+,Graduate,No,6729,0,165.0,360,0.0,Semiurban,N
Female,Yes,1,Graduate,No,2555,3319,241.0,360,1.0,Semiurban,Y
Female,No,0,Graduate,No,4779,0,78.0,180,1.0,Semiurban,Y
Male,Yes,0,Graduate,No,3986,6459,109.0,360,1.0,Semiurban,Y
Male,No,0,Graduate,Yes,4550,0,98.0,360,0.0,Urban,N
Male,Yes,0,Graduate,Yes,8893,2776,,360,1.0,Rural,Y
Male,Yes,0,Graduate,No,16601,954,66.0,360,1.0,Semiurban,Y
Male,Yes,1,Graduate,No,2028,2542,83.0,84,0.0,Urban,N
Male,Yes,0,Not Graduate,No,6586,2366,61.0,60,1.0,Semiurban,Y
Male,Yes,0,Graduate,No,3942,2718,68.0,360,0.0,Semiurban,N
Male,No,1,Graduate,Yes,6778,0,93.0,180,1.0,Urban,Y
Female,Yes,0,Graduate,No,6507,1797,237.0,180,1.0,Rural,Y
Female,Yes,0,Not Graduate,No,7977,6827,139.0,84,1.0,Semiurban,Y
Male,Yes,0,Not Graduate,No,4808,2550,124.0,60,1.0,Semiurban,Y
Male,Yes,0,Graduate,No,2834,1678,208.0,360,1.0,Semiurban,Y
Male,Yes,2,Graduate,Yes,6421,8430,141.0,12,1.0,Rural,Y
Female,Yes,0,Not Graduate,No,4460,3287,147.0,36,1.0,Urban,Y
Male,Yes,2,Graduate,No,3807,1521,100.0,360,1.0,Semiurban,Y
Male,Yes,0,Not Graduate,No,3414,2101,94.0,360,1.0,Urban,Y
Female,Yes,0,Graduate,No,6653,2925,71.0,180,1.0,Semiurban,Y
Female,Yes,0,Graduate,No,8703,1825,95.0,360,1.0,Urban,Y
Female,Yes,1,Graduate,No,2470,2165,108.0,180,1.0,Urban,Y
Male,Yes,0,Graduate,No,5596,1223,139.0,360,1.0,Rural,Y
Male,Yes,0,Graduate,No,3577,726,119.0,360,1.0,Semiurban,Y
Male,No,1,Graduate,No,2185,0,105.0,84,,Urban,N
Female,No,0,Not Graduate,No,4520,0,84.0,36,1.0,Semiurban,Y
Female,No,0,Graduate,No,2907,0,142.0,360,1.0,Semiurban,Y
Male,Yes,1,Graduate,No,2079,1414,99.0,120,0.0,Urban,N
Male,No,0,Graduate,No,2975,0,139.0,360,1.0,Urban,Y
Male,No,1,Graduate,No,2663,0,56.0,360,1.0,Rural,Y
Female,No,0,Graduate,No,3162,0,139.0,360,1.0,Semiurban,Y
Female,Yes,2,Graduate,No,2329,1339,163.0,360,0.0,Semiurban,N
Male,Yes,1,Graduate,No,3541,1532,155.0,360,0.0,Rural,N
Male,No,0,Graduate,No,3068,0,,84,1.0,Semiurban,Y
Male,Yes,1,Not Graduate,No,5009,1378,175.0,180,1.0,Urban,Y
Female,Yes,2,Graduate,Yes,5525,1318,73.0,360,1.0,Urban,Y
Female,Yes,0,Not Graduate,No,4755,1184,117.0,180,1.0,Semiurban,Y
Female,Yes,0,Graduate,No,3804,4630,112.0,36,1.0,Rural,Y
Male,Yes,2,Graduate,Yes,3758,3005,183.0,360,1.0,Urban,Y
Male,Yes,1,Not Graduate,No,2902,4224,54.0,360,1.0,Urban,Y
Male,Yes,0,Graduate,No,2934,4767,79.0,84,1.0,Rural,Y
Male,Yes,2,Graduate,No,5805,487,244.0,180,0.0,Urban,N
Female,Yes,0,Graduate,No,1916,2455,45.0,60,1.0,Semiurban,Y
Female,Yes,2,Graduate,No,4079,1405,168.0,360,0.0,Urban,N
Female,Yes,2,Graduate,No,3657,3905,91.0,84,1.0,Semiurban,Y
Female,No,3+,Not Graduate,No,5539,0,134.0,120,1.0,Semiurban,Y
Male,No,0,Graduate,No,2227,0,213.0,120,0.0,Urban,N
Male,Yes,1,Graduate,No,4254,845,136.0,360,1.0,Semiurban,Y
Female,Yes,0,Not Graduate,No,4936,1666,215.0,360,0.0,Semiurban,N
Female,Yes,0,Graduate,Yes,1795,3459,99.0,360,1.0,Semiurban,Y
Male,No,0,Graduate,No,2608,0,105.0,360,0.0,Semiurban,N
Male,Yes,1,Graduate,Yes,4059,971,166.0,360,1.0,Semiurban,Y
Male,Yes,0,Graduate,No,5331,7270,101.0,120,1.0,Semiurban,Y
Female,Yes,0,Graduate,No,4592,2950,154.0,360,0.0,Semiurban,Y
Male,Yes,1,Graduate,Yes,5443,3185,195.0,360,1.0,Semiurban,Y
Male,No,2,Graduate,No,2602,0,171.0,360,1.0,Semiurban,N
Male,No,2,Graduate,Yes,2069,0,64.0,360,1.0,Semiurban,Y
Male,Yes,3+,Graduate,No,4394,1156,106.0,360,0.0,Urban,N
Male,Yes,0,Graduate,No,2432,3274,136.0,360,1.0,Urban,Y
Male,Yes,3+,Graduate,No,2865,1228,110.0,120,1.0,Urban,Y
Male,Yes,2,Graduate,Yes,6435,1694,125.0,84,0.0,Rural,N
Male,Yes,0,Graduate,No,4605,1907,136.0,360,0.0,Semiurban,N
Male,Yes,0,Not Graduate,No,3275,928,98.0,84,1.0,Semiurban,Y
Male,Yes,0,Graduate,No,3089,1609,112.0,360,0.0,Urban,N
Female,Yes,0,Graduate,No,5593,3458,75.0,36,1.0,Urban,Y
Male,No,1,Graduate,Yes,4653,0,100.0,60,1.0,Rural,Y
Male,Yes,1,Graduate,No,2449,3896,65.0,360,1.0,Rural,Y
Female,No,2,Graduate,No,1760,0,127.0,360,1.0,Urban,N
Male,No,0,Not Graduate,No,9865,0,112.0,360,0.0,Rural,N
Male,Yes,0,Not Graduate,No,2440,2430,84.0,360,1.0,Semiurban,Y
Male,No,2,Not Graduate,No,5363,0,248.0,180,1.0,Urban,Y
Male,Yes,0,Not Graduate,,8348,1371,110.0,360,1.0,Semiurban,Y
Male,Yes,3+,Not Graduate,Yes,4520,1077,136.0,360,1.0,Semiurban,Y
Male,Yes,0,Graduate,Yes,3228,1321,94.0,360,1.0,Rural,Y
Male,No,3+,Graduate,Yes,2226,0,102.0,360,1.0,Urban,N
Male,Yes,0,Not Graduate,No,2212,1348,138.0,360,1.0,Urban,Y
Male,Yes,0,Graduate,No,5011,2561,106.0,360,0.0,Urban,N
Male,No,0,Graduate,No,8126,0,121.0,180,1.0,Urban,Y
Male,Yes,1,Graduate,No,3540,2405,167.0,360,1.0,Semiurban,Y
Male,No,2,Graduate,No,3294,0,98.0,180,1.0,Urban,Y
Male,No,0,Graduate,No,5789,0,71.0,180,1.0,Semiurban,Y
Female,No,3+,Graduate,No,3106,0,65.0,360,1.0,Urban,Y
Male,No,1,Graduate,No,4786,0,216.0,360,1.0,Semiurban,Y
Male,No,1,Not Graduate,No,4310,0,176.0,360,0.0,Semiurban,N
Female,Yes,2,Graduate,No,3518,3935,157.0,60,0.0,Semiurban,Y
Male,No,0,Not Graduate,Yes,4200,0,102.0,360,1.0,Urban,Y
Male,Yes,0,Graduate,No,9352,2824,71.0,360,,Urban,Y
Female,Yes,3+,Graduate,No,5552,2126,108.0,120,1.0,Urban,Y
Female,Yes,3+,Graduate,No,6916,2118,117.0,120,1.0,Urban,Y
Male,No,3+,Graduate,No,2797,0,77.0,60,0.0,Urban,N
Female,No,3+,Graduate,No,6926,0,67.0,360,1.0,Urban,Y
Male,No,0,Not Graduate,No,5639,0,,360,,Semiurban,N
Male,Yes,2,Graduate,No,2154,1120,158.0,120,1.0,Rural,Y
Male,Yes,0,Not Graduate,No,5393,5265,,360,1.0,Urban,Y
Female,Yes,3+,Graduate,No,3357,1824,137.0,360,1.0,Rural,Y
Male,No,0,Graduate,No,2109,0,103.0,180,1.0,Urban,Y
Male,No,1,Graduate,No,4484,0,153.0,180,1.0,Semiurban,Y
Male,Yes,0,Graduate,No,5391,2321,138.0,180,0.0,Semiurban,N
Male,Yes,0,Graduate,No,4528,1617,110.0,360,1.0,Rural,Y
Male,Yes,0,Graduate,No,4027,1241,128.0,12,1.0,Urban,Y
Male,Yes,2,Graduate,No,3645,3783,116.0,360,1.0,Urban,Y
Male,No,2,Graduate,No,12835,0,94.0,360,1.0,Urban,Y
Male,Yes,0,Graduate,No,2484,1331,179.0,180,1.0,Semiurban,Y
Male,Yes,2,Graduate,No,6265,2840,102.0,60,1.0,Rural,Y
Male,Yes,1,Graduate,No,4259,3124,117.0,360,0.0,Rural,N
Male,Yes,0,Graduate,No,2879,866,68.0,360,1.0,Semiurban,Y
Male,No,0,Graduate,No,4139,0,135.0,360,1.0,Semiurban,Y
Female,Yes,2,Graduate,Yes,2260,2158,95.0,360,1.0,Rural,Y
Male,Yes,1,Graduate,No,3235,1152,100.0,180,1.0,Semiurban,Y
Male,Yes,0,Graduate,No,4141,1244,86.0,360,1.0,Urban,Y
Male,No,1,Not Graduate,No,2104,0,115.0,60,0.0,Rural,N
Male,No,0,Graduate,No,5312,0,54.0,360,1.0,Urban,Y
Male,No,0,Graduate,No,2741,0,159.0,360,1.0,Urban,Y
Male,Yes,0,Graduate,No,2201,921,119.0,360,1.0,Urban,Y
Male,Yes,0,Not Graduate,No,2601,3227,100.0,360,1.0,Semiurban,Y
Male,Yes,1,Graduate,No,11261,1415,65.0,360,,Semiurban,Y
Male,No,3+,Not Graduate,No,1736,0,144.0,360,1.0,Urban,N
Male,Yes,0,Graduate,No,5147,1483,94.0,360,0.0,Semiurban,Y
Male,Yes,0,Graduate,No,3016,1606,204.0,84,1.0,Rural,Y
Male,No,1,Not Graduate,Yes,3613,0,147.0,360,1.0,Rural,N
Male,No,2,Graduate,No,5551,0,224.0,360,0.0,Semiurban,N
Male,Yes,2,Graduate,No,5429,4626,128.0,360,0.0,Rural,Y
Male,Yes,2,Graduate,No,3114,3425,187.0,360,1.0,Semiurban,Y
Male,Yes,0,Graduate,No,2296,2134,146.0,180,1.0,Urban,Y
Female,No,2,Graduate,No,5596,0,101.0,180,1.0,Urban,Y
Male,No,0,Graduate,No,5423,0,130.0,360,1.0,Semiurban,Y
Male,Yes,0,Graduate,No,3721,956,87.0,360,0.0,Urban,N
Female,Yes,0,Not Graduate,No,5160,2656,277.0,360,1.0,Urban,Y
Female,No,0,Graduate,Yes,3461,0,116.0,360,1.0,Semiurban,Y
Male,No,3+,Graduate,No,2915,0,122.0,360,1.0,Urban,Y
Male,Yes,2,Graduate,No,4237,645,142.0,360,1.0,Urban,Y
Female,Yes,0,Not Graduate,No,5343,1056,78.0,180,1.0,Semiurban,Y
Male,Yes,0,Graduate,No,4861,2565,206.0,360,0.0,Semiurban,N
Male,Yes,0,Graduate,No,5319,8568,80.0,60,0.0,Rural,Y
Male,No,0,Not Graduate,No,3004,0,73.0,360,1.0,Semiurban,Y
Male,No,1,Not Graduate,No,8620,0,113.0,12,1.0,Semiurban,Y
Male,No,3+,Graduate,No,3626,0,72.0,360,0.0,Semiurban,N
Male,Yes,3+,Graduate,No,4009,2439,226.0,360,0.0,Urban,N
Male,No,1,Graduate,Yes,2336,0,110.0,360,1.0,Urban,N
Male,Yes,2,Graduate,No,3876,3537,33.0,360,1.0,Rural,Y
Male,Yes,0,Not Graduate,No,5374,1912,131.0,360,1.0,Semiurban,Y
Male,Yes,0,Not Graduate,No,5961,3027,151.0,360,1.0,Rural,Y
Male,Yes,0,Graduate,No,8543,2035,102.0,360,1.0,Semiurban,Y
Male,No,1,Graduate,No,5346,0,70.0,360,1.0,Urban,Y
Female,Yes,2,Graduate,No,4791,1895,116.0,360,1.0,Semiurban,Y
Male,Yes,0,Not Graduate,No,3460,2286,100.0,360,1.0,Semiurban,Y
Male,Yes,0,Graduate,No,3140,3641,82.0,180,1.0,Semiurban,Y
Male,Yes,0,Graduate,Yes,6546,934,79.0,360,1.0,Semiurban,Y
Male,Yes,3+,Graduate,No,6489,815,129.0,60,1.0,Rural,Y
Male,Yes,0,Graduate,No,2605,2579,174.0,360,1.0,Rural,Y
Male,No,2,Graduate,No,5857,0,146.0,180,1.0,Rural,Y
Male,Yes,2,Not Graduate,No,5668,5517,60.0,360,1.0,Urban,Y
Male,Yes,0,Graduate,Yes,2562,958,155.0,360,1.0,Urban,Y
Male,Yes,1,Graduate,No,5394,1569,165.0,360,1.0,Urban,Y
Male,No,2,Graduate,No,2637,0,212.0,60,1.0,Urban,N
Male,Yes,0,Not Graduate,Yes,1500,1436,83.0,60,1.0,Semiurban,Y
Male,Yes,3+,Graduate,Yes,3936,3919,118.0,180,1.0,Semiurban,Y
Male,Yes,0,Graduate,No,4750,1982,152.0,120,0.0,Semiurban,N
Female,Yes,0,Not Graduate,No,4016,1596,98.0,180,1.0,Rural,Y
Male,Yes,2,Not Graduate,Yes,15370,2771,151.0,360,0.0,Rural,Y
Male,No,2,Not Graduate,No,5016,0,120.0,180,1.0,Urban,Y
Female,Yes,3+,Graduate,Yes,4519,5196,86.0,360,1.0,Rural,Y
Male,Yes,1,Graduate,No,5132,2006,89.0,180,1.0,Semiurban,Y
Male,No,3+,Graduate,No,3468,0,200.0,360,1.0,Semiurban,Y
Male,No,2,Graduate,No,6427,0,81.0,360,1.0,Rural,Y
Male,Yes,2,Graduate,No,4976,3510,76.0,360,1.0,Urban,Y
Male,Yes,1,Graduate,No,4874,5206,139.0,360,1.0,Rural,Y
Male,Yes,0,Graduate,,3194,1761,120.0,180,0.0,Semiurban,N
Male,Yes,3+,Graduate,No,2092,3833,71.0,360,1.0,Rural,Y
Male,No,0,Graduate,Yes,3375,0,98.0,36,0.0,Rural,N
Male,No,0,Not Graduate,No,4803,0,87.0,360,1.0,Semiurban,Y
Male,No,0,Graduate,No,3462,0,94.0,180,1.0,Urban,Y
Male,Yes,1,Graduate,No,4823,1034,333.0,84,1.0,Urban,Y
Male,Yes,0,Graduate,No,3810,1280,107.0,360,1.0,Urban,Y
Female,Yes,0,Graduate,No,5134,3902,85.0,120,1.0,Urban,Y
Male,No,2,Graduate,No,2725,0,272.0,360,1.0,Rural,N
Male,Yes,0,Graduate,No,4613,948,173.0,360,1.0,Urban,Y
Male,Yes,1,Graduate,No,3170,700,162.0,360,1.0,Rural,Y
Male,No,0,Not Graduate,No,2117,0,87.0,120,1.0,Semiurban,Y
Male,No,0,Graduate,No,3927,0,195.0,360,0.0,Urban,N
Male,No,0,Graduate,No,8445,0,168.0,360,0.0,Semiurban,Y
Male,Yes,1,Graduate,No,2194,4038,128.0,360,1.0,Semiurban,Y
Male,No,0,Graduate,No,4463,0,61.0,360,1.0,Semiurban,Y
Male,No,3+,Graduate,Yes,6056,0,120.0,180,1.0,Semiurban,Y
Female,Yes,0,Graduate,No,11908,729,242.0,360,1.0,Urban,Y
Male,Yes,0,Graduate,No,3388,1621,132.0,360,1.0,Semiurban,Y
Male,Yes,0,Not Graduate,No,3183,3201,104.0,360,1.0,Semiurban,Y
Male,No,0,Not Graduate,No,2502,0,110.0,360,1.0,Rural,N
Female,Yes,2,Not Graduate,No,7067,1633,114.0,84,0.0,Rural,N
Male,Yes,2,Graduate,No,2863,3644,88.0,360,0.0,Urban,Y
Male,Yes,1,Graduate,Yes,3580,3252,119.0,60,1.0,Urban,Y
Female,No,0,Not Graduate,No,1840,0,216.0,360,1.0,Semiurban,N
Female,Yes,0,Graduate,Yes,6296,2413,206.0,360,0.0,Rural,N
Female,Yes,0,Not Graduate,No,7123,3047,89.0,180,1.0,Semiurban,Y
Male,Yes,3+,Graduate,No,6189,1385,202.0,180,1.0,Urban,Y
Male,No,0,Graduate,No,2054,0,164.0,12,0.0,Urban,N
Male,Yes,2,Graduate,No,5559,1210,156.0,360,1.0,Urban,Y
Female,Yes,0,Graduate,No,1992,2178,144.0,360,1.0,Urban,Y
Male,No,0,Not Graduate,No,4342,0,83.0,84,0.0,Semiurban,N
Male,Yes,0,Not Graduate,No,4639,2126,103.0,360,0.0,Semiurban,N
Male,No,0,Graduate,No,4863,0,169.0,360,1.0,Urban,Y
Male,Yes,2,Graduate,No,5380,1674,74.0,360,1.0,Urban,Y
Male,Yes,0,Not Graduate,No,4214,771,80.0,360,1.0,Urban,Y
Male,Yes,1,Graduate,No,1749,3228,137.0,360,1.0,Rural,Y
Male,Yes,0,Graduate,No,5381,2474,88.0,12,1.0,Semiurban,Y
Male,No,3+,Graduate,No,4420,0,168.0,360,0.0,Rural,N
Male,Yes,0,Graduate,No,2818,1621,89.0,180,0.0,Semiurban,N
Male,No,2,Graduate,No,2087,0,,360,1.0,Urban,N
Male,Yes,2,Graduate,No,8459,2045,138.0,360,0.0,Urban,Y
Male,Yes,3+,Not Graduate,No,7361,2138,100.0,360,0.0,Semiurban,N
Male,Yes,0,Graduate,No,5812,7104,110.0,360,1.0,Semiurban,Y
Male,No,1,Graduate,No,3120,0,92.0,360,0.0,Semiurban,N
Male,Yes,0,Graduate,No,1500,4173,120.0,180,0.0,Semiurban,N
Male,Yes,0,Graduate,No,5967,2664,82.0,180,1.0,Semiurban,Y
Male,Yes,0,Graduate,No,4989,1417,111.0,360,1.0,Urban,Y
Male,Yes,0,Graduate,No,3573,907,163.0,360,1.0,Rural,Y
Male,Yes,3+,Graduate,No,7017,1075,77.0,360,1.0,Semiurban,Y
Male,No,0,Graduate,No,6195,0,100.0,360,1.0,Semiurban,Y
Female,Yes,1,Graduate,No,4579,5656,149.0,84,1.0,Semiurban,Y
Male,No,1,Graduate,No,4297,0,52.0,360,0.0,Semiurban,N
Female,Yes,0,Graduate,No,4328,2178,255.0,360,1.0,Urban,Y
Male,No,1,Graduate,No,5744,0,184.0,60,0.0,Semiurban,N
Male,No,0,Graduate,No,2875,0,65.0,360,0.0,Urban,N
Male,Yes,1,Graduate,No,5124,3865,52.0,360,1.0,Urban,Y
Male,No,0,Not Graduate,No,2795,0,122.0,360,1.0,Urban,Y
Male,Yes,3+,Graduate,No,7719,2167,77.0,360,1.0,Urban,Y
Male,No,2,Not Graduate,No,5374,0,178.0,12,1.0,Urban,Y
Male,No,3+,Graduate,Yes,3103,0,142.0,360,1.0,Urban,N
Female,Yes,0,Not Graduate,No,4386,300,127.0,360,1.0,Rural,Y
Female,Yes,0,Graduate,Yes,2880,4190,96.0,360,,Urban,Y
Female,Yes,0,Graduate,No,8323,1829,230.0,360,1.0,Semiurban,Y
Male,Yes,0,Graduate,No,8780,1571,164.0,360,0.0,Urban,Y
Male,Yes,0,Graduate,No,5786,619,154.0,12,1.0,Rural,Y
Female,Yes,1,Graduate,No,8522,1360,196.0,360,1.0,Urban,Y
Male,Yes,0,Graduate,No,4529,1257,80.0,180,1.0,Urban,Y
Male,No,0,Graduate,No,5964,0,203.0,360,1.0,Urban,Y
Male,Yes,2,Graduate,No,7340,2439,109.0,360,0.0,Rural,Y
Male,Yes,1,Not Graduate,Yes,4219,2150,138.0,360,1.0,Semiurban,Y
Female,Yes,0,Graduate,No,4367,882,114.0,84,1.0,Urban,Y
Male,Yes,0,Graduate,No,6439,917,57.0,360,1.0,Urban,Y
Female,Yes,0,Graduate,No,5658,916,178.0,360,1.0,Urban,Y
Male,Yes,0,Graduate,No,3011,5921,58.0,360,1.0,Urban,Y
Male,No,1,Graduate,No,1581,0,82.0,360,1.0,Rural,N
Male,No,0,Graduate,No,3908,0,,360,0.0,Semiurban,N
Female,Yes,2,Not Graduate,No,1646,610,55.0,120,1.0,Semiurban,Y
Male,No,2,Not Graduate,No,2708,0,78.0,360,1.0,Urban,Y
Male,Yes,1,Graduate,No,2854,2055,134.0,360,0.0,Semiurban,N
Male,No,0,Graduate,No,3275,0,105.0,360,1.0,Urban,Y
Female,No,0,Graduate,No,6119,0,109.0,360,1.0,Urban,Y
Male,Yes,2,Graduate,No,6747,2620,84.0,360,1.0,Semiurban,Y
Female,Yes,0,Graduate,Yes,5318,1022,123.0,180,,Urban,Y
Male,Yes,0,Graduate,No,5623,2383,106.0,360,1.0,Semiurban,Y
Male,Yes,0,Graduate,No,5683,3335,63.0,120,0.0,Rural,Y
Male,No,0,Graduate,No,1500,0,112.0,360,1.0,Urban,N
Male,Yes,2,Graduate,No,4249,2392,73.0,84,0.0,Rural,N
Male,No,0,Not Graduate,No,1884,0,174.0,84,1.0,Urban,N
Male,No,0,Graduate,No,5319,0,,360,1.0,Urban,Y
Male,Yes,0,Graduate,No,1649,901,333.0,360,1.0,Semiurban,N
Female,No,1,Graduate,No,3900,0,178.0,180,1.0,Semiurban,Y
Male,No,2,Graduate,No,5412,0,115.0,360,0.0,Urban,N
Male,No,2,Graduate,No,2558,0,153.0,360,1.0,Rural,N
Female,No,0,Graduate,No,6520,0,52.0,360,1.0,Rural,Y
Male,No,0,Graduate,No,5313,0,178.0,180,,Urban,Y
Male,Yes,0,Graduate,No,5020,751,87.0,360,1.0,Rural,Y
Female,No,1,Not Graduate,No,5791,0,125.0,360,1.0,Semiurban,Y
Male,Yes,1,Graduate,No,3598,3424,90.0,36,1.0,Rural,Y
Male,No,1,Graduate,No,4529,0,94.0,360,1.0,Urban,Y
Male,No,0,Not Graduate,No,4249,0,113.0,180,0.0,Rural,N
Female,Yes,1,Not Graduate,No,4206,3117,125.0,180,0.0,Urban,N
Male,Yes,0,Graduate,No,3126,3740,120.0,360,1.0,Rural,Y
Male,Yes,2,Graduate,No,2418,1325,121.0,120,0.0,Semiurban,N
Female,Yes,0,Graduate,No,3635,863,63.0,360,0.0,Urban,N
Female,Yes,1,Graduate,No,3546,1981,308.0,120,1.0,Urban,Y
Male,No,0,Graduate,No,3036,0,133.0,360,1.0,Rural,Y
Male,No,0,Graduate,Yes,6206,0,144.0,360,1.0,Semiurban,Y
Male,No,1,Graduate,No,2496,0,106.0,360,1.0,Urban,Y
Male,Yes,0,Graduate,No,3915,1327,85.0,180,1.0,Semiurban,Y
Male,No,2,Graduate,No,7149,0,129.0,360,0.0,Rural,N
Male,No,1,Graduate,No,6368,0,136.0,180,1.0,Urban,Y
Male,Yes,1,Graduate,No,7312,3084,204.0,360,1.0,Urban,Y
Female,Yes,0,Graduate,No,3242,1564,278.0,120,1.0,Rural,N
Male,Yes,0,Graduate,No,6020,3190,219.0,360,1.0,Semiurban,Y
Female,No,1,Graduate,Yes,2621,0,59.0,360,0.0,Urban,N
Male,Yes,0,Graduate,No,3736,2933,101.0,360,1.0,Urban,Y
Female,No,1,Graduate,Yes,3897,0,138.0,360,1.0,Rural,Y
Male,Yes,0,Graduate,No,3264,2432,103.0,180,1.0,Urban,Y
Male,No,0,Not Graduate,Yes,3594,0,119.0,360,0.0,Semiurban,N
Female,Yes,0,Not Graduate,No,3387,1026,51.0,60,0.0,Rural,N
Male,Yes,0,Graduate,No,2718,3931,175.0,180,0.0,Urban,N
Male,Yes,0,Not Graduate,No,6219,2475,57.0,84,1.0,Rural,Y
Male,Yes,2,Graduate,No,3896,5442,64.0,360,0.0,Semiurban,Y
Male,No,2,Graduate,No,4631,0,80.0,360,1.0,Semiurban,Y
Male,Yes,0,Not Graduate,No,4553,3450,116.0,360,1.0,Urban,Y
Male,No,3+,Graduate,No,4335,0,63.0,360,1.0,Semiurban,Y
Male,Yes,0,Graduate,Yes,4410,1616,79.0,360,1.0,Urban,Y
Male,Yes,3+,Graduate,No,3686,1262,192.0,180,1.0,Urban,Y
Male,Yes,1,Graduate,No,8008,3428,116.0,180,1.0,Rural,Y
Male,Yes,1,Graduate,No,5957,2887,144.0,360,1.0,Urban,Y
Female,No,0,Graduate,Yes,4265,0,74.0,120,0.0,Rural,N
Male,Yes,0,Graduate,No,3459,2206,118.0,360,1.0,Urban,Y
Male,No,0,Graduate,No,4009,0,115.0,360,0.0,Semiurban,N
Male,No,1,Graduate,No,5104,0,88.0,360,1.0,Rural,Y
Female,Yes,0,Not Graduate,No,8307,3884,119.0,360,1.0,Urban,Y
Male,Yes,2,Not Graduate,Yes,2280,1679,57.0,180,1.0,Rural,Y
Male,No,0,Graduate,No,5692,0,144.0,120,1.0,Semiurban,Y
Male,No,2,Graduate,No,7023,0,103.0,360,0.0,Urban,Y
Male,No,0,Not Graduate,No,2166,0,109.0,180,1.0,Semiurban,N
Male,Yes,0,Graduate,No,3899,2408,170.0,360,1.0,Urban,Y
Female,No,0,Graduate,No,2620,0,144.0,84,1.0,Urban,Y
Female,Yes,0,Graduate,No,5134,619,106.0,360,1.0,Semiurban,Y
Male,No,0,Not Graduate,No,3600,0,77.0,120,1.0,Urban,Y
Male,No,2,Graduate,No,3989,0,206.0,360,0.0,Urban,N
Female,Yes,0,Graduate,No,3515,967,71.0,360,1.0,Rural,Y
Male,Yes,0,Graduate,No,5849,1913,156.0,360,1.0,Rural,Y
Male,Yes,2,Graduate,No,4689,3044,64.0,360,1.0,Semiurban,Y
Male,Yes,0,Graduate,Yes,4693,2393,175.0,360,1.0,Semiurban,Y
Male,No,3+,Graduate,No,4547,0,182.0,360,0.0,Semiurban,N
Male,Yes,3+,Graduate,No,5473,1831,56.0,120,1.0,Semiurban,Y
Male,Yes,0,Graduate,No,3759,3490,145.0,360,1.0,Semiurban,Y
Female,Yes,0,Graduate,No,9093,3010,140.0,60,,Rural,Y
Female,No,0,Not Graduate,No,2426,0,160.0,360,1.0,Urban,N
Male,Yes,2,Not Graduate,No,1945,1379,140.0,36,1.0,Semiurban,N
Male,Yes,1,Graduate,No,1874,713,,12,1.0,Rural,Y
Female,Yes,1,Graduate,No,1659,1544,111.0,360,0.0,Semiurban,N
Female,No,2,Graduate,No,5726,0,236.0,12,1.0,Rural,Y
Male,No,0,Graduate,Yes,5421,0,78.0,84,0.0,Urban,N
Female,Yes,2,Graduate,No,7284,1196,138.0,360,1.0,Urban,Y
Female,Yes,1,Graduate,Yes,2629,3886,192.0,36,1.0,Rural,Y
Male,Yes,1,Graduate,No,5916,5948,81.0,360,1.0,Semiurban,Y
Male,Yes,2,Graduate,No,4339,2274,68.0,360,0.0,Semiurban,Y
Male,Yes,1,Not Graduate,No,4559,1881,73.0,360,1.0,Urban,Y
Male,No,0,Graduate,No,5605,0,142.0,360,1.0,Semiurban,Y
Male,Yes,0,Graduate,No,3009,1476,72.0,360,0.0,Semiurban,N
Female,No,0,Graduate,No,13551,0,115.0,36,1.0,Urban,Y
Male,Yes,0,Not Graduate,Yes,7702,2466,210.0,12,,Semiurban,Y
Male,No,3+,Not Graduate,No,3330,0,119.0,120,1.0,Semiurban,N
Male,No,0,Graduate,No,2589,0,89.0,360,1.0,Urban,Y
Male,Yes,1,Graduate,No,4066,3034,127.0,60,1.0,Semiurban,Y
Female,Yes,0,Graduate,No,4591,1828,118.0,360,1.0,Semiurban,Y
Male,Yes,0,Graduate,No,6833,2275,145.0,36,1.0,Urban,Y
Male,Yes,3+,Graduate,No,2500,1260,232.0,360,1.0,Semiurban,N
Male,Yes,2,Graduate,No,4810,1427,142.0,84,1.0,Urban,Y
Male,Yes,0,Graduate,No,2125,1765,274.0,180,0.0,Urban,N
Male,No,0,Graduate,No,5147,0,145.0,36,1.0,Semiurban,Y
Male,Yes,0,Graduate,No,4030,945,89.0,84,0.0,Semiurban,N
Male,No,0,Graduate,No,10112,0,303.0,60,1.0,Rural,Y
Male,Yes,0,Graduate,No,2109,1581,115.0,180,1.0,Urban,Y
Male,No,0,Not Graduate,No,7838,0,79.0,84,1.0,Semiurban,Y
Male,Yes,3+,Graduate,No,1965,1586,307.0,120,1.0,Urban,N
Female,No,1,Not Graduate,No,2327,0,90.0,360,1.0,Semiurban,Y
Male,Yes,2,Graduate,No,1988,1268,89.0,180,0.0,Semiurban,N
Male,Yes,1,Not Graduate,No,4734,1033,97.0,360,1.0,Semiurban,Y
Male,Yes,0,Not Graduate,No,2494,1689,129.0,84,0.0,Urban,N
Male,Yes,2,Graduate,Yes,2305,508,176.0,360,1.0,Rural,N
Male,Yes,0,Not Graduate,No,4634,2240,42.0,12,0.0,Semiurban,N
Male,Yes,2,Graduate,No,5183,3448,176.0,360,1.0,Rural,Y
Female,Yes,0,Graduate,No,4306,1862,97.0,360,1.0,Urban,Y
Male,No,0,Graduate,No,3932,0,103.0,60,0.0,Semiurban,N
Male,Yes,2,Graduate,No,9633,1469,241.0,360,0.0,Rural,Y
Male,Yes,1,Graduate,No,4517,786,132.0,360,0.0,Semiurban,N
Female,No,2,Graduate,No,6078,0,145.0,120,1.0,Urban,Y
Male,Yes,3+,Graduate,No,4511,3005,119.0,360,1.0,Rural,Y
Male,Yes,0,Graduate,No,2581,902,164.0,360,1.0,Urban,Y
Male,Yes,0,Graduate,No,5417,1511,232.0,180,1.0,Urban,Y
Male,No,0,Graduate,No,3149,0,45.0,36,1.0,Semiurban,Y
Male,No,1,Graduate,Yes,4060,0,187.0,360,1.0,Semiurban,Y
Female,No,2,Not Graduate,No,4853,0,225.0,360,1.0,Rural,Y
Male,Yes,0,Graduate,No,1765,636,148.0,360,1.0,Semiurban,Y
Male,No,1,Graduate,No,2050,0,,360,,Semiurban,Y
Male,Yes,1,Not Graduate,No,6369,3097,76.0,360,1.0,Semiurban,Y
Male,Yes,0,Graduate,No,3137,8875,312.0,360,1.0,Semiurban,Y
Male,Yes,2,Graduate,No,3205,1688,84.0,360,1.0,Rural,Y
Male,Yes,1,Graduate,No,4559,1628,222.0,60,1.0,Rural,Y
Male,Yes,3+,Graduate,No,3556,2587,,360,1.0,Semiurban,Y
Male,Yes,0,Not Graduate,No,5104,1237,275.0,360,1.0,Urban,Y
Male,Yes,0,Graduate,No,4133,434,106.0,180,1.0,Rural,Y
Male,Yes,0,Graduate,No,4625,3723,63.0,360,1.0,Urban,Y
Male,No,0,Graduate,No,3084,0,121.0,180,1.0,Urban,Y
Male,Yes,3+,Graduate,Yes,4615,3752,67.0,360,1.0,Urban,Y
Male,No,0,Not Graduate,No,6955,0,354.0,360,1.0,Urban,Y
Male,Yes,2,Not Graduate,No,3276,2149,156.0,360,0.0,Rural,N
Female,No,0,Not Graduate,No,6386,0,165.0,360,,Semiurban,Y
Female,Yes,0,Graduate,No,4133,3797,165.0,84,1.0,Rural,Y
Male,Yes,0,Graduate,No,5887,2297,92.0,36,1.0,Urban,Y
Male,Yes,1,Graduate,No,4482,2230,115.0,360,1.0,Semiurban,Y
Male,Yes,1,Graduate,Yes,4167,2898,126.0,360,1.0,Rural,Y
Male,No,0,Graduate,No,4951,0,264.0,360,1.0,Rural,Y
Male,Yes,3+,Graduate,Yes,7303,920,76.0,180,0.0,Semiurban,N
Male,Yes,0,Not Graduate,No,4704,931,90.0,360,1.0,Urban,Y
Male,No,0,Graduate,No,5246,0,105.0,360,1.0,Rural,Y
Male,No,0,Graduate,No,3583,0,92.0,360,0.0,Urban,N
Male,Yes,0,Graduate,,8577,1575,67.0,360,1.0,Semiurban,Y
Male,Yes,3+,Graduate,No,5642,3268,41.0,360,1.0,Semiurban,Y
Male,Yes,0,Graduate,No,4380,2545,58.0,180,1.0,Semiurban,Y
Male,Yes,0,Graduate,No,4003,1095,188.0,60,0.0,Semiurban,N
Male,Yes,0,Graduate,No,6568,1859,121.0,120,0.0,Semiurban,N
Male,No,1,Graduate,No,3220,0,169.0,360,1.0,Urban,N
Female,Yes,0,Graduate,No,1896,1386,96.0,360,1.0,Semiurban,Y
Male,Yes,1,Graduate,,4370,3460,116.0,360,1.0,Semiurban,Y
Male,Yes,0,Graduate,No,7226,9013,231.0,360,0.0,Urban,Y
Male,No,0,Graduate,No,8656,0,226.0,360,1.0,Urban,Y
Male,No,2,Graduate,No,4030,0,177.0,360,0.0,Urban,N
Male,Yes,0,Not Graduate,No,4313,4254,131.0,360,0.0,Semiurban,N
Male,No,2,Graduate,No,5344,0,149.0,360,1.0,Rural,Y
Female,Yes,0,Graduate,No,3755,866,140.0,360,0.0,Urban,N
Female,Yes,2,Not Graduate,No,5336,4166,113.0,360,1.0,Semiurban,Y
Male,Yes,0,Graduate,No,4070,3171,103.0,360,1.0,Semiurban,Y
Male,Yes,1,Graduate,No,6668,4076,190.0,360,1.0,Urban,Y
Male,Yes,0,Graduate,No,5856,3255,72.0,360,1.0,Rural,Y
Male,No,0,Graduate,No,6091,0,220.0,360,1.0,Semiurban,Y
Female,Yes,0,Not Graduate,Yes,3856,6766,108.0,360,1.0,Rural,Y
Male,No,0,Graduate,No,10063,0,71.0,360,1.0,Urban,Y
Male,Yes,0,Graduate,No,5259,1539,97.0,36,1.0,Urban,Y
Male,Yes,0,Graduate,,4728,2706,85.0,360,0.0,Urban,Y
Male,Yes,1,Graduate,No,3003,3581,96.0,360,1.0,Urban,Y
Male,Yes,2,Graduate,No,4049,2115,95.0,180,1.0,Rural,Y
Male,Yes,1,Graduate,No,4453,2529,94.0,360,1.0,Urban,Y
Male,Yes,1,Graduate,No,2967,2106,107.0,360,1.0,Semiurban,Y
Female,Yes,0,Graduate,No,3708,1344,118.0,360,1.0,Urban,Y
Female,Yes,0,Not Graduate,No,3926,1220,164.0,12,1.0,Rural,Y
Male,No,0,Graduate,No,4337,0,110.0,36,1.0,Rural,Y
Male,Yes,2,Graduate,No,1913,4968,138.0,180,1.0,Semiurban,Y
Male,Yes,0,Graduate,Yes,3980,1747,121.0,180,0.0,Urban,N
Male,Yes,0,Not Graduate,No,3569,255,150.0,360,1.0,Semiurban,Y
Male,No,1,Graduate,No,4190,0,123.0,36,1.0,Urban,Y
Male,No,0,Not Graduate,No,6740,0,93.0,360,0.0,Urban,N
Male,Yes,2,Graduate,Yes,10652,652,,360,1.0,Semiurban,Y
Male,Yes,2,Not Graduate,No,5740,1212,132.0,360,1.0,Rural,Y
Male,Yes,0,Graduate,No,2427,1181,202.0,360,0.0,Rural,N
Male,No,0,Graduate,No,3621,0,110.0,360,1.0,Semiurban,Y
Female,No,0,Graduate,No,5531,0,91.0,360,0.0,Semiurban,N
Male,Yes,1,Not Graduate,No,5257,1827,109.0,180,,Rural,N
Male,Yes,0,Graduate,No,6596,1546,97.0,360,1.0,Semiurban,Y
Female,Yes,1,Not Graduate,No,4048,3918,93.0,60,1.0,Semiurban,Y
Male,No,1,Not Graduate,No,3591,0,68.0,360,0.0,Rural,N
Female,Yes,0,Graduate,No,9307,703,110.0,180,0.0,Urban,Y
Female,Yes,0,Graduate,No,4343,1380,133.0,360,1.0,Urban,Y
Male,Yes,2,Graduate,No,2677,2424,78.0,60,1.0,Semiurban,Y
Male,No,0,Not Graduate,No,8215,0,85.0,360,1.0,Urban,Y
Male,No,2,Graduate,No,2157,0,83.0,360,0.0,Urban,N
Male,No,0,Not Graduate,Yes,1500,0,69.0,180,1.0,Semiurban,N
Male,Yes,1,Graduate,Yes,5980,1271,82.0,120,1.0,Semiurban,Y
Male,No,2,Graduate,No,6372,0,112.0,360,1.0,Rural,Y
Male,Yes,2,Graduate,No,5096,3486,71.0,360,1.0,Urban,Y
Female,Yes,0,Graduate,No,2354,1354,115.0,360,0.0,Urban,N
Female,Yes,0,Not Graduate,No,4119,2509,91.0,360,0.0,Urban,N
Male,No,2,Graduate,No,3732,0,83.0,60,1.0,Semiurban,Y
Male,Yes,0,Graduate,Yes,3321,2084,,360,1.0,Semiurban,Y
Male,No,0,Graduate,Yes,7985,0,94.0,180,1.0,Semiurban,Y
Male,No,3+,Graduate,No,2641,0,100.0,120,1.0,Urban,N
Female,Yes,0,Graduate,No,4876,1239,204.0,360,1.0,Semiurban,Y
Male,Yes,0,Graduate,Yes,7239,3697,84.0,360,1.0,Semiurban,Y
Male,Yes,0,Not Graduate,No,5022,1488,227.0,360,1.0,Urban,Y
Male,Yes,1,Graduate,No,7394,1833,105.0,180,1.0,Semiurban,Y
Male,Yes,1,Graduate,,5451,1887,77.0,360,1.0,Semiurban,Y
Male,Yes,0,Graduate,No,5131,5257,97.0,360,1.0,Rural,Y
Female,No,0,Graduate,No,4989,0,124.0,360,1.0,Rural,Y
Male,No,0,Graduate,No,5575,0,200.0,360,1.0,Semiurban,Y
Male,Yes,1,Graduate,No,3556,775,167.0,360,1.0,Rural,Y
Male,Yes,0,Graduate,No,2354,1347,124.0,360,0.0,Semiurban,N
Female,Yes,3+,Graduate,No,6498,4077,201.0,360,0.0,Rural,N
Female,No,0,Graduate,No,7135,0,57.0,180,1.0,Urban,Y
Male,No,3+,Graduate,No,4738,0,134.0,360,,Semiurban,Y
Male,Yes,0,Not Graduate,No,3305,1054,137.0,180,1.0,Semiurban,Y
Male,Yes,2,Graduate,No,2098,1119,138.0,360,1.0,Semiurban,Y
Male,No,0,Graduate,No,4396,0,63.0,60,1.0,Urban,Y
Female,Yes,0,Graduate,No,2305,3076,80.0,360,1.0,Urban,Y
Male,Yes,2,Graduate,No,2164,3604,113.0,360,1.0,Urban,Y
Male,Yes,2,Not Graduate,No,4190,3197,189.0,84,0.0,Urban,N
Male,Yes,0,Graduate,No,2999,1837,261.0,84,1.0,Urban,Y
Male,Yes,1,Graduate,No,4941,1319,93.0,360,1.0,Semiurban,Y
Male,No,1,Graduate,No,3937,0,71.0,360,1.0,Rural,Y
Male,No,2,Graduate,No,3219,0,168.0,84,1.0,Semiurban,Y
Male,Yes,0,Graduate,No,1964,5800,345.0,360,1.0,Rural,Y
Male,No,0,Not Graduate,No,2881,0,189.0,84,1.0,Rural,N
Male,Yes,0,Graduate,No,2929,1433,90.0,36,1.0,Semiurban,Y
Male,No,0,Graduate,No,2437,0,381.0,360,1.0,Urban,N
Male,Yes,2,Graduate,No,3647,3766,159.0,84,1.0,Urban,Y
Male,No,0,Graduate,No,2524,0,88.0,360,1.0,Rural,Y
Male,No,0,Graduate,No,3929,0,263.0,120,0.0,Urban,N
Male,Yes,1,Graduate,No,4713,2526,85.0,360,0.0,Semiurban,N
Male,No,1,Graduate,No,2916,0,94.0,360,1.0,Urban,Y
Male,No,0,Graduate,No,5122,0,162.0,180,1.0,Rural,Y
Male,No,0,Not Graduate,No,2292,0,120.0,360,1.0,Semiurban,N
Female,Yes,3+,Graduate,No,2564,2579,123.0,60,1.0,Rural,Y
Male,No,0,Not Graduate,No,4020,0,123.0,360,1.0,Urban,Y
Male,No,1,Graduate,No,5762,0,189.0,360,1.0,Urban,Y
Male,Yes,2,Graduate,No,6249,687,47.0,360,0.0,Semiurban,Y
Male,No,0,Not Graduate,No,8739,0,136.0,84,1.0,Rural,Y
Male,Yes,3+,Graduate,Yes,3570,2399,,360,0.0,Semiurban,N
Male,Yes,2,Not Graduate,No,3994,2564,89.0,84,1.0,Rural,Y
Male,Yes,0,Graduate,No,2657,1803,89.0,360,1.0,Rural,Y
Male,Yes,1,Graduate,No,2406,2200,42.0,360,0.0,Rural,N
Male,Yes,1,Graduate,No,4688,1297,88.0,84,1.0,Semiurban,Y
Male,Yes,1,Not Graduate,No,2983,688,203.0,360,1.0,Semiurban,N
Male,No,2,Not Graduate,No,7365,0,169.0,360,1.0,Urban,Y
Male,Yes,0,Graduate,No,2190,1011,112.0,60,1.0,Rural,Y
Male,Yes,0,Graduate,No,5265,1814,69.0,360,0.0,Rural,N
Male,Yes,0,Graduate,Yes,2690,1274,168.0,180,1.0,Semiurban,Y
Male,Yes,0,Not Graduate,No,2924,5178,205.0,84,1.0,Urban,Y
Male,No,0,Graduate,No,5391,0,183.0,360,1.0,Urban,Y
Male,No,2,Graduate,No,3120,0,82.0,84,1.0,Rural,Y
Female,No,1,Graduate,No,3353,0,85.0,180,1.0,Urban,Y
Female,Yes,1,Graduate,No,2935,7287,235.0,180,1.0,Rural,Y
Male,Yes,1,Graduate,Yes,9445,2548,74.0,360,1.0,Urban,Y
Male,Yes,2,Not Graduate,No,3203,1593,147.0,60,1.0,Semiurban,Y
Male,Yes,0,Graduate,Yes,4329,3034,59.0,120,1.0,Rural,Y
Male,Yes,2,Not Graduate,No,3862,777,107.0,360,0.0,Urban,N
Male,No,0,Graduate,No,4673,0,153.0,360,0.0,Urban,N
Female,Yes,3+,Graduate,No,3207,6610,120.0,360,1.0,Rural,Y
Male,No,1,Graduate,No,3864,0,149.0,180,1.0,Semiurban,Y
Female,Yes,0,Graduate,No,5050,2131,74.0,12,1.0,Semiurban,Y
Male,Yes,1,Not Graduate,No,2868,2023,87.0,360,0.0,Semiurban,N
Male,Yes,0,Graduate,No,6906,1576,147.0,36,0.0,Urban,N
Male,Yes,0,Graduate,No,7211,2413,160.0,360,1.0,Urban,Y
Female,No,1,Graduate,No,5557,0,132.0,360,1.0,Semiurban,Y
Male,Yes,0,Graduate,Yes,4365,1637,177.0,360,1.0,Urban,Y
Female,Yes,0,Not Graduate,,1500,448,62.0,360,1.0,Semiurban,Y
Male,No,3+,Graduate,No,5120,0,100.0,360,1.0,Rural,Y
Male,Yes,1,Graduate,No,3547,7185,251.0,84,1.0,Urban,Y
Female,Yes,2,Graduate,Yes,3786,1594,203.0,360,1.0,Semiurban,Y
Male,Yes,1,Graduate,Yes,1801,826,156.0,360,1.0,Urban,N
Male,Yes,0,Graduate,No,5282,3000,114.0,180,1.0,Urban,Y
Male,No,0,Graduate,No,2204,0,183.0,120,1.0,Semiurban,N
Female,No,1,Graduate,No,4461,0,144.0,36,0.0,Rural,N
Female,No,3+,Graduate,No,6355,0,66.0,360,1.0,Urban,Y
Male,Yes,0,Not Graduate,Yes,3424,3216,180.0,60,1.0,Semiurban,Y
Male,Yes,2,Graduate,No,7311,3053,85.0,360,1.0,Semiurban,Y
Female,No,3+,Graduate,No,3022,0,164.0,360,1.0,Urban,N
Male,Yes,1,Not Graduate,No,5542,2371,63.0,36,1.0,Semiurban,Y
Male,Yes,3+,Not Graduate,No,2351,1963,230.0,360,1.0,Rural,N
Female,Yes,0,Not Graduate,Yes,6727,1923,108.0,180,1.0,Semiurban,Y
Male,Yes,3+,Not Graduate,No,6274,1715,77.0,120,1.0,Urban,Y
Male,Yes,1,Graduate,No,5222,2287,92.0,360,1.0,Semiurban,Y
Male,No,0,Graduate,No,3544,0,106.0,180,1.0,Semiurban,Y
Female,No,3+,Graduate,No,2250,0,121.0,360,1.0,Urban,N
Female,Yes,0,Graduate,No,3548,1180,205.0,360,1.0,Urban,Y
Female,Yes,0,Not Graduate,No,6971,1719,124.0,120,1.0,Urban,Y
Male,Yes,1,Graduate,No,4484,2436,50.0,60,1.0,Urban,Y
Female,No,0,Graduate,No,2103,0,74.0,360,1.0,Urban,Y
Female,Yes,0,Graduate,No,2550,614,366.0,12,1.0,Semiurban,N
Male,No,2,Graduate,No,7434,0,128.0,360,1.0,Urban,Y
Female,Yes,0,Not Graduate,No,5268,846,177.0,360,1.0,Rural,Y
Male,Yes,0,Graduate,No,2427,3063,107.0,180,1.0,Semiurban,Y
Male,Yes,0,Graduate,No,1910,1000,81.0,360,1.0,Rural,Y
Male,No,0,Not Graduate,No,3193,0,100.0,60,1.0,Semiurban,Y
Male,Yes,1,Graduate,Yes,1838,1991,127.0,120,0.0,Urban,N
Male,Yes,2,Graduate,No,3943,2070,101.0,84,1.0,Semiurban,Y
Male,Yes,3+,Graduate,No,12749,608,261.0,360,0.0,Rural,Y
Male,No,1,Graduate,No,2061,0,94.0,60,1.0,Urban,Y
Male,No,0,Not Graduate,No,3890,0,79.0,180,0.0,Urban,N
Male,Yes,3+,Graduate,No,7633,916,167.0,360,1.0,Urban,Y
Male,No,2,Graduate,No,5925,0,176.0,60,0.0,Semiurban,N
Male,Yes,1,Graduate,No,3956,1573,122.0,360,0.0,Urban,N
Female,Yes,1,Not Graduate,No,3960,1754,95.0,360,0.0,Urban,N
Male,Yes,3+,Graduate,No,2514,2029,56.0,360,0.0,Urban,N
Male,Yes,1,Not Graduate,No,3750,1505,198.0,36,1.0,Semiurban,Y
Female,No,0,Graduate,No,4719,0,171.0,360,1.0,Semiurban,Y
Male,No,1,Graduate,No,6955,0,101.0,360,0.0,Semiurban,N
Male,Yes,0,Not Graduate,No,3200,2653,124.0,360,1.0,Semiurban,Y
Male,Yes,0,Graduate,No,3883,1455,110.0,360,1.0,Semiurban,Y
Female,No,0,Graduate,No,2759,0,233.0,360,1.0,Urban,N
Male,No,0,Graduate,Yes,4681,0,80.0,120,,Semiurban,Y
Female,Yes,0,Graduate,No,6019,4748,94.0,360,1.0,Urban,Y
Male,No,0,Graduate,No,5615,0,91.0,180,0.0,Semiurban,N
Female,Yes,1,Graduate,No,2498,4138,137.0,360,0.0,Semiurban,N
Female,Yes,2,Graduate,No,4519,4314,124.0,360,1.0,Urban,Y
Female,No,3+,Not Graduate,No,3118,0,131.0,120,1.0,Urban,N
Male,Yes,0,Graduate,,6667,2386,85.0,360,1.0,Urban,Y
Male,Yes,1,Graduate,No,3933,2091,220.0,360,1.0,Urban,Y
Male,Yes,3+,Not Graduate,No,2134,2968,101.0,36,0.0,Urban,N
Male,No,0,Graduate,No,3831,0,195.0,360,1.0,Rural,Y
Male,No,1,Graduate,No,5199,0,426.0,360,1.0,Urban,N
Female,Yes,2,Graduate,,4721,2086,85.0,360,1.0,Semiurban,Y
Female,Yes,0,Graduate,No,3359,2750,139.0,360,1.0,Semiurban,Y
Male,Yes,2,Graduate,,3250,2961,115.0,360,1.0,Semiurban,Y
Male,Yes,2,Graduate,No,2712,2113,273.0,84,1.0,Rural,Y
Male,Yes,0,Graduate,No,3541,2152,108.0,360,0.0,Rural,N
Male,No,0,Graduate,No,2878,0,134.0,360,1.0,Rural,Y
Male,Yes,0,Graduate,No,6545,5366,133.0,84,1.0,Rural,Y
Male,Yes,0,Graduate,No,2819,707,116.0,360,0.0,Urban,N
Male,Yes,0,Graduate,No,4469,1116,164.0,360,0.0,Semiurban,N
Male,Yes,0,Graduate,No,4334,2993,126.0,360,0.0,Rural,N
Male,No,0,Graduate,Yes,6474,0,147.0,360,0.0,Semiurban,N
Male,Yes,3+,Graduate,No,6906,2339,132.0,360,1.0,Rural,Y
Male,Yes,0,Not Graduate,,5785,2982,95.0,360,0.0,Urban,N
Male,Yes,0,Not Graduate,Yes,4958,2271,109.0,36,1.0,Semiurban,Y
Female,Yes,0,Not Graduate,No,2638,1428,151.0,360,1.0,Rural,N
Male,Yes,0,Graduate,Yes,2614,2914,151.0,120,1.0,Urban,Y
Male,Yes,0,Graduate,No,2891,2023,199.0,360,0.0,Semiurban,N
Male,Yes,0,Graduate,No,5933,1527,255.0,360,1.0,Urban,Y
Male,Yes,0,Graduate,Yes,4372,3023,,360,1.0,Semiurban,Y
Female,Yes,2,Graduate,No,6253,2953,128.0,360,1.0,Rural,Y
Female,Yes,3+,Graduate,No,6642,2273,112.0,360,1.0,Semiurban,Y
Male,No,0,Graduate,No,3051,0,78.0,36,1.0,Urban,Y
Male,Yes,0,Graduate,No,4291,4429,152.0,60,,Urban,Y
Female,Yes,1,Not Graduate,No,4205,3645,165.0,360,1.0,Rural,Y
Female,Yes,1,Graduate,No,3650,9319,78.0,360,1.0,Semiurban,Y
Male,Yes,0,Not Graduate,Yes,3325,1830,104.0,360,1.0,Urban,Y
Male,No,3+,Graduate,No,7209,0,100.0,120,0.0,Urban,N
Male,Yes,1,Not Graduate,No,4330,3348,66.0,360,1.0,Rural,Y
Female,No,0,Graduate,No,4255,0,119.0,360,1.0,Rural,Y
Male,Yes,1,Not Graduate,No,2947,2012,76.0,360,1.0,Urban,Y
Female,Yes,3+,Graduate,No,5732,1105,129.0,360,0.0,Urban,N
Male,No,2,Graduate,No,2691,0,135.0,360,1.0,Rural,N
Male,Yes,0,Graduate,No,5191,826,142.0,36,0.0,Semiurban,N
Male,Yes,0,Graduate,,5255,1885,144.0,360,1.0,Rural,Y
Male,Yes,0,Not Graduate,No,3513,1979,224.0,360,1.0,Semiurban,Y
Male,No,0,Not Graduate,Yes,4880,0,87.0,36,1.0,Semiurban,Y
Male,Yes,1,Graduate,No,4598,696,89.0,360,1.0,Semiurban,Y
Male,No,2,Graduate,Yes,4155,0,157.0,120,1.0,Rural,Y
Male,Yes,2,Graduate,No,4254,1277,115.0,360,1.0,Semiurban,Y
Male,No,3+,Not Graduate,No,4349,0,190.0,360,1.0,Urban,Y
Male,Yes,0,Graduate,No,4484,2376,152.0,360,0.0,Urban,N
Female,No,2,Graduate,Yes,4346,0,261.0,360,1.0,Rural,N
Female,Yes,2,Graduate,No,2574,1175,117.0,360,1.0,Semiurban,Y
Female,No,0,Graduate,No,3950,0,67.0,360,0.0,Urban,N
Female,Yes,2,Graduate,Yes,4765,678,139.0,360,1.0,Semiurban,Y
Male,Yes,0,Graduate,Yes,4419,474,118.0,120,1.0,Urban,Y
Male,Yes,2,Graduate,No,6497,1727,150.0,360,0.0,Urban,N
Male,Yes,0,Not Graduate,No,5591,1439,158.0,180,1.0,Urban,Y
Male,Yes,0,Graduate,No,2859,3669,98.0,360,1.0,Semiurban,Y
Male,No,1,Graduate,No,3924,0,81.0,84,1.0,Semiurban,Y
Female,No,1,Graduate,No,3677,0,114.0,360,1.0,Rural,Y
Male,Yes,0,Graduate,Yes,4221,1438,46.0,360,0.0,Rural,N
Male,No,0,Graduate,No,4224,0,125.0,360,1.0,Semiurban,Y
Male,Yes,0,Not Graduate,,5570,1717,103.0,60,1.0,Semiurban,Y
Male,Yes,1,Not Graduate,Yes,4581,4578,171.0,60,1.0,Urban,Y
Male,No,2,Not Graduate,No,7359,0,54.0,360,1.0,Urban,Y
Male,No,3+,Not Graduate,No,4714,0,121.0,120,1.0,Urban,Y
Female,No,0,Graduate,No,2910,0,228.0,360,0.0,Semiurban,N
Male,Yes,2,Graduate,No,3427,1557,159.0,360,0.0,Urban,N
Male,No,0,Graduate,No,5550,0,179.0,84,1.0,Urban,Y
Female,Yes,2,Not Graduate,No,2045,4264,139.0,360,0.0,Semiurban,N
Female,Yes,0,Graduate,No,2308,534,62.0,360,1.0,Urban,Y
Female,Yes,0,Graduate,No,4250,1636,129.0,360,0.0,Semiurban,N
Female,No,1,Graduate,No,6489,0,143.0,120,1.0,Semiurban,Y
Male,No,0,Graduate,No,7617,0,78.0,360,1.0,Urban,Y
Male,No,1,Graduate,No,3836,0,115.0,360,1.0,Urban,Y
Male,Yes,2,Not Graduate,No,6818,792,38.0,360,1.0,Urban,Y
Male,Yes,0,Graduate,No,4370,493,106.0,360,0.0,Urban,N
Male,Yes,0,Not Graduate,No,2123,1707,102.0,360,0.0,Semiurban,N
Male,Yes,2,Graduate,No,4214,1672,212.0,36,1.0,Rural,Y
Male,Yes,2,Graduate,No,3201,1725,95.0,360,1.0,Urban,Y
Male,No,0,Not Graduate,Yes,6394,0,109.0,360,1.0,Semiurban,Y
Male,Yes,0,Not Graduate,No,4181,1178,117.0,60,1.0,Rural,Y
Male,Yes,1,Graduate,No,2380,5851,95.0,180,1.0,Urban,Y
Male,Yes,1,Graduate,No,2154,1958,162.0,360,1.0,Urban,Y
Male,Yes,0,Graduate,No,4190,4323,54.0,360,0.0,Semiurban,N
Female,Yes,0,Graduate,No,1500,729,191.0,60,1.0,Semiurban,N
Male,No,2,Graduate,No,3350,0,120.0,360,0.0,Semiurban,N
Male,Yes,1,Not Graduate,No,4693,3016,204.0,360,1.0,Semiurban,Y
Male,No,3+,Graduate,Yes,2628,0,40.0,360,0.0,Urban,N
Female,Yes,2,Graduate,No,6616,1049,45.0,360,,Semiurban,Y
Male,Yes,3+,Graduate,Yes,7229,663,108.0,360,1.0,Urban,Y
Male,Yes,0,Not Graduate,No,2677,3102,148.0,180,1.0,Semiurban,Y
Male,No,2,Not Graduate,No,3699,0,97.0,180,1.0,Rural,Y
Male,No,0,Graduate,No,6618,0,153.0,360,1.0,Urban,Y
Female,Yes,1,Graduate,No,4227,1483,179.0,180,1.0,Urban,Y
Female,Yes,0,Not Graduate,No,2258,1024,158.0,360,0.0,Urban,N
Male,Yes,0,Graduate,No,3965,1935,126.0,120,1.0,Urban,Y
Female,Yes,2,Graduate,No,2881,907,126.0,360,1.0,Urban,Y
Female,No,2,Not Graduate,No,6965,0,95.0,180,0.0,Semiurban,N
Male,Yes,0,Not Graduate,No,5556,4258,118.0,360,1.0,Rural,Y
Female,Yes,1,Graduate,No,3673,658,80.0,360,1.0,Semiurban,Y
Male,Yes,0,Graduate,No,4509,3000,88.0,360,1.0,Urban,Y
Male,Yes,0,Graduate,No,2348,4897,149.0,360,1.0,Urban,Y
Male,Yes,2,Graduate,No,3013,3260,100.0,360,1.0,Urban,Y
Male,Yes,0,Graduate,No,8509,2537,90.0,360,1.0,Urban,Y
Male,No,3+,Graduate,No,4333,0,145.0,360,1.0,Rural,Y
Female,No,0,Graduate,No,6428,0,141.0,360,1.0,Urban,Y
Female,Yes,1,Graduate,No,4695,518,111.0,360,1.0,Rural,Y
Male,No,1,Graduate,Yes,7642,0,114.0,360,1.0,Semiurban,Y
Female,Yes,0,Graduate,Yes,1720,1569,143.0,360,1.0,Semiurban,Y
Male,Yes,0,Graduate,Yes,3886,1314,179.0,360,0.0,Urban,N
Male,Yes,2,Graduate,No,8867,1974,131.0,360,0.0,Semiurban,Y
Male,Yes,2,Graduate,Yes,6504,2074,,360,1.0,Semiurban,Y
Male,Yes,0,Graduate,No,7680,1364,,360,1.0,Urban,Y
Female,Yes,0,Not Graduate,No,4217,5259,,60,1.0,Urban,Y
Female,Yes,0,Graduate,No,3321,3097,79.0,120,1.0,Rural,Y
Male,No,0,Not Graduate,No,2664,0,148.0,360,1.0,Urban,N
Male,Yes,0,Graduate,No,2582,1878,152.0,360,1.0,Semiurban,Y
Male,Yes,0,Graduate,No,6082,2715,162.0,360,1.0,Urban,Y
Male,Yes,2,Graduate,No,5329,1167,81.0,360,0.0,Urban,N
Female,Yes,1,Graduate,No,4105,2980,,36,1.0,Urban,Y
Male,Yes,3+,Not Graduate,Yes,5317,1767,121.0,360,1.0,Urban,Y
Male,No,1,Not Graduate,No,4510,0,137.0,180,1.0,Semiurban,Y
Male,Yes,3+,Not Graduate,,6522,1971,127.0,36,1.0,Semiurban,Y
Male,Yes,1,Graduate,No,6494,1677,120.0,360,1.0,Rural,Y
Male,Yes,1,Graduate,Yes,2618,8053,115.0,360,1.0,Semiurban,Y
Male,Yes,3+,Graduate,No,4784,2594,189.0,360,1.0,Urban,Y
Male,Yes,1,Graduate,No,1996,5155,86.0,360,1.0,Semiurban,Y
Male,Yes,0,Graduate,No,4491,3939,113.0,360,1.0,Semiurban,Y
Female,Yes,1,Not Graduate,No,5552,2044,187.0,12,1.0,Semiurban,Y
Male,Yes,3+,Not Graduate,No,2342,1531,87.0,36,1.0,Semiurban,Y
Male,Yes,2,Graduate,Yes,3507,703,89.0,180,1.0,Semiurban,Y
Female,No,1,Graduate,No,4248,0,162.0,120,0.0,Urban,N
Male,Yes,1,Graduate,No,4699,2973,68.0,360,1.0,Semiurban,Y
Female,No,3+,Graduate,No,3731,0,158.0,360,1.0,Urban,Y
Male,No,0,Graduate,No,2496,0,99.0,360,1.0,Semiurban,Y
Male,Yes,1,Not Graduate,Yes,4128,591,143.0,360,1.0,Urban,Y
Male,Yes,0,Graduate,No,2011,2623,74.0,360,1.0,Rural,Y
Male,Yes,1,Graduate,No,3809,3857,195.0,360,1.0,Semiurban,Y
Male,No,1,Graduate,No,3468,0,74.0,360,0.0,Semiurban,N
Male,Yes,0,Graduate,No,3982,2497,162.0,360,1.0,Rural,Y
Male,No,0,Not Graduate,No,3288,0,75.0,360,1.0,Rural,Y
Male,No,1,Graduate,No,2146,0,250.0,180,1.0,Semiurban,N
Male,No,0,Not Graduate,No,3587,0,118.0,360,0.0,Urban,N
Female,Yes,0,Graduate,No,6430,3190,265.0,360,,Rural,Y
Female,Yes,2,Graduate,No,7462,4712,87.0,60,1.0,Semiurban,Y
Female,No,0,Graduate,No,12678,0,101.0,360,1.0,Semiurban,Y
Male,Yes,0,Graduate,No,9056,4320,197.0,180,1.0,Rural,Y
Male,Yes,3+,Graduate,Yes,2468,1955,68.0,360,0.0,Urban,N
Male,No,0,Graduate,Yes,3519,0,91.0,180,1.0,Urban,Y
Male,Yes,0,Graduate,No,4187,1376,148.0,180,1.0,Semiurban,Y
Male,No,1,Graduate,No,4070,0,80.0,120,1.0,Semiurban,Y
Male,No,2,Not Graduate,No,4364,0,149.0,360,0.0,Semiurban,N
Male,Yes,3+,Not Graduate,,12499,1315,130.0,360,1.0,Semiurban,Y
Male,No,3+,Graduate,Yes,2599,0,66.0,120,1.0,Semiurban,Y
Male,Yes,2,Not Graduate,No,3068,3154,178.0,360,0.0,Semiurban,N
Male,Yes,0,Graduate,No,8863,6846,73.0,84,1.0,Rural,Y
Male,Yes,0,Graduate,No,3206,584,165.0,120,1.0,Urban,Y
Female,Yes,0,Graduate,Yes,5049,6541,127.0,360,1.0,Semiurban,Y
Male,Yes,0,Not Graduate,No,6738,1709,101.0,12,1.0,Rural,Y
Male,Yes,1,Graduate,No,5265,3565,78.0,360,1.0,Semiurban,Y
Male,Yes,1,Graduate,No,4611,4010,138.0,180,0.0,Urban,N
Female,Yes,0,Graduate,No,6453,5108,,180,1.0,Urban,Y
Male,No,2,Graduate,No,2830,0,196.0,360,1.0,Rural,N
Male,No,0,Graduate,Yes,3383,0,199.0,360,1.0,Urban,Y
Male,Yes,0,Graduate,No,5383,1934,234.0,120,0.0,Urban,N
Male,Yes,1,Graduate,No,1666,1612,135.0,360,1.0,Urban,Y
Male,Yes,0,Not Graduate,No,8002,4408,103.0,360,1.0,Semiurban,Y
Male,Yes,0,Not Graduate,No,4848,1908,107.0,180,0.0,Semiurban,N
Female,No,0,Not Graduate,No,4531,0,104.0,360,0.0,Rural,N
Male,No,0,Graduate,No,2030,0,134.0,360,1.0,Semiurban,N
Male,Yes,2,Graduate,No,2370,775,144.0,360,1.0,Semiurban,Y
Female,Yes,3+,Graduate,No,3535,1742,198.0,360,1.0,Semiurban,Y
Male,Yes,0,Graduate,No,6083,2991,122.0,84,1.0,Urban,Y
Male,Yes,0,Not Graduate,No,1661,1349,69.0,180,1.0,Urban,Y
Male,Yes,1,Graduate,No,6031,1568,103.0,36,1.0,Rural,Y
Male,No,3+,Not Graduate,Yes,3597,0,226.0,360,1.0,Semiurban,N
Female,No,0,Graduate,Yes,3825,0,65.0,180,1.0,Semiurban,Y
Male,Yes,0,Not Graduate,No,4741,2723,163.0,360,0.0,Urban,N
Female,Yes,2,Graduate,No,4775,3243,103.0,360,0.0,Rural,N
Male,No,1,Graduate,Yes,3069,0,85.0,84,1.0,Semiurban,Y
Male,Yes,0,Graduate,No,5603,2151,142.0,360,1.0,Rural,Y
Male,Yes,1,Graduate,No,1500,3107,226.0,360,0.0,Rural,N
Male,Yes,0,Graduate,No,3454,770,139.0,360,1.0,Rural,Y
Male,No,0,Graduate,No,4533,0,109.0,120,1.0,Rural,Y
Female,Yes,0,Graduate,No,3621,1698,72.0,180,0.0,Urban,N
Male,No,2,Not Graduate,Yes,1859,0,116.0,360,1.0,Rural,N
Female,No,0,Graduate,No,5949,0,71.0,360,1.0,Urban,Y
Male,No,0,Graduate,No,2412,0,107.0,360,0.0,Rural,N
Female,No,0,Graduate,No,4103,0,118.0,360,1.0,Urban,Y
Male,Yes,2,Graduate,No,4531,9519,47.0,84,1.0,Semiurban,Y
Male,Yes,0,Graduate,Yes,4268,2717,211.0,60,0.0,Urban,N
Female,No,0,Graduate,No,7158,0,74.0,36,1.0,Rural,Y
Male,No,0,Graduate,No,4129,0,,84,1.0,Urban,Y
Male,Yes,2,Graduate,No,5127,1361,150.0,60,1.0,Semiurban,Y
Male,Yes,0,Graduate,No,4125,2043,205.0,120,1.0,Rural,Y
Male,No,0,Graduate,No,5573,0,88.0,36,1.0,Semiurban,Y
Female,No,0,Graduate,No,7919,0,44.0,84,1.0,Urban,Y
Male,Yes,2,Graduate,No,4500,1112,187.0,360,1.0,Semiurban,Y
Female,Yes,1,Graduate,No,6013,1533,73.0,360,0.0,Urban,Y
Male,Yes,1,Graduate,Yes,8142,2479,140.0,360,,Semiurban,Y
Male,Yes,2,Graduate,Yes,7791,2440,143.0,360,1.0,Rural,Y
Male,Yes,3+,Graduate,No,3556,2326,33.0,360,1.0,Semiurban,Y
Male,Yes,0,Graduate,No,6743,1927,63.0,180,1.0,Urban,Y
Male,Yes,3+,Not Graduate,Yes,4731,3349,101.0,180,1.0,Urban,Y
Male,Yes,0,Graduate,No,6993,1712,43.0,360,1.0,Rural,Y
Male,No,0,Graduate,No,5463,0,71.0,360,1.0,Urban,Y
Male,No,2,Graduate,No,4788,0,127.0,60,0.0,Semiurban,N
Male,Yes,0,Graduate,No,5142,2963,117.0,360,1.0,Semiurban,Y
Male,Yes,0,Graduate,Yes,4745,2678,137.0,360,0.0,Rural,N
Female,No,0,Not Graduate,No,4829,0,145.0,84,1.0,Rural,Y
Male,Yes,1,Not Graduate,No,3938,1614,,360,1.0,Urban,Y
Male,No,0,Graduate,No,3777,0,72.0,360,0.0,Semiurban,N
Male,No,1,Graduate,No,9352,0,164.0,360,1.0,Semiurban,Y
Male,Yes,2,Not Graduate,No,5244,699,223.0,84,1.0,Urban,Y
Male,No,1,Not Graduate,Yes,3268,0,82.0,180,1.0,Urban,Y
Male,Yes,0,Graduate,No,3733,1518,134.0,360,1.0,Semiurban,Y
Male,Yes,3+,Graduate,No,6804,3925,167.0,60,1.0,Urban,Y
Male,Yes,0,Graduate,No,3037,662,133.0,60,1.0,Rural,Y
Male,Yes,0,Graduate,No,2171,8666,110.0,180,1.0,Urban,Y
Female,No,0,Graduate,No,2244,0,94.0,60,1.0,Urban,Y
Male,Yes,1,Not Graduate,No,1942,4712,268.0,180,1.0,Urban,Y
Male,Yes,0,Graduate,No,2357,1916,126.0,180,0.0,Urban,N
Male,Yes,0,Not Graduate,No,2486,1222,141.0,360,1.0,Semiurban,Y
Male,No,0,Graduate,Yes,7890,0,138.0,360,1.0,Semiurban,Y
Male,Yes,0,Graduate,No,4143,3705,87.0,360,,Semiurban,Y
Female,Yes,1,Graduate,No,3592,787,124.0,120,1.0,Rural,Y
Male,No,2,Graduate,No,2209,0,106.0,360,1.0,Semiurban,N
Male,Yes,2,Graduate,No,3966,1983,106.0,360,1.0,Urban,Y
Male,No,0,Graduate,No,1935,0,137.0,360,1.0,Rural,N
Male,Yes,0,Not Graduate,No,3582,2011,84.0,360,1.0,Semiurban,Y
Male,No,3+,Not Graduate,No,10710,0,75.0,360,1.0,Semiurban,Y
Male,No,0,Graduate,No,5702,0,148.0,84,1.0,Semiurban,Y
Male,Yes,2,Graduate,No,3849,2991,98.0,36,1.0,Urban,Y
Male,Yes,0,Graduate,No,5791,2982,105.0,36,1.0,Rural,Y
Male,No,3+,Not Graduate,No,3345,0,56.0,180,1.0,Urban,Y
Male,Yes,0,Graduate,No,2950,2582,178.0,36,1.0,Semiurban,Y
Male,No,0,Graduate,Yes,9107,0,149.0,360,1.0,Urban,Y
Male,Yes,1,Graduate,No,2530,4645,161.0,360,1.0,Rural,Y
Male,Yes,1,Graduate,No,3607,648,141.0,360,1.0,Rural,Y
Male,Yes,0,Graduate,No,4854,490,66.0,60,1.0,Urban,Y
Male,No,1,Not Graduate,No,2775,0,133.0,360,1.0,Semiurban,N
Male,Yes,2,Not Graduate,No,5669,893,95.0,360,0.0,Semiurban,N
Female,No,0,Graduate,No,3685,0,82.0,120,1.0,Semiurban,Y
Male,No,0,Graduate,No,5703,0,148.0,360,1.0,Semiurban,Y
Male,Yes,0,Graduate,No,5506,740,235.0,360,1.0,Semiurban,Y
Male,Yes,0,Not Graduate,No,3791,1589,220.0,360,1.0,Urban,Y
Male,No,1,Graduate,No,9134,0,155.0,120,1.0,Semiurban,Y
Male,Yes,0,Graduate,No,3135,1737,120.0,360,0.0,Semiurban,N
Male,No,0,Graduate,No,7761,0,111.0,180,1.0,Semiurban,Y
Female,Yes,0,Graduate,No,7177,1625,84.0,84,1.0,Rural,Y
Male,Yes,0,Graduate,No,9385,1577,109.0,12,1.0,Urban,Y
Male,No,0,Graduate,No,4574,0,174.0,360,1.0,Urban,Y
Male,Yes,0,Graduate,Yes,2966,3739,251.0,360,1.0,Urban,Y
Female,Yes,0,Graduate,No,10770,5227,87.0,360,1.0,Urban,Y
Male,Yes,3+,Graduate,Yes,3638,1752,54.0,180,0.0,Urban,N
Female,Yes,0,Graduate,Yes,2933,5972,98.0,60,1.0,Rural,Y
Male,Yes,1,Graduate,No,3883,3381,174.0,60,1.0,Urban,Y
Female,No,0,Graduate,No,2719,0,278.0,60,0.0,Semiurban,N
Male,Yes,0,Graduate,No,5360,937,205.0,180,0.0,Urban,N
Female,Yes,0,Not Graduate,,3221,1413,203.0,180,1.0,Semiurban,Y
Male,No,0,Graduate,No,3716,0,86.0,360,1.0,Rural,Y
Female,Yes,3+,Graduate,No,6538,1479,87.0,360,1.0,Urban,Y
Male,Yes,3+,Graduate,No,5600,641,71.0,60,1.0,Rural,Y
Male,No,2,Graduate,No,4259,0,93.0,180,1.0,Rural,Y
Male,No,1,Graduate,No,4568,0,,360,0.0,Semiurban,N
Male,Yes,0,Graduate,No,4253,1061,232.0,360,1.0,Urban,Y
Male,Yes,0,Graduate,No,3484,1404,139.0,360,1.0,Semiurban,Y
Male,Yes,3+,Graduate,No,4225,2185,109.0,360,1.0,Rural,Y
Male,Yes,1,Not Graduate,Yes,5275,3694,79.0,60,1.0,Urban,Y
Male,Yes,1,Not Graduate,No,3996,3030,116.0,360,0.0,Semiurban,N
Female,Yes,0,Not Graduate,No,5109,984,131.0,360,1.0,Urban,Y
Male,Yes,0,Graduate,No,2902,1598,67.0,180,1.0,Urban,Y
Female,Yes,3+,Not Graduate,No,3223,2091,175.0,360,0.0,Rural,N
Male,Yes,0,Graduate,No,3039,1707,102.0,360,0.0,Semiurban,N
Male,No,0,Graduate,No,3280,0,171.0,360,1.0,Urban,Y
Female,Yes,0,Graduate,No,7549,710,,360,0.0,Semiurban,Y
Male,Yes,2,Graduate,No,5864,1000,136.0,360,1.0,Urban,Y
Male,Yes,0,Not Graduate,No,2605,1569,91.0,60,1.0,Urban,Y
Male,Yes,2,Graduate,,5150,312,105.0,360,1.0,Semiurban,Y
Male,No,0,Graduate,No,3548,0,157.0,180,1.0,Semiurban,Y
Male,Yes,2,Graduate,No,3111,876,115.0,360,1.0,Urban,Y
Female,Yes,1,Not Graduate,No,2167,3017,78.0,180,1.0,Urban,Y
Female,Yes,0,Graduate,No,6550,2862,127.0,180,0.0,Semiurban,Y
Male,No,1,Not Graduate,No,2289,0,141.0,360,1.0,Rural,N
Male,Yes,0,Graduate,No,4132,3642,210.0,180,1.0,Rural,Y
Male,Yes,0,Graduate,Yes,2763,3121,192.0,360,0.0,Urban,N
Male,Yes,2,Graduate,Yes,5997,1660,118.0,360,1.0,Semiurban,Y
Male,Yes,0,Graduate,,3639,1551,97.0,180,1.0,Rural,Y
Male,Yes,0,Graduate,No,3981,3859,110.0,180,1.0,Semiurban,Y
Male,Yes,0,Graduate,No,4042,2296,98.0,60,1.0,Rural,Y
Female,No,0,Graduate,No,4847,0,148.0,36,0.0,Rural,N
Male,No,2,Graduate,No,4255,0,184.0,120,0.0,Urban,N
Male,Yes,0,Graduate,No,4148,2119,199.0,84,0.0,Urban,N
Male,Yes,3+,Graduate,No,3350,775,,360,0.0,Urban,N
Male,Yes,3+,Graduate,No,2082,1967,99.0,360,1.0,Urban,Y
Male,No,0,Graduate,No,2557,0,,360,0.0,Rural,N
Female,Yes,0,Graduate,No,5844,5673,56.0,360,1.0,Rural,Y
Male,No,2,Graduate,No,3686,0,75.0,360,0.0,Urban,N
Female,Yes,0,Graduate,No,3137,1457,119.0,84,1.0,Semiurban,Y
Male,Yes,0,Graduate,No,2247,1886,141.0,360,1.0,Semiurban,Y
Male,Yes,0,Graduate,No,1951,1113,147.0,180,1.0,Semiurban,Y
Male,Yes,1,Not Graduate,No,3082,3594,88.0,360,1.0,Semiurban,Y
Male,No,2,Graduate,No,6308,0,99.0,360,1.0,Rural,Y
Female,No,0,Not Graduate,No,3292,0,109.0,120,1.0,Urban,N
Female,Yes,0,Graduate,No,5065,2898,104.0,360,1.0,Urban,Y
Male,Yes,3+,Graduate,No,3224,1914,160.0,60,1.0,Urban,Y
Male,No,2,Graduate,Yes,5639,0,72.0,360,1.0,Urban,Y
Male,No,1,Not Graduate,No,3610,0,76.0,60,1.0,Urban,Y
Female,Yes,2,Graduate,No,2430,1195,107.0,360,0.0,Semiurban,N
Male,Yes,0,Graduate,No,3747,2131,70.0,360,0.0,Semiurban,Y
Male,Yes,2,Not Graduate,No,9655,3634,56.0,12,1.0,Semiurban,Y
Male,Yes,0,Graduate,No,9465,987,66.0,360,0.0,Semiurban,Y
Male,Yes,0,Graduate,No,5265,796,110.0,360,1.0,Urban,Y
Male,Yes,1,Graduate,No,3977,2058,156.0,180,1.0,Rural,Y
Male,Yes,0,Graduate,No,4850,1260,157.0,360,1.0,Rural,Y
Female,Yes,3+,Graduate,No,4878,2036,229.0,360,1.0,Urban,Y
Male,Yes,0,Graduate,No,4154,2421,126.0,360,1.0,Urban,Y
Male,No,3+,Graduate,No,5158,0,133.0,360,1.0,Rural,Y
Female,No,3+,Graduate,No,4645,0,109.0,60,1.0,Urban,Y
Male,Yes,0,Graduate,No,3669,990,112.0,84,0.0,Urban,N
Female,No,2,Graduate,Yes,2470,0,279.0,360,1.0,Semiurban,N
Male,No,0,Graduate,Yes,3439,0,134.0,84,0.0,Urban,N
Male,Yes,3+,Graduate,No,6061,1434,139.0,360,1.0,Urban,Y
Female,Yes,0,Graduate,No,4170,5521,76.0,360,1.0,Semiurban,Y
Male,No,2,Graduate,No,4842,0,143.0,120,0.0,Semiurban,N
Male,No,0,Graduate,No,3724,0,158.0,360,0.0,Rural,N
Male,No,0,Graduate,No,2625,0,189.0,360,,Rural,N
Male,No,0,Not Graduate,No,3799,0,156.0,180,1.0,Urban,Y
Male,Yes,0,Graduate,No,2670,2566,115.0,12,1.0,Urban,Y
Male,Yes,2,Graduate,No,2594,2327,113.0,360,1.0,Semiurban,Y
Female,Yes,1,Graduate,Yes,7277,3882,118.0,360,1.0,Semiurban,Y
Male,Yes,1,Graduate,No,3501,2194,126.0,360,1.0,Urban,Y
Male,Yes,0,Not Graduate,No,3030,7872,201.0,180,1.0,Urban,Y
Male,Yes,0,Graduate,No,8761,3555,186.0,180,1.0,Urban,Y
Male,Yes,0,Graduate,No,6104,1008,164.0,60,1.0,Semiurban,Y
Male,No,2,Graduate,Yes,3578,0,273.0,60,0.0,Urban,N
Female,Yes,3+,Graduate,No,5127,2535,41.0,84,1.0,Rural,Y
Male,Yes,0,Graduate,No,3804,2052,101.0,180,1.0,Urban,Y
Male,Yes,0,Graduate,No,3097,3017,120.0,360,1.0,Rural,Y
Male,Yes,0,Graduate,Yes,5237,3223,92.0,180,1.0,Rural,Y
Male,No,1,Graduate,No,3655,0,83.0,180,1.0,Semiurban,Y
Male,No,1,Graduate,No,4376,0,61.0,360,,Semiurban,Y
Male,No,2,Graduate,No,6698,0,107.0,360,1.0,Semiurban,Y
Female,Yes,0,Graduate,No,6374,1397,173.0,360,1.0,Urban,Y
Male,Yes,2,Graduate,No,3302,1394,165.0,60,1.0,Urban,Y
Male,Yes,1,Not Graduate,Yes,5264,3245,89.0,360,1.0,Semiurban,Y
Male,Yes,0,Graduate,No,2546,1702,132.0,120,1.0,Semiurban,Y
Male,No,0,Not Graduate,No,5180,0,209.0,360,1.0,Semiurban,Y
Male,No,0,Graduate,No,4522,0,66.0,120,0.0,Semiurban,N
Male,No,0,Not Graduate,No,5016,0,114.0,360,1.0,Semiurban,Y
Male,Yes,2,Graduate,Yes,3700,1205,136.0,120,1.0,Semiurban,Y
Male,No,0,Graduate,No,10805,0,121.0,360,1.0,Semiurban,Y
Male,Yes,2,Not Graduate,No,2819,1700,170.0,360,1.0,Semiurban,Y
Male,No,1,Not Graduate,No,6549,0,66.0,360,1.0,Rural,Y
Female,Yes,0,Graduate,No,2659,2785,81.0,360,1.0,Semiurban,Y
Female,Yes,1,Graduate,No,5307,4247,159.0,84,1.0,Semiurban,Y
Male,Yes,0,Graduate,No,5481,3715,61.0,120,1.0,Semiurban,Y
Female,No,0,Not Graduate,No,4336,0,168.0,360,0.0,Semiurban,N
Male,Yes,0,Graduate,No,3384,2021,145.0,360,1.0,Semiurban,Y
Male,Yes,0,Graduate,No,4507,1959,163.0,84,1.0,Urban,Y
Male,No,0,Graduate,No,4770,0,100.0,180,0.0,Rural,N
Male,Yes,0,Graduate,No,9466,962,148.0,360,1.0,Urban,Y
Male,Yes,0,Graduate,Yes,2856,1807,76.0,360,0.0,Semiurban,N
Female,Yes,0,Graduate,No,3293,1801,102.0,360,1.0,Urban,Y
Male,Yes,3+,Not Graduate,Yes,4808,2717,123.0,360,1.0,Urban,Y
Male,No,0,Graduate,No,3769,0,84.0,180,1.0,Rural,Y
Male,No,2,Graduate,Yes,4043,0,132.0,180,1.0,Semiurban,Y
Female,Yes,0,Graduate,No,6847,2727,76.0,360,1.0,Rural,Y
Male,No,1,Graduate,,1500,0,135.0,360,1.0,Urban,N
Male,Yes,0,Graduate,No,3232,2904,243.0,120,1.0,Urban,Y
Male,Yes,3+,Graduate,No,1931,3789,73.0,360,,Urban,N
Male,Yes,0,Graduate,No,2469,1834,120.0,360,1.0,Semiurban,Y
Female,Yes,2,Graduate,No,12482,4218,63.0,180,1.0,Rural,Y
Female,Yes,0,Graduate,No,5536,1171,87.0,360,0.0,Semiurban,N
Male,No,0,Graduate,No,6491,0,160.0,84,1.0,Urban,Y
Female,No,1,Graduate,No,4079,0,102.0,36,1.0,Rural,Y
Male,Yes,0,Graduate,No,5951,1601,163.0,36,0.0,Urban,Y
Female,Yes,0,Graduate,No,1910,2337,140.0,360,1.0,Semiurban,Y
Male,No,0,Graduate,No,6749,0,118.0,180,0.0,Semiurban,N
Male,No,1,Graduate,No,2925,0,80.0,84,1.0,Urban,Y
Male,No,3+,Not Graduate,No,3330,0,159.0,360,1.0,Urban,N
Male,Yes,0,Graduate,No,5309,1186,137.0,360,,Urban,N
Male,No,2,Graduate,No,4877,0,65.0,360,1.0,Rural,Y
Male,Yes,0,Graduate,No,4394,1913,82.0,60,1.0,Semiurban,Y
Male,Yes,0,Graduate,No,2290,3790,40.0,360,1.0,Rural,Y
Male,Yes,3+,Graduate,No,4424,1646,70.0,360,,Semiurban,Y
Male,Yes,2,Graduate,No,6517,2542,107.0,180,1.0,Semiurban,Y
Male,Yes,2,Graduate,No,3328,4702,79.0,360,1.0,Semiurban,Y
Female,Yes,0,Graduate,No,7644,4632,87.0,360,1.0,Rural,Y
Male,Yes,0,Graduate,Yes,2856,2584,211.0,360,1.0,Urban,Y
Male,No,0,Graduate,No,4242,0,183.0,180,1.0,Urban,Y
Male,Yes,0,Graduate,No,8441,803,92.0,180,1.0,Semiurban,Y
Female,Yes,0,Graduate,No,3113,1369,166.0,180,1.0,Rural,Y
Male,Yes,2,Not Graduate,No,6797,1688,197.0,360,1.0,Rural,Y
Male,No,2,Not Graduate,No,10286,0,155.0,60,1.0,Semiurban,Y
Female,Yes,0,Not Graduate,Yes,4568,2319,136.0,360,1.0,Urban,Y
Female,Yes,0,Not Graduate,No,3337,6291,188.0,360,1.0,Urban,Y
Male,Yes,2,Graduate,No,2987,4967,165.0,120,0.0,Rural,N
Male,No,0,Not Graduate,No,7608,0,74.0,84,1.0,Semiurban,Y
Male,No,1,Graduate,No,7513,0,112.0,180,0.0,Urban,N
Female,Yes,0,Graduate,Yes,8120,1290,97.0,360,1.0,Rural,Y
Male,Yes,0,Not Graduate,No,4168,4810,192.0,360,1.0,Urban,Y
Male,No,3+,Graduate,No,6748,0,96.0,360,1.0,Semiurban,Y
Female,Yes,0,Not Graduate,Yes,4138,3455,89.0,360,1.0,Semiurban,Y
Male,Yes,0,Graduate,Yes,2843,2690,183.0,360,1.0,Urban,Y
Male,Yes,0,Graduate,No,7015,1269,134.0,120,1.0,Urban,Y
Male,Yes,3+,Graduate,No,8824,1762,,360,1.0,Urban,Y
Male,Yes,2,Graduate,No,2672,1011,86.0,360,1.0,Semiurban,Y
Male,Yes,0,Graduate,No,2649,1037,98.0,360,0.0,Semiurban,N
Male,No,0,Not Graduate,No,4306,0,190.0,360,1.0,Urban,Y
Male,No,1,Graduate,No,6504,0,72.0,180,1.0,Rural,Y
Male,Yes,0,Graduate,No,2539,4118,206.0,84,0.0,Urban,N
Female,No,1,Graduate,No,4685,0,74.0,36,0.0,Urban,N
Male,Yes,0,Graduate,No,3243,6020,155.0,60,1.0,Urban,Y
Female,Yes,0,Graduate,Yes,5798,1983,58.0,360,0.0,Urban,N
Male,Yes,1,Graduate,No,2954,2377,123.0,120,1.0,Rural,Y
Female,No,0,Graduate,No,5986,0,70.0,360,1.0,Urban,Y
Female,No,2,Graduate,No,3939,0,262.0,360,0.0,Semiurban,N
Male,No,0,Graduate,Yes,2774,0,79.0,360,1.0,Rural,Y
Male,No,0,Graduate,Yes,4353,0,87.0,360,1.0,Semiurban,Y
Female,Yes,3+,Graduate,No,1768,4156,150.0,360,1.0,Urban,Y
Male,No,0,Graduate,No,3289,0,95.0,84,1.0,Rural,Y
Male,No,1,Not Graduate,No,4923,0,160.0,360,1.0,Semiurban,Y
Male,No,0,Graduate,No,1905,0,91.0,120,1.0,Urban,Y
Female,Yes,1,Graduate,No,1500,1384,88.0,60,1.0,Semiurban,Y
Male,Yes,1,Graduate,No,1500,3418,120.0,12,1.0,Rural,Y
Female,Yes,0,Graduate,Yes,7686,2439,74.0,60,0.0,Semiurban,Y
Male,Yes,2,Graduate,No,4086,3795,142.0,180,1.0,Semiurban,Y
Female,Yes,1,Graduate,No,3328,3895,172.0,360,1.0,Rural,Y
Male,Yes,0,Not Graduate,No,6472,708,151.0,360,1.0,Semiurban,Y
Male,Yes,1,Graduate,Yes,3526,4493,157.0,120,1.0,Urban,Y
Male,Yes,1,Graduate,No,4773,3535,56.0,60,0.0,Urban,N
Male,Yes,0,Graduate,No,4279,1601,101.0,36,0.0,Semiurban,N
Male,Yes,0,Graduate,No,3422,2464,110.0,180,1.0,Urban,Y
Male,No,0,Not Graduate,No,4828,0,217.0,360,1.0,Rural,Y
Male,Yes,0,Graduate,Yes,5990,2891,96.0,36,1.0,Semiurban,Y
Male,Yes,2,Not Graduate,No,3892,1599,48.0,36,1.0,Semiurban,Y
Male,No,0,Graduate,Yes,3438,0,81.0,360,1.0,Semiurban,Y
Male,Yes,3+,Graduate,No,3625,2080,93.0,180,1.0,Semiurban,Y
Male,Yes,0,Graduate,No,1504,1541,51.0,120,1.0,Semiurban,Y
Male,Yes,0,Graduate,,4804,2239,179.0,360,1.0,Urban,Y
Male,Yes,2,Graduate,No,2455,10136,64.0,84,1.0,Semiurban,Y
Male,No,0,Graduate,No,5615,0,145.0,360,1.0,Rural,Y
Male,Yes,0,Graduate,No,4061,1719,78.0,360,1.0,Semiurban,Y
Male,Yes,0,Graduate,No,4435,1338,222.0,360,1.0,Semiurban,Y
Male,Yes,0,Graduate,No,5797,1425,108.0,180,1.0,Urban,Y
Male,Yes,0,Graduate,No,2787,3259,100.0,360,1.0,Rural,Y
Female,No,3+,Not Graduate,No,4994,0,150.0,360,1.0,Rural,Y
Male,Yes,0,Graduate,No,4771,1991,81.0,60,1.0,Semiurban,Y
Male,Yes,2,Graduate,Yes,3892,3698,152.0,360,1.0,Semiurban,Y
Male,Yes,1,Graduate,No,2785,3216,100.0,360,1.0,Semiurban,Y
Male,Yes,0,Graduate,Yes,5529,1812,95.0,120,0.0,Semiurban,N
Male,Yes,0,Graduate,No,5805,796,117.0,360,1.0,Rural,Y
Male,No,2,Graduate,No,4452,0,78.0,84,1.0,Urban,Y
Male,No,2,Graduate,No,2613,0,112.0,360,1.0,Semiurban,Y
Male,No,0,Graduate,No,3336,0,139.0,120,1.0,Urban,Y
Male,No,0,Graduate,No,4116,0,48.0,360,1.0,Urban,Y
Male,No,0,Graduate,No,5766,0,188.0,60,1.0,Semiurban,Y
Female,Yes,0,Not Graduate,Yes,2074,2462,168.0,360,,Urban,Y
Male,No,1,Graduate,No,3282,0,57.0,360,0.0,Semiurban,N
Female,No,2,Graduate,No,3529,0,54.0,36,,Urban,Y
Male,No,0,Graduate,No,4074,0,170.0,180,1.0,Semiurban,Y
Male,Yes,2,Not Graduate,No,2355,2872,164.0,120,0.0,Urban,N
Male,Yes,1,Graduate,No,3835,2329,155.0,360,1.0,Semiurban,Y
Male,No,0,Graduate,No,3678,0,68.0,360,1.0,Semiurban,Y
Female,No,0,Not Graduate,No,2652,0,252.0,360,0.0,Rural,N
Male,No,1,Graduate,Yes,4011,0,89.0,360,1.0,Rural,Y
Female,Yes,2,Graduate,No,3315,1378,133.0,360,1.0,Urban,Y
Male,Yes,1,Graduate,Yes,5287,3141,134.0,12,1.0,Urban,Y
Female,Yes,0,Not Graduate,No,2840,3068,229.0,360,1.0,Semiurban,Y
Male,No,0,Not Graduate,No,4404,0,127.0,360,1.0,Semiurban,Y
Male,Yes,0,Graduate,Yes,2940,3724,143.0,360,1.0,Urban,Y
Male,Yes,1,Graduate,No,3229,1082,117.0,120,1.0,Urban,Y
Male,No,2,Graduate,Yes,4835,0,75.0,360,1.0,Semiurban,Y
Male,Yes,0,Graduate,No,4701,2089,48.0,360,1.0,Rural,Y
Male,No,2,Graduate,No,3506,0,123.0,84,1.0,Rural,Y
Female,Yes,1,Graduate,Yes,3747,3091,69.0,360,1.0,Urban,Y
Male,No,1,Not Graduate,No,2199,0,139.0,360,1.0,Semiurban,N
Male,Yes,3+,Graduate,No,7952,4354,128.0,360,1.0,Urban,Y
Male,No,0,Graduate,No,5763,0,127.0,360,1.0,Semiurban,Y
Male,No,3+,Graduate,No,5671,0,79.0,360,0.0,Semiurban,N
Male,Yes,0,Graduate,No,2063,6751,183.0,360,0.0,Rural,N
Male,Yes,0,Graduate,Yes,3235,1887,146.0,360,1.0,Semiurban,Y
Male,Yes,2,Graduate,No,3638,3974,75.0,360,1.0,Urban,Y
Male,No,3+,Graduate,No,1774,0,277.0,360,1.0,Semiurban,N
Male,No,0,Graduate,Yes,6313,0,111.0,360,1.0,Rural,Y
Male,Yes,1,Graduate,No,8137,1797,71.0,360,0.0,Urban,Y
Male,Yes,1,Not Graduate,No,10698,924,89.0,360,1.0,Urban,Y
Male,Yes,2,Graduate,No,2642,239,,360,1.0,Semiurban,Y
Male,No,0,Graduate,No,4459,0,209.0,12,0.0,Semiurban,N
Male,No,2,Graduate,No,7671,0,187.0,360,1.0,Rural,Y
Male,Yes,0,Graduate,Yes,3773,4439,163.0,120,1.0,Semiurban,Y
Female,Yes,0,Graduate,No,3277,2042,151.0,120,1.0,Semiurban,Y
Male,Yes,0,Graduate,No,1826,3647,200.0,180,1.0,Semiurban,Y
Female,Yes,0,Not Graduate,No,7042,1521,110.0,180,1.0,Rural,Y
Male,Yes,3+,Graduate,No,4193,1632,143.0,180,1.0,Rural,Y
Male,Yes,0,Graduate,No,3046,3760,87.0,180,0.0,Rural,N
Male,Yes,3+,Graduate,No,4806,455,114.0,60,1.0,Urban,Y
Female,Yes,0,Graduate,No,4531,2013,145.0,360,1.0,Rural,Y
Male,Yes,1,Graduate,No,4562,1571,35.0,360,1.0,Semiurban,Y
Female,Yes,2,Graduate,No,3836,4520,94.0,360,1.0,Urban,Y
Female,Yes,1,Not Graduate,No,8778,1455,129.0,84,0.0,Urban,N
Male,No,1,Not Graduate,No,3983,0,117.0,360,1.0,Semiurban,Y
Male,No,1,Graduate,No,8766,0,101.0,60,1.0,Urban,Y
Male,Yes,2,Graduate,Yes,5452,816,153.0,360,1.0,Rural,Y
Male,Yes,2,Graduate,No,4954,1837,91.0,360,1.0,Semiurban,Y
Female,No,0,Not Graduate,No,4019,0,74.0,360,,Urban,Y
Female,No,2,Graduate,No,6556,0,195.0,360,1.0,Semiurban,Y
Male,Yes,0,Graduate,No,4450,2996,184.0,120,1.0,Urban,Y
Male,Yes,0,Graduate,No,2780,1737,95.0,360,1.0,Semiurban,Y
Female,Yes,2,Graduate,No,2739,1065,118.0,180,1.0,Semiurban,Y
Male,Yes,0,Graduate,Yes,5115,3725,170.0,360,0.0,Rural,N
Female,Yes,2,Not Graduate,Yes,2812,1918,123.0,360,1.0,Semiurban,Y
Male,Yes,0,Not Graduate,No,4113,756,150.0,360,1.0,Rural,Y
Male,No,0,Graduate,No,6807,0,146.0,60,1.0,Rural,Y
Male,Yes,0,Graduate,No,4850,2598,106.0,60,1.0,Semiurban,Y
Male,Yes,0,Not Graduate,No,3056,929,149.0,360,0.0,Semiurban,N
Male,Yes,2,Graduate,No,7978,6098,82.0,360,1.0,Semiurban,Y
Male,Yes,0,Graduate,No,5412,1138,142.0,84,,Urban,Y
Male,Yes,0,Graduate,Yes,6687,1997,,360,1.0,Rural,Y
Male,Yes,0,Not Graduate,No,1524,2198,105.0,360,1.0,Rural,Y
Female,No,0,Graduate,,4909,0,73.0,360,0.0,Urban,N
Male,Yes,2,Graduate,No,6179,521,128.0,360,1.0,Rural,Y
Male,No,0,Not Graduate,No,9091,0,123.0,180,1.0,Urban,Y
Male,No,1,Graduate,No,2189,0,86.0,360,1.0,Rural,Y
Male,Yes,3+,Not Graduate,No,7279,2142,64.0,60,1.0,Urban,Y
Male,Yes,1,Graduate,No,8865,1856,62.0,180,0.0,Rural,Y
Male,Yes,2,Graduate,Yes,1706,2340,109.0,180,1.0,Semiurban,Y
Male,No,0,Graduate,No,5246,0,137.0,360,1.0,Semiurban,Y
Male,No,0,Graduate,No,5585,0,254.0,360,1.0,Urban,Y
Male,No,2,Graduate,No,3651,0,119.0,180,1.0,Urban,Y
Male,Yes,1,Not Graduate,No,3392,735,63.0,180,1.0,Urban,Y
Female,No,1,Graduate,Yes,5713,0,111.0,360,1.0,Rural,Y
Male,Yes,1,Not Graduate,Yes,3207,2555,200.0,360,1.0,Urban,Y
Male,Yes,0,Graduate,No,3836,1495,92.0,360,0.0,Semiurban,N
Male,Yes,0,Graduate,No,6097,2565,190.0,120,1.0,Rural,Y
Male,Yes,2,Graduate,No,9314,1796,130.0,180,1.0,Rural,Y
Male,No,1,Graduate,No,5388,0,157.0,180,1.0,Urban,Y
Male,Yes,0,Graduate,,4492,2409,255.0,60,1.0,Rural,Y
Female,Yes,2,Not Graduate,Yes,3353,1766,58.0,360,1.0,Urban,Y
Male,Yes,0,Graduate,No,2684,2150,173.0,360,0.0,Semiurban,N
Male,No,0,Graduate,No,6969,0,116.0,360,1.0,Semiurban,Y
Male,No,2,Graduate,No,3947,0,83.0,360,1.0,Urban,Y
Male,Yes,2,Graduate,No,7099,2196,116.0,360,1.0,Urban,Y
Male,Yes,0,Graduate,No,3647,1739,238.0,360,1.0,Semiurban,Y
Male,Yes,0,Graduate,No,3158,5622,207.0,180,1.0,Semiurban,Y
Male,No,0,Graduate,No,5112,0,54.0,180,1.0,Rural,Y
Female,Yes,1,Graduate,No,4086,2771,89.0,60,1.0,Urban,Y
Male,Yes,0,Graduate,No,2459,1796,177.0,84,1.0,Rural,Y
Male,Yes,2,Graduate,No,9583,592,120.0,360,0.0,Semiurban,Y
Male,Yes,3+,Graduate,No,3190,1230,120.0,360,1.0,Rural,Y
Male,No,2,Not Graduate,Yes,6421,0,64.0,360,1.0,Semiurban,Y
Male,Yes,0,Graduate,Yes,6178,1694,90.0,360,1.0,Rural,Y
Male,Yes,2,Graduate,No,2400,1958,70.0,360,1.0,Urban,Y
Male,Yes,0,Graduate,No,2694,2962,62.0,360,1.0,Semiurban,Y
Female,Yes,0,Not Graduate,No,3693,2354,73.0,360,0.0,Urban,N
Male,No,0,Graduate,No,2865,0,83.0,120,1.0,Urban,Y
Male,Yes,0,Graduate,No,9199,1657,89.0,360,1.0,Semiurban,Y
Female,No,3+,Graduate,No,3865,0,86.0,360,0.0,Semiurban,N
Male,No,0,Graduate,No,6313,0,182.0,360,1.0,Urban,Y
Male,Yes,0,Graduate,Yes,5330,2315,,180,1.0,Semiurban,Y
Male,Yes,3+,Graduate,No,4763,4311,214.0,360,1.0,Semiurban,Y
Male,Yes,0,Graduate,No,4307,3236,100.0,360,0.0,Urban,N
Male,No,2,Graduate,No,7381,0,144.0,360,1.0,Semiurban,Y
Female,Yes,0,Graduate,No,2918,1865,146.0,360,1.0,Semiurban,Y
Male,Yes,0,Graduate,Yes,9199,1981,84.0,360,1.0,Urban,Y
Male,Yes,3+,Graduate,Yes,2370,7265,106.0,120,1.0,Rural,Y
Male,No,0,Not Graduate,No,6013,0,99.0,360,1.0,Semiurban,Y
Male,Yes,1,Graduate,Yes,2247,1108,141.0,360,1.0,Rural,Y
Male,Yes,0,Not Graduate,,3669,2599,115.0,360,1.0,Urban,Y
Male,Yes,0,Graduate,No,4411,2692,90.0,60,1.0,Rural,Y
Female,Yes,0,Not Graduate,No,3398,1911,127.0,360,1.0,Urban,Y
Male,No,0,Graduate,No,3898,0,,12,1.0,Semiurban,Y
Male,Yes,0,Graduate,No,2266,3531,254.0,120,1.0,Urban,Y
Male,No,2,Graduate,No,2712,0,124.0,360,0.0,Rural,N
Male,No,0,Graduate,No,5293,0,121.0,120,0.0,Semiurban,N
Male,Yes,0,Graduate,No,4287,1460,144.0,360,1.0,Urban,Y
Male,No,0,Graduate,No,3100,0,83.0,360,1.0,Urban,Y
Male,Yes,3+,Graduate,No,7676,2371,60.0,360,1.0,Urban,Y
Male,Yes,3+,Graduate,No,2443,1054,107.0,180,1.0,Urban,Y
Male,No,1,Graduate,No,3594,0,186.0,360,1.0,Semiurban,Y
Female,Yes,2,Graduate,Yes,3369,6149,199.0,360,0.0,Semiurban,N
Female,Yes,0,Graduate,No,5579,3827,57.0,180,1.0,Rural,Y
Male,Yes,0,Graduate,Yes,4322,3310,158.0,360,1.0,Rural,Y
Male,No,1,Not Graduate,Yes,4029,0,50.0,36,1.0,Semiurban,Y
Male,Yes,1,Graduate,No,1844,4939,146.0,360,0.0,Urban,N
Female,Yes,0,Graduate,No,6243,1030,142.0,60,1.0,Urban,Y
Female,Yes,0,Not Graduate,No,3835,3139,60.0,180,1.0,Semiurban,Y
Male,No,3+,Graduate,No,4456,0,181.0,180,0.0,Semiurban,N
Female,No,2,Graduate,No,3020,0,244.0,84,1.0,Semiurban,N
Male,Yes,0,Not Graduate,No,2814,3088,118.0,84,1.0,Rural,Y
Male,No,1,Graduate,No,8305,0,128.0,360,0.0,Rural,Y
Male,Yes,0,Graduate,No,1904,1539,219.0,180,1.0,Urban,Y
Male,Yes,0,Not Graduate,No,2632,1484,77.0,360,0.0,Urban,N
Male,No,0,Not Graduate,No,8235,0,78.0,360,,Rural,Y
Female,No,0,Graduate,Yes,5643,0,86.0,60,1.0,Rural,Y
Female,No,0,Graduate,No,3653,0,,360,1.0,Urban,Y
Male,No,2,Graduate,No,7412,0,123.0,360,1.0,Semiurban,Y
Male,Yes,0,Graduate,Yes,5172,1681,97.0,360,1.0,Semiurban,Y
Male,No,1,Graduate,No,4697,0,107.0,360,1.0,Semiurban,Y
Male,Yes,0,Graduate,No,4682,674,97.0,360,0.0,Urban,N
Male,Yes,0,Not Graduate,No,5215,3099,99.0,360,1.0,Rural,Y
Male,Yes,2,Not Graduate,No,5311,3616,89.0,180,1.0,Semiurban,Y
Female,Yes,1,Graduate,Yes,11363,4368,89.0,360,0.0,Urban,Y
Male,Yes,3+,Graduate,No,3874,798,54.0,360,1.0,Semiurban,Y
Male,Yes,3+,Graduate,Yes,3929,1310,111.0,12,1.0,Semiurban,Y
Male,Yes,0,Graduate,No,2424,2823,55.0,36,1.0,Rural,Y
Male,Yes,0,Graduate,No,4132,2184,164.0,180,1.0,Urban,Y
Male,Yes,2,Graduate,No,9781,2382,97.0,360,1.0,Rural,Y
Male,Yes,3+,Graduate,No,6588,1609,115.0,360,0.0,Urban,N
Female,Yes,1,Not Graduate,No,3312,5066,104.0,60,1.0,Semiurban,Y
Male,No,2,Graduate,No,4287,0,110.0,360,0.0,Semiurban,N
Female,No,2,Graduate,Yes,2360,0,201.0,36,1.0,Semiurban,N
Female,No,0,Graduate,No,2735,0,70.0,360,1.0,Semiurban,Y
Male,Yes,1,Graduate,No,4524,2066,63.0,84,1.0,Rural,Y
Female,No,2,Not Graduate,No,3386,0,127.0,360,1.0,Semiurban,Y
Male,Yes,1,Graduate,No,2643,3286,99.0,360,1.0,Semiurban,Y
Female,Yes,0,Graduate,No,5273,1053,140.0,180,1.0,Urban,Y
Male,Yes,0,Graduate,No,4076,1383,161.0,84,1.0,Urban,Y
Female,No,0,Graduate,No,2089,0,78.0,360,1.0,Urban,Y
Female,Yes,0,Not Graduate,No,1662,10065,154.0,360,1.0,Rural,Y
Female,Yes,3+,Graduate,No,3273,2925,80.0,60,1.0,Rural,Y
Female,Yes,0,Graduate,No,2069,1397,125.0,360,0.0,Rural,N
Male,No,0,Graduate,No,1824,0,74.0,360,1.0,Urban,Y
Male,Yes,0,Graduate,Yes,7030,3239,128.0,360,1.0,Semiurban,Y
Male,Yes,1,Graduate,No,4048,3439,120.0,180,1.0,Urban,Y
Male,Yes,0,Graduate,No,3753,3225,78.0,360,1.0,Rural,Y
Male,Yes,0,Graduate,Yes,3886,1547,70.0,84,1.0,Semiurban,Y
Male,No,0,Not Graduate,No,2535,0,164.0,360,1.0,Urban,N
Female,Yes,0,Graduate,No,5089,2135,101.0,360,1.0,Semiurban,Y
Male,No,0,Graduate,No,3988,0,182.0,360,1.0,Urban,Y
Female,Yes,0,Not Graduate,Yes,3008,1146,97.0,360,1.0,Semiurban,Y
Male,No,3+,Graduate,No,3218,0,204.0,360,0.0,Semiurban,N
Female,Yes,0,Graduate,No,2434,2248,83.0,360,0.0,Semiurban,N
Female,Yes,0,Graduate,No,3523,2785,219.0,360,1.0,Rural,Y
Male,Yes,1,Graduate,No,3797,3211,130.0,360,1.0,Semiurban,Y
Male,Yes,0,Graduate,No,3482,4912,142.0,360,0.0,Semiurban,N
Male,Yes,1,Graduate,No,4336,1254,81.0,360,1.0,Rural,Y
Male,No,0,Graduate,No,4083,0,162.0,360,1.0,Semiurban,Y
Male,Yes,1,Graduate,No,4693,3132,164.0,360,1.0,Urban,Y
Male,No,2,Not Graduate,No,6466,0,106.0,36,1.0,Rural,Y
Male,No,3+,Graduate,No,5524,0,51.0,360,0.0,Urban,N
Male,Yes,0,Not Graduate,No,6500,1682,77.0,360,0.0,Urban,N
Male,No,0,Graduate,No,2888,0,77.0,360,1.0,Urban,Y
Male,No,0,Graduate,No,3364,0,145.0,360,1.0,Urban,Y
Male,Yes,3+,Graduate,No,5676,2619,100.0,360,1.0,Urban,Y
Female,No,3+,Graduate,No,5722,0,101.0,360,0.0,Urban,N
Male,Yes,0,Graduate,No,3116,1498,96.0,360,1.0,Semiurban,Y
Female,Yes,0,Not Graduate,Yes,5570,914,218.0,180,1.0,Urban,Y
Male,No,0,Graduate,No,2766,0,123.0,36,1.0,Urban,Y
Male,Yes,0,Graduate,No,5252,3168,131.0,84,1.0,Semiurban,Y
Male,Yes,0,Graduate,No,4180,1667,94.0,360,0.0,Urban,N
Male,Yes,0,Graduate,No,2268,1164,120.0,180,0.0,Urban,N
Male,No,1,Graduate,No,3479,0,82.0,360,1.0,Semiurban,Y
Male,No,3+,Not Graduate,No,11293,0,139.0,180,1.0,Urban,Y
Male,Yes,3+,Not Graduate,No,4634,1748,76.0,360,1.0,Urban,Y
Male,No,0,Graduate,No,11910,0,163.0,360,0.0,Semiurban,Y
Male,No,1,Graduate,No,2208,0,90.0,360,1.0,Semiurban,Y
Male,Yes,2,Graduate,No,5930,2303,177.0,120,1.0,Semiurban,Y
Male,Yes,0,Graduate,No,1500,3853,260.0,180,1.0,Rural,Y
Female,No,1,Graduate,No,4229,0,121.0,360,1.0,Semiurban,Y
Male,No,0,Not Graduate,Yes,5619,0,205.0,180,1.0,Semiurban,Y
Male,No,0,Not Graduate,No,6167,0,164.0,84,1.0,Urban,Y
Female,Yes,0,Not Graduate,No,2952,3868,68.0,360,1.0,Semiurban,Y
Male,Yes,0,Graduate,No,6751,3414,127.0,360,0.0,Urban,Y
Male,Yes,1,Graduate,No,3327,2032,148.0,120,1.0,Semiurban,Y
Female,Yes,0,Graduate,No,3929,900,154.0,360,1.0,Semiurban,Y
Male,Yes,0,Graduate,No,3480,964,130.0,180,1.0,Semiurban,Y
Male,No,0,Graduate,No,2536,0,129.0,360,0.0,Rural,N
Male,Yes,2,Graduate,No,8573,3565,121.0,36,1.0,Rural,Y
Male,No,0,Graduate,No,4322,0,128.0,60,1.0,Urban,Y
Male,Yes,1,Graduate,No,6900,815,74.0,360,1.0,Urban,Y
Male,Yes,1,Graduate,No,6769,2546,110.0,360,,Rural,Y
Male,Yes,0,Not Graduate,No,2736,1207,67.0,360,1.0,Semiurban,Y
Male,Yes,0,Graduate,No,7311,1460,99.0,360,1.0,Semiurban,Y
Female,Yes,2,Graduate,No,5305,3579,95.0,360,1.0,Semiurban,Y
Female,No,0,Not Graduate,No,2648,0,93.0,120,0.0,Semiurban,N
Male,No,0,Graduate,Yes,5177,0,79.0,84,1.0,Rural,Y
Male,Yes,1,Graduate,No,2669,1970,135.0,60,1.0,Semiurban,Y
Male,Yes,0,Graduate,No,8715,3394,106.0,360,1.0,Semiurban,Y
Male,No,0,Graduate,No,6100,0,102.0,120,1.0,Semiurban,Y
Male,Yes,0,Graduate,No,4096,1712,69.0,360,1.0,Rural,Y
Male,Yes,0,Not Graduate,No,7473,1642,107.0,360,,Semiurban,Y
Female,Yes,1,Not Graduate,No,2075,2027,192.0,360,1.0,Semiurban,Y
Male,No,1,Graduate,No,3019,0,193.0,84,1.0,Rural,N
Male,Yes,1,Graduate,No,3775,1745,141.0,360,0.0,Semiurban,N
Male,Yes,1,Not Graduate,No,11568,4774,107.0,12,1.0,Semiurban,Y
Male,No,0,Graduate,Yes,2613,0,151.0,360,1.0,Semiurban,N
Female,Yes,0,Graduate,Yes,1961,900,93.0,360,1.0,Semiurban,Y
Male,Yes,0,Not Graduate,No,2208,944,107.0,360,1.0,Urban,Y
Male,Yes,0,Not Graduate,No,6360,9868,90.0,360,1.0,Semiurban,Y
Male,No,3+,Not Graduate,No,3237,0,174.0,360,0.0,Semiurban,N
Male,Yes,2,Graduate,No,3937,1699,166.0,360,1.0,Semiurban,Y
Male,No,0,Graduate,No,5962,0,119.0,360,0.0,Rural,N
Male,No,0,Not Graduate,No,3939,0,242.0,360,1.0,Semiurban,Y
Male,Yes,0,Graduate,No,4637,1360,143.0,84,0.0,Rural,N
Male,No,0,Not Graduate,Yes,5382,0,140.0,360,1.0,Urban,Y
Male,Yes,0,Graduate,No,3484,1817,134.0,360,1.0,Urban,Y
Male,Yes,0,Not Graduate,Yes,3925,1293,73.0,180,1.0,Semiurban,Y
Male,Yes,2,Graduate,No,4716,1574,84.0,360,1.0,Semiurban,Y
Male,Yes,2,Graduate,No,6252,2469,118.0,60,,Urban,Y
Male,Yes,0,Graduate,No,2961,1098,119.0,180,1.0,Urban,Y
Female,Yes,0,Graduate,No,1500,9565,153.0,360,1.0,Semiurban,Y
Female,Yes,0,Graduate,Yes,5743,3139,93.0,84,1.0,Urban,Y
Female,No,2,Graduate,No,6421,0,124.0,60,1.0,Semiurban,Y
Male,Yes,2,Not Graduate,No,4628,451,125.0,120,1.0,Rural,Y
Male,No,3+,Graduate,Yes,4773,0,127.0,360,1.0,Rural,Y
Male,Yes,0,Graduate,No,3281,3012,122.0,12,1.0,Urban,Y
Male,Yes,1,Graduate,No,5297,2681,69.0,360,1.0,Semiurban,Y
Female,Yes,0,Not Graduate,No,6210,1869,49.0,360,1.0,Semiurban,Y
Male,Yes,1,Graduate,No,4339,1392,83.0,360,1.0,Rural,Y
Male,Yes,0,Graduate,No,12978,1161,,360,0.0,Rural,Y
Male,No,0,Not Graduate,No,2092,0,75.0,60,1.0,Urban,Y
Male,No,1,Graduate,No,4552,0,118.0,120,1.0,Urban,Y
Male,No,0,Graduate,No,2493,0,187.0,120,1.0,Urban,N
Male,Yes,0,Graduate,No,6285,4440,162.0,360,0.0,Urban,Y
Male,No,0,Graduate,No,2076,0,146.0,60,0.0,Semiurban,N
Male,Yes,0,Graduate,No,2320,2882,180.0,360,1.0,Semiurban,Y
Male,Yes,0,Not Graduate,No,3181,3159,83.0,360,1.0,Urban,Y
Female,No,0,Not Graduate,No,4767,0,101.0,180,0.0,Semiurban,N
Female,Yes,0,Graduate,No,3235,1204,155.0,360,0.0,Rural,N
Female,Yes,0,Graduate,No,3250,3794,100.0,360,1.0,Semiurban,Y
Female,Yes,3+,Graduate,Yes,3899,1146,102.0,60,1.0,Urban,Y
Male,Yes,0,Graduate,No,3793,1930,255.0,180,0.0,Semiurban,N
Male,No,0,Graduate,No,8261,0,126.0,36,1.0,Semiurban,Y
Male,Yes,0,Not Graduate,No,5759,3597,246.0,360,1.0,Rural,Y
Male,No,2,Graduate,No,3655,0,58.0,360,1.0,Urban,Y
Female,Yes,1,Graduate,Yes,10868,3309,94.0,360,1.0,Semiurban,Y
Male,Yes,0,Graduate,No,5277,1932,143.0,60,1.0,Semiurban,Y
Female,Yes,1,Graduate,No,2735,3680,126.0,360,1.0,Semiurban,Y
Male,Yes,1,Graduate,No,4747,585,53.0,360,1.0,Semiurban,Y
Male,Yes,1,Graduate,No,5382,1838,110.0,360,0.0,Urban,N
Male,No,1,Graduate,No,3104,0,326.0,180,0.0,Semiurban,N
Female,No,2,Graduate,No,2634,0,134.0,360,1.0,Urban,Y
Male,No,2,Graduate,No,4398,0,154.0,360,1.0,Urban,Y
Male,No,1,Graduate,No,3597,0,93.0,180,0.0,Semiurban,N
Male,No,0,Not Graduate,No,8230,0,133.0,360,1.0,Urban,Y
Male,Yes,1,Not Graduate,No,5904,1457,120.0,360,1.0,Urban,Y
Male,No,2,Graduate,No,3170,0,190.0,120,1.0,Semiurban,Y
Male,Yes,0,Graduate,Yes,5123,2510,187.0,180,1.0,Semiurban,Y
Male,Yes,3+,Not Graduate,No,7481,1417,143.0,360,1.0,Urban,Y
Male,Yes,0,Graduate,No,2259,1959,125.0,120,0.0,Semiurban,N
Male,Yes,0,Graduate,No,2669,4402,62.0,60,0.0,Urban,N
Male,Yes,2,Graduate,No,4208,1215,61.0,360,,Urban,Y
Male,No,0,Graduate,Yes,4298,0,125.0,180,1.0,Semiurban,Y
Male,Yes,0,Graduate,No,4131,1661,172.0,84,1.0,Urban,Y
Male,Yes,0,Graduate,No,3678,13291,206.0,84,1.0,Rural,Y
Male,Yes,0,Not Graduate,No,3652,2878,85.0,360,0.0,Urban,N
Female,Yes,0,Graduate,No,5028,3941,66.0,12,1.0,Rural,Y
Male,Yes,0,Graduate,No,7046,3168,176.0,360,0.0,Rural,N
Male,Yes,0,Not Graduate,No,3406,3298,87.0,12,1.0,Rural,Y
Male,Yes,3+,Not Graduate,No,12673,2654,64.0,360,1.0,Semiurban,Y
Male,Yes,3+,Not Graduate,No,10222,2487,99.0,360,1.0,Rural,Y
Male,No,0,Not Graduate,Yes,7693,0,99.0,60,,Rural,Y
Male,No,1,Graduate,Yes,5597,0,206.0,360,,Urban,Y
Male,Yes,0,Not Graduate,No,10442,1872,171.0,360,1.0,Semiurban,Y
Male,Yes,0,Graduate,No,3712,2771,90.0,180,1.0,Urban,Y
Male,Yes,0,Graduate,No,2908,1915,212.0,180,1.0,Semiurban,Y
Male,No,3+,Graduate,Yes,3338,0,127.0,360,1.0,Semiurban,Y
Male,Yes,3+,Graduate,No,2693,3512,185.0,360,0.0,Urban,N
Male,Yes,0,Not Graduate,No,4468,348,206.0,360,1.0,Rural,Y
Male,No,0,Graduate,,4841,0,109.0,360,1.0,Urban,Y
Male,Yes,0,Graduate,No,4630,655,152.0,360,1.0,Rural,Y
Female,Yes,0,Graduate,No,4206,2306,103.0,360,1.0,Urban,Y
Male,Yes,1,Graduate,Yes,4491,1668,176.0,360,1.0,Semiurban,Y
Male,No,0,Graduate,No,9240,0,125.0,180,1.0,Urban,Y
Male,No,2,Graduate,No,5591,0,178.0,84,1.0,Urban,Y
Male,No,0,Not Graduate,No,6406,0,223.0,360,1.0,Semiurban,Y
Male,Yes,3+,Graduate,Yes,4609,3509,151.0,360,1.0,Urban,Y
Male,Yes,1,Graduate,No,2044,1650,117.0,180,1.0,Semiurban,Y
Male,No,0,Graduate,No,1870,0,117.0,60,1.0,Rural,N
Male,No,2,Graduate,Yes,10799,0,37.0,360,1.0,Urban,Y
Male,Yes,2,Graduate,No,3329,5259,91.0,360,0.0,Rural,N
Male,No,0,Graduate,No,3204,0,176.0,12,1.0,Urban,N
Male,Yes,0,Graduate,No,4724,2807,179.0,180,1.0,Urban,Y
Female,Yes,3+,Graduate,No,5419,10410,90.0,120,1.0,Urban,Y
Female,No,0,Graduate,No,5736,0,129.0,180,1.0,Rural,Y
Male,Yes,0,Graduate,No,9400,1270,112.0,360,1.0,Urban,Y
Female,No,0,Graduate,No,8310,0,160.0,360,1.0,Rural,Y
Male,Yes,2,Graduate,No,2936,4959,293.0,180,1.0,Rural,Y
Male,Yes,2,Graduate,No,6541,1135,161.0,360,0.0,Semiurban,Y
Male,No,3+,Not Graduate,No,3558,0,92.0,360,1.0,Semiurban,Y
Female,No,0,Graduate,No,3976,0,117.0,360,1.0,Rural,Y
Male,Yes,0,Graduate,No,2585,1858,212.0,60,0.0,Semiurban,N
Male,Yes,1,Graduate,No,1974,2217,69.0,60,1.0,Urban,Y
Male,Yes,2,Graduate,No,4170,1176,95.0,360,0.0,Semiurban,N
Female,Yes,0,Graduate,No,2751,1376,161.0,180,1.0,Rural,Y
Male,No,0,Not Graduate,No,6422,0,203.0,360,1.0,Rural,Y
Male,No,0,Not Graduate,No,3727,0,155.0,360,1.0,Urban,Y
Male,Yes,1,Not Graduate,No,4860,561,95.0,360,0.0,Urban,N
Male,Yes,2,Not Graduate,No,7827,2226,150.0,180,1.0,Rural,Y
Male,Yes,1,Graduate,No,2168,1866,143.0,360,1.0,Urban,Y
Female,No,3+,Graduate,No,3053,0,139.0,360,1.0,Semiurban,Y
Male,Yes,0,Graduate,No,4588,1652,116.0,360,1.0,Urban,Y
Male,Yes,3+,Not Graduate,No,4868,921,124.0,360,1.0,Rural,Y
Male,Yes,2,Graduate,No,6950,5041,84.0,60,1.0,Rural,Y
Female,Yes,0,Graduate,Yes,6249,4006,327.0,360,1.0,Urban,Y
Male,Yes,3+,Graduate,No,4418,1877,129.0,360,0.0,Urban,N
Male,Yes,0,Not Graduate,Yes,4849,1490,151.0,360,0.0,Semiurban,N
Female,No,2,Graduate,Yes,4909,0,111.0,360,1.0,Urban,Y
Female,No,2,Graduate,No,2183,0,170.0,360,0.0,Semiurban,N
Female,No,2,Not Graduate,No,3942,0,72.0,360,1.0,Semiurban,Y
Female,Yes,1,Graduate,No,4730,3191,60.0,360,1.0,Urban,Y
Male,Yes,0,Not Graduate,No,5199,2170,120.0,360,1.0,Urban,Y
Male,Yes,0,Graduate,Yes,2790,1897,276.0,360,0.0,Rural,N
Male,Yes,0,Graduate,No,2389,2164,197.0,360,0.0,Semiurban,N
Female,No,2,Not Graduate,No,3806,0,87.0,84,0.0,Urban,N
Male,Yes,2,Graduate,Yes,10252,1480,149.0,360,1.0,Semiurban,Y
Male,Yes,3+,Graduate,No,2925,1808,94.0,180,0.0,Rural,N
Male,No,0,Graduate,No,7174,0,,120,1.0,Semiurban,Y
Male,No,2,Graduate,No,8631,0,148.0,360,1.0,Urban,Y
Male,Yes,3+,Graduate,No,4317,1741,176.0,180,1.0,Urban,Y
Female,Yes,2,Graduate,No,3115,1067,,180,1.0,Rural,Y
Female,Yes,0,Graduate,No,5328,2041,73.0,180,0.0,Rural,Y
Male,Yes,0,Not Graduate,No,4618,6680,117.0,60,0.0,Semiurban,Y
Male,Yes,0,Graduate,Yes,2873,1124,80.0,360,1.0,Urban,Y
Male,Yes,1,Graduate,No,3144,3399,77.0,360,1.0,Semiurban,Y
Male,No,1,Graduate,No,5188,0,135.0,360,1.0,Rural,Y
Female,Yes,3+,Graduate,No,6438,1610,84.0,360,1.0,Semiurban,Y
Male,Yes,0,Not Graduate,No,3658,1312,299.0,360,1.0,Urban,Y
Male,Yes,0,Graduate,No,4100,2821,98.0,60,1.0,Semiurban,Y
Female,Yes,1,Not Graduate,Yes,5715,2469,109.0,360,1.0,Rural,Y
Male,No,2,Graduate,No,3914,0,136.0,360,1.0,Urban,Y
Male,Yes,3+,Graduate,Yes,3697,6934,66.0,360,1.0,Semiurban,Y
Male,Yes,2,Graduate,No,3011,2208,148.0,360,1.0,Semiurban,Y
Male,Yes,0,Graduate,No,2987,977,139.0,360,1.0,Semiurban,Y
Male,No,1,Graduate,No,14058,0,105.0,84,0.0,Semiurban,Y
Male,Yes,2,Graduate,No,3872,2309,135.0,12,1.0,Semiurban,Y
Male,No,0,Graduate,No,7818,0,144.0,360,0.0,Urban,N
Female,Yes,0,Not Graduate,No,9025,1775,215.0,360,1.0,Urban,Y
Male,Yes,0,Graduate,No,3894,1563,330.0,120,1.0,Semiurban,Y
Male,Yes,0,Graduate,No,4993,877,79.0,84,0.0,Urban,N
Male,No,1,Graduate,No,4429,0,72.0,60,1.0,Semiurban,Y
Male,No,0,Graduate,No,2047,0,126.0,180,1.0,Semiurban,Y
Male,Yes,0,Not Graduate,No,2104,1748,52.0,360,1.0,Urban,Y
Male,Yes,0,Graduate,,4324,2620,157.0,180,1.0,Semiurban,Y
Male,Yes,1,Graduate,No,3493,1438,127.0,360,1.0,Semiurban,Y
Female,Yes,0,Graduate,No,9909,926,140.0,180,0.0,Urban,Y
Male,Yes,1,Graduate,No,3802,2592,107.0,180,1.0,Semiurban,Y
Male,No,0,Graduate,,10177,0,134.0,180,1.0,Rural,Y
Female,No,0,Graduate,No,3413,0,146.0,360,1.0,Semiurban,Y
Male,Yes,0,Not Graduate,No,10001,5250,131.0,180,1.0,Semiurban,Y
Male,Yes,0,Graduate,No,5312,2564,70.0,180,1.0,Urban,Y
Male,No,0,Graduate,No,5450,0,130.0,360,1.0,Urban,Y
Male,No,0,Graduate,,3360,0,255.0,60,1.0,Urban,N
Male,Yes,2,Graduate,Yes,5484,2548,133.0,180,1.0,Rural,Y
Male,Yes,1,Not Graduate,Yes,9060,2619,128.0,180,0.0,Urban,N
Female,Yes,0,Not Graduate,Yes,3963,2542,226.0,360,1.0,Urban,Y
Male,Yes,0,Graduate,No,3631,3792,90.0,60,1.0,Semiurban,Y
Male,Yes,3+,Graduate,No,3785,4346,173.0,360,1.0,Urban,Y
Male,Yes,1,Graduate,No,8769,6656,98.0,180,1.0,Urban,Y
Male,Yes,0,Graduate,No,6216,1209,187.0,36,1.0,Semiurban,Y
Male,Yes,1,Graduate,No,8114,1416,167.0,60,1.0,Urban,Y
Male,Yes,2,Not Graduate,No,4871,2481,103.0,180,0.0,Semiurban,Y
Female,Yes,2,Graduate,No,4305,1252,109.0,360,1.0,Urban,Y
Male,No,0,Graduate,No,5119,0,179.0,36,1.0,Semiurban,Y
Male,No,0,Not Graduate,No,6847,0,57.0,12,1.0,Rural,Y
Male,Yes,0,Graduate,No,3784,3430,101.0,360,1.0,Rural,Y
Male,Yes,3+,Not Graduate,No,7831,4296,155.0,360,0.0,Rural,N
Female,No,1,Graduate,No,4987,0,107.0,360,1.0,Rural,Y
Female,Yes,0,Not Graduate,No,1500,2638,128.0,360,0.0,Semiurban,N
Male,Yes,3+,Graduate,Yes,6295,2311,53.0,360,1.0,Semiurban,Y
Male,Yes,3+,Graduate,No,2386,2019,86.0,360,0.0,Semiurban,N
Male,Yes,3+,Graduate,No,6226,1224,159.0,36,1.0,Rural,Y
Female,Yes,2,Graduate,No,6346,1134,89.0,360,0.0,Semiurban,N
Male,No,3+,Graduate,No,4907,0,72.0,60,1.0,Urban,Y
Male,Yes,0,Not Graduate,No,5402,1212,185.0,60,0.0,Rural,N
Male,Yes,2,Not Graduate,No,6936,688,149.0,84,1.0,Rural,Y
Male,No,2,Graduate,No,3384,0,78.0,360,1.0,Rural,Y
Male,Yes,0,Graduate,No,6045,4784,128.0,360,1.0,Urban,Y
Male,Yes,0,Graduate,No,7139,373,79.0,360,0.0,Urban,Y
Male,Yes,3+,Graduate,Yes,9339,1680,114.0,36,1.0,Urban,Y
Female,Yes,0,Graduate,No,2571,2996,130.0,360,1.0,Semiurban,Y
Male,Yes,2,Not Graduate,No,5083,669,87.0,360,1.0,Urban,Y
Male,Yes,0,Graduate,Yes,2744,1758,163.0,360,1.0,Semiurban,Y
Male,Yes,0,Graduate,No,2692,1008,173.0,360,0.0,Urban,N
Male,No,0,Graduate,No,4971,0,135.0,36,1.0,Urban,Y
Male,Yes,0,Not Graduate,No,4380,1569,143.0,360,0.0,Semiurban,N
Male,Yes,1,Graduate,No,7081,1018,67.0,180,1.0,Rural,Y
Male,Yes,1,Graduate,No,3619,968,209.0,360,1.0,Urban,Y
Male,Yes,0,Graduate,Yes,3982,1928,117.0,84,0.0,Semiurban,N
Male,Yes,0,Graduate,No,4652,7602,83.0,360,1.0,Urban,Y
Male,No,0,Graduate,No,2870,0,128.0,60,1.0,Urban,Y
Female,Yes,0,Graduate,No,3055,3664,163.0,360,1.0,Semiurban,Y
Male,Yes,2,Graduate,No,6990,3223,149.0,180,1.0,Semiurban,Y
Female,No,0,Graduate,Yes,3304,0,,360,1.0,Rural,Y
Male,Yes,0,Not Graduate,,7202,2407,164.0,360,1.0,Semiurban,Y
Male,Yes,0,Graduate,No,5559,3860,118.0,360,1.0,Rural,Y
Male,No,0,Graduate,Yes,2108,0,148.0,360,1.0,Urban,N
Male,No,0,Graduate,No,5370,0,88.0,360,0.0,Urban,N
Female,No,0,Graduate,No,5351,0,184.0,180,1.0,Urban,Y
Male,Yes,2,Graduate,No,5116,8758,130.0,360,0.0,Rural,Y
Female,Yes,3+,Graduate,No,3968,3306,195.0,360,1.0,Urban,Y
Male,No,2,Graduate,Yes,2771,0,65.0,360,0.0,Urban,N
Male,Yes,0,Not Graduate,No,7752,1911,69.0,360,0.0,Semiurban,N
Male,Yes,0,Not Graduate,No,4041,1061,110.0,360,1.0,Urban,Y
Male,No,0,Graduate,No,2842,0,,360,0.0,Urban,N
Male,Yes,1,Graduate,No,5197,5230,266.0,360,1.0,Urban,Y
Male,No,3+,Not Graduate,No,3028,0,85.0,360,1.0,Urban,Y
Male,Yes,0,Graduate,No,2759,7394,124.0,360,1.0,Semiurban,Y
Male,Yes,0,Graduate,No,3572,2920,129.0,360,1.0,Semiurban,Y
Male,Yes,1,Not Graduate,No,3135,1543,161.0,60,0.0,Urban,N
Female,No,2,Not Graduate,No,2805,0,173.0,60,1.0,Urban,N
Female,Yes,2,Graduate,No,6080,2538,77.0,180,1.0,Rural,Y
Male,Yes,1,Graduate,No,4018,3303,124.0,360,1.0,Semiurban,Y
Male,No,3+,Graduate,No,7431,0,54.0,180,0.0,Semiurban,N
Male,No,0,Not Graduate,No,2879,0,168.0,360,1.0,Semiurban,N
Female,No,3+,Not Graduate,No,1944,0,106.0,360,1.0,Urban,N
Male,Yes,3+,Graduate,Yes,4523,5518,75.0,360,1.0,Rural,Y
Male,Yes,2,Graduate,No,9751,4670,138.0,360,1.0,Semiurban,Y
Female,No,0,Graduate,No,5371,0,104.0,360,0.0,Urban,N
Male,Yes,0,Graduate,No,17978,2825,201.0,180,1.0,Semiurban,Y
Male,Yes,0,Not Graduate,No,4911,2708,85.0,60,1.0,Urban,Y
Male,Yes,0,Graduate,No,4703,1155,295.0,360,1.0,Urban,Y
Male,No,2,Graduate,No,1603,0,171.0,360,1.0,Rural,N
Male,Yes,0,Graduate,No,5128,606,203.0,360,1.0,Rural,Y
Male,No,0,Graduate,No,4563,0,80.0,360,1.0,Urban,Y
Male,Yes,2,Graduate,No,3521,581,248.0,360,1.0,Urban,Y
Male,Yes,0,Graduate,No,3977,3822,74.0,360,,Rural,Y
Female,Yes,0,Not Graduate,,4102,2522,111.0,360,1.0,Urban,Y
Male,Yes,0,Graduate,No,3901,592,204.0,180,1.0,Semiurban,Y
Male,Yes,1,Not Graduate,No,10833,1783,148.0,180,1.0,Semiurban,Y
Male,Yes,0,Graduate,No,3579,6506,,60,0.0,Semiurban,Y
Female,Yes,2,Graduate,No,4565,1853,191.0,180,1.0,Semiurban,Y
Male,No,0,Graduate,No,3527,0,139.0,360,1.0,Semiurban,Y
Male,No,3+,Not Graduate,No,6018,0,102.0,120,1.0,Rural,Y
Female,No,0,Graduate,No,4580,0,65.0,360,1.0,Urban,Y
Female,Yes,0,Graduate,Yes,3729,2755,144.0,360,0.0,Rural,N
Male,Yes,0,Not Graduate,No,1778,1540,113.0,360,1.0,Urban,N
Female,Yes,0,Graduate,No,4719,1618,129.0,360,1.0,Urban,Y
Male,No,0,Not Graduate,No,3680,0,,360,0.0,Urban,N
Male,No,0,Not Graduate,No,4116,0,102.0,360,1.0,Semiurban,Y
Male,No,0,Graduate,No,2484,0,147.0,360,1.0,Urban,Y
Male,Yes,1,Graduate,No,8062,2415,257.0,360,1.0,Rural,Y
Male,Yes,0,Graduate,No,6220,850,111.0,120,1.0,Semiurban,Y
Male,Yes,0,Graduate,No,8053,1269,216.0,360,1.0,Urban,Y
Male,Yes,2,Not Graduate,No,7087,3664,166.0,360,1.0,Semiurban,Y
Male,Yes,3+,Not Graduate,No,5522,2504,133.0,120,1.0,Rural,Y
Male,No,0,Graduate,No,2529,0,81.0,360,1.0,Semiurban,Y
Male,Yes,0,Graduate,No,9696,7260,82.0,120,0.0,Urban,Y
Male,Yes,3+,Graduate,No,2786,1927,155.0,84,1.0,Rural,Y
Male,Yes,0,Graduate,No,3748,2024,98.0,12,1.0,Semiurban,Y
Male,No,3+,Graduate,No,5814,0,94.0,360,1.0,Urban,Y
Male,Yes,0,Graduate,No,5945,1531,113.0,360,0.0,Urban,N
Female,No,2,Graduate,No,5472,0,113.0,180,1.0,Semiurban,Y
Male,No,0,Graduate,No,3532,0,174.0,360,0.0,Rural,N
Male,Yes,3+,Graduate,No,3219,2472,99.0,360,0.0,Urban,N
Male,Yes,0,Graduate,No,13233,2556,167.0,360,1.0,Urban,Y
Male,Yes,1,Not Graduate,No,4156,2076,144.0,180,1.0,Rural,Y
Male,Yes,0,Graduate,Yes,3933,3483,62.0,360,1.0,Urban,Y
Female,No,0,Not Graduate,No,3068,0,136.0,180,1.0,Rural,N
Male,No,2,Graduate,No,4722,0,41.0,360,1.0,Urban,Y
Male,Yes,0,Not Graduate,No,4624,1145,84.0,180,0.0,Semiurban,N
Male,Yes,3+,Not Graduate,No,4199,788,146.0,360,1.0,Urban,Y
Male,Yes,0,Graduate,No,5022,4799,120.0,360,1.0,Rural,Y
Male,Yes,2,Graduate,No,9354,1313,59.0,360,1.0,Semiurban,Y
Male,Yes,0,Not Graduate,No,3236,1146,77.0,360,0.0,Rural,N
Male,Yes,3+,Graduate,No,4312,1555,42.0,360,,Semiurban,Y
Male,Yes,3+,Not Graduate,No,3160,1690,71.0,360,1.0,Urban,Y
Male,No,0,Not Graduate,No,4830,0,153.0,36,1.0,Urban,Y
Female,Yes,2,Graduate,No,3275,1641,97.0,180,1.0,Semiurban,Y
Male,Yes,2,Graduate,Yes,3339,9701,130.0,84,0.0,Semiurban,Y
Male,Yes,0,Graduate,No,2193,2076,122.0,12,1.0,Rural,Y
Male,No,1,Not Graduate,No,4420,0,123.0,360,1.0,Semiurban,Y
Male,Yes,0,Graduate,No,5132,3416,182.0,360,1.0,Semiurban,Y
Female,Yes,2,Graduate,No,9771,2481,112.0,60,0.0,Rural,Y
Male,Yes,0,Graduate,No,5225,5149,174.0,180,1.0,Urban,Y
Male,No,0,Graduate,No,3455,0,45.0,36,1.0,Rural,Y
Female,Yes,0,Graduate,No,2294,2924,189.0,180,1.0,Semiurban,Y
Male,No,1,Graduate,No,2441,0,72.0,120,0.0,Semiurban,N
Female,No,2,Graduate,No,2361,0,79.0,60,,Urban,N
Male,No,3+,Graduate,No,9848,0,91.0,120,1.0,Urban,Y
Male,Yes,0,Not Graduate,No,4815,1331,187.0,360,1.0,Urban,Y
Male,Yes,0,Graduate,Yes,3254,5717,85.0,360,1.0,Rural,Y
Male,Yes,2,Not Graduate,No,2746,4771,93.0,84,1.0,Rural,Y
Female,No,1,Not Graduate,No,2877,0,82.0,120,0.0,Urban,N
Male,Yes,0,Graduate,No,3215,486,134.0,360,0.0,Rural,N
Male,Yes,0,Graduate,,7648,1766,163.0,360,0.0,Semiurban,Y
Male,No,0,Graduate,Yes,4173,0,240.0,180,1.0,Rural,N
Male,Yes,0,Graduate,No,2205,1485,317.0,360,0.0,Urban,N
Male,Yes,2,Graduate,No,11964,1061,157.0,360,0.0,Semiurban,Y
Female,Yes,0,Not Graduate,No,2532,760,140.0,360,1.0,Semiurban,Y
Male,Yes,2,Graduate,No,3242,6185,74.0,60,1.0,Urban,Y
Male,No,0,Not Graduate,No,7627,0,260.0,360,1.0,Semiurban,Y
Male,Yes,0,Graduate,No,5099,4663,132.0,360,1.0,Semiurban,Y
Male,Yes,2,Graduate,No,3423,1749,,84,0.0,Urban,N
Male,Yes,1,Not Graduate,No,2430,1013,141.0,360,1.0,Urban,Y
Male,No,0,Graduate,No,2738,0,94.0,360,0.0,Rural,N
Female,No,1,Graduate,No,2813,0,47.0,36,1.0,Urban,Y
Male,Yes,0,Graduate,No,4243,1764,,180,0.0,Urban,N
Male,Yes,2,Graduate,No,4609,2179,207.0,360,1.0,Semiurban,Y
Male,Yes,0,Graduate,No,3956,1227,151.0,120,1.0,Semiurban,Y
Female,No,1,Graduate,No,4156,0,121.0,120,1.0,Semiurban,Y
Male,Yes,0,Graduate,No,2636,1937,122.0,84,1.0,Semiurban,Y
Male,No,0,Graduate,No,4826,0,130.0,360,1.0,Urban,Y
Male,Yes,3+,Not Graduate,No,7526,1163,128.0,360,1.0,Semiurban,Y
Male,Yes,2,Graduate,No,3931,2191,118.0,180,0.0,Rural,N
Male,Yes,0,Graduate,Yes,3897,4931,122.0,360,1.0,Rural,Y
Male,No,0,Graduate,No,4391,0,226.0,360,1.0,Semiurban,Y
Male,Yes,0,Graduate,No,6996,2104,146.0,360,1.0,Urban,Y
Male,No,1,Graduate,No,2828,0,126.0,360,1.0,Semiurban,Y
Female,Yes,2,Graduate,No,8126,1326,158.0,360,1.0,Urban,Y
Female,Yes,2,Graduate,No,5113,1101,158.0,360,0.0,Semiurban,N
Male,Yes,0,Graduate,No,4285,1103,177.0,120,1.0,Urban,Y
Male,No,2,Graduate,No,7302,0,89.0,360,0.0,Urban,Y
Male,Yes,0,Not Graduate,No,2485,3148,100.0,360,1.0,Semiurban,Y
Male,No,0,Graduate,No,5350,0,87.0,180,,Semiurban,Y
Male,No,1,Graduate,No,5133,0,165.0,360,0.0,Semiurban,N
Male,No,3+,Graduate,No,2776,0,161.0,180,0.0,Semiurban,N
Male,Yes,2,Graduate,No,5204,2402,73.0,360,1.0,Semiurban,Y
Female,No,1,Not Graduate,No,4805,0,142.0,360,0.0,Urban,N
Male,No,1,Graduate,No,3903,0,210.0,360,1.0,Semiurban,Y
Male,Yes,3+,Not Graduate,No,6237,1223,110.0,12,1.0,Urban,Y
Female,Yes,0,Graduate,No,3270,802,137.0,360,1.0,Urban,Y
Male,Yes,0,Graduate,No,4777,2910,162.0,180,1.0,Semiurban,Y
Male,Yes,3+,Not Graduate,No,3986,2115,71.0,360,1.0,Semiurban,Y
Male,Yes,2,Graduate,No,3207,1050,129.0,360,0.0,Semiurban,N
Male,Yes,0,Not Graduate,No,5304,2398,202.0,360,1.0,Semiurban,Y
Male,Yes,0,Graduate,No,3852,850,95.0,60,1.0,Rural,Y
Male,Yes,0,Graduate,No,2180,1068,169.0,360,0.0,Semiurban,N
Male,Yes,0,Graduate,No,1880,1304,122.0,360,1.0,Semiurban,Y
Female,Yes,3+,Graduate,Yes,6033,2763,92.0,180,1.0,Semiurban,Y
Female,Yes,0,Graduate,No,2442,4627,116.0,360,0.0,Urban,N
Female,Yes,2,Graduate,No,4796,1405,98.0,360,0.0,Semiurban,N
Male,Yes,0,Graduate,No,4336,4418,85.0,360,1.0,Semiurban,Y
Male,Yes,0,Graduate,No,3583,2055,109.0,36,1.0,Urban,Y
Female,Yes,0,Graduate,No,10203,2302,124.0,360,0.0,Semiurban,Y
Male,No,2,Not Graduate,No,4586,0,113.0,12,1.0,Semiurban,Y
Male,Yes,1,Graduate,No,5943,1775,109.0,360,1.0,Rural,Y
Male,No,1,Graduate,No,4808,0,133.0,360,1.0,Rural,Y
Male,Yes,0,Graduate,No,3811,3115,150.0,60,1.0,Urban,Y
Female,Yes,0,Not Graduate,,4193,1175,76.0,360,1.0,Semiurban,Y
Male,Yes,0,Graduate,No,8154,1783,109.0,360,1.0,Urban,Y
Male,Yes,0,Not Graduate,No,6902,5440,55.0,360,1.0,Urban,Y
Male,No,1,Not Graduate,No,10182,0,113.0,360,1.0,Rural,Y
Male,Yes,1,Graduate,No,4673,2373,129.0,180,1.0,Urban,Y
Female,Yes,1,Graduate,No,2850,4025,152.0,360,1.0,Urban,Y
Male,Yes,0,Not Graduate,No,3469,1479,129.0,360,0.0,Rural,N
Male,Yes,0,Graduate,No,2478,1957,151.0,60,0.0,Rural,N
Female,No,0,Graduate,,5973,0,124.0,360,1.0,Rural,Y
Male,No,0,Not Graduate,No,3249,0,92.0,360,1.0,Rural,Y
Male,Yes,2,Graduate,No,1500,483,77.0,360,1.0,Semiurban,Y
Male,Yes,1,Not Graduate,No,12819,1284,109.0,84,1.0,Urban,Y
Female,Yes,0,Not Graduate,No,3272,1097,89.0,360,1.0,Semiurban,Y
Male,No,0,Graduate,No,3263,0,115.0,360,1.0,Semiurban,Y
Male,Yes,2,Graduate,No,8975,1148,99.0,36,1.0,Urban,Y
Female,Yes,2,Graduate,No,2455,2976,143.0,180,0.0,Rural,N
Male,No,1,Graduate,No,7054,0,123.0,180,0.0,Semiurban,N
Female,Yes,0,Not Graduate,Yes,3247,3406,145.0,360,0.0,Urban,N
Male,Yes,0,Not Graduate,No,2331,3539,145.0,180,1.0,Urban,Y
Male,No,3+,Graduate,Yes,9114,0,113.0,360,1.0,Urban,Y
Male,Yes,2,Graduate,No,6408,1633,115.0,60,1.0,Rural,Y
Female,Yes,0,Graduate,Yes,6399,2127,148.0,360,1.0,Semiurban,Y
Male,Yes,2,Graduate,No,4991,1515,323.0,360,0.0,Semiurban,N
Female,Yes,2,Graduate,Yes,5539,881,81.0,360,,Semiurban,Y
Female,Yes,0,Not Graduate,No,2429,3541,123.0,360,1.0,Semiurban,Y
Male,No,0,Graduate,No,4448,0,,360,1.0,Semiurban,Y
Female,Yes,0,Not Graduate,No,2785,811,120.0,84,0.0,Semiurban,N
Male,No,0,Graduate,No,2264,0,92.0,60,1.0,Rural,Y
Male,No,1,Graduate,No,5089,0,115.0,180,0.0,Rural,N
Male,Yes,0,Graduate,No,7123,580,129.0,360,1.0,Rural,Y
Female,Yes,2,Not Graduate,No,3559,876,99.0,360,0.0,Semiurban,N
Male,Yes,3+,Graduate,No,3845,1312,59.0,36,1.0,Rural,Y
Male,No,0,Graduate,No,2534,0,214.0,360,1.0,Semiurban,N
Male,No,0,Graduate,No,4243,0,169.0,360,1.0,Rural,Y
Male,Yes,2,Graduate,No,5955,3140,115.0,360,0.0,Rural,N
Male,No,2,Graduate,No,6040,0,84.0,12,1.0,Rural,Y
Female,Yes,2,Graduate,No,5406,1957,125.0,360,1.0,Rural,Y
Female,No,0,Graduate,No,3202,0,140.0,360,1.0,Semiurban,Y
Male,Yes,0,Graduate,Yes,3157,3040,165.0,180,0.0,Urban,N
Female,Yes,1,Graduate,No,6050,2283,171.0,360,1.0,Urban,Y
Male,No,3+,Not Graduate,No,6096,0,184.0,180,1.0,Rural,Y
Female,Yes,0,Graduate,No,3915,1572,60.0,360,1.0,Urban,Y
Male,Yes,3+,Graduate,Yes,3491,1930,107.0,360,1.0,Semiurban,Y
Male,Yes,0,Graduate,No,7152,572,180.0,360,1.0,Semiurban,Y
Male,Yes,3+,Graduate,No,3597,1584,83.0,360,1.0,Semiurban,Y
Female,Yes,1,Graduate,No,5917,5744,197.0,84,1.0,Rural,Y
Male,No,0,Not Graduate,No,3977,0,250.0,36,1.0,Semiurban,N
Male,Yes,1,Graduate,No,2640,2130,195.0,120,1.0,Rural,Y
Male,Yes,0,Graduate,Yes,8738,3637,158.0,120,0.0,Semiurban,Y
Male,No,0,Graduate,No,4465,0,101.0,360,0.0,Rural,N
Male,Yes,0,Graduate,No,3072,1246,135.0,360,1.0,Urban,Y
Male,Yes,0,Not Graduate,No,2262,2026,70.0,180,1.0,Urban,Y
Female,No,0,Not Graduate,No,2367,0,88.0,360,1.0,Rural,Y
Male,No,2,Graduate,No,3576,0,91.0,360,0.0,Semiurban,N
Male,Yes,1,Graduate,No,10059,1208,124.0,180,0.0,Semiurban,Y
Male,No,0,Not Graduate,No,3251,0,103.0,180,1.0,Semiurban,Y
Female,Yes,2,Graduate,No,8114,1471,134.0,360,0.0,Urban,Y
Female,No,1,Graduate,No,3988,0,172.0,120,1.0,Semiurban,Y
Male,Yes,3+,Not Graduate,No,2486,1867,91.0,60,1.0,Urban,Y
Male,No,1,Graduate,No,3418,0,128.0,360,1.0,Semiurban,Y
Male,Yes,0,Graduate,No,2376,968,102.0,180,1.0,Semiurban,Y
Male,No,0,Not Graduate,No,2877,0,131.0,360,1.0,Semiurban,Y
Female,No,1,Graduate,No,2839,0,159.0,36,1.0,Semiurban,Y
Male,No,0,Graduate,No,1795,0,175.0,360,0.0,Rural,N
Male,Yes,0,Graduate,No,8356,438,158.0,60,1.0,Semiurban,Y
Male,Yes,0,Graduate,No,4651,2890,143.0,60,1.0,Rural,Y
Female,Yes,0,Graduate,No,3106,1587,68.0,180,1.0,Semiurban,Y
Male,No,0,Graduate,No,4674,0,78.0,120,1.0,Semiurban,Y
Male,Yes,0,Graduate,No,2904,1327,87.0,360,1.0,Urban,Y
Male,No,0,Not Graduate,No,1500,0,140.0,60,0.0,Urban,N
Female,No,1,Graduate,,16002,0,72.0,120,1.0,Semiurban,Y
Male,Yes,1,Not Graduate,,4606,1447,139.0,360,0.0,Semiurban,N
Male,No,0,Graduate,No,3245,0,135.0,360,1.0,Rural,Y
Male,Yes,0,Not Graduate,No,1771,2905,56.0,360,0.0,Semiurban,N
Male,Yes,0,Graduate,No,2159,2250,78.0,84,0.0,Rural,N
Male,Yes,0,Graduate,No,8906,1808,184.0,84,1.0,Rural,Y
Male,Yes,0,Graduate,No,8315,4080,160.0,84,1.0,Urban,Y
Male,No,0,Graduate,No,5936,0,86.0,360,0.0,Semiurban,N
Male,Yes,1,Graduate,Yes,2561,995,80.0,360,0.0,Semiurban,N
Male,Yes,0,Graduate,No,8345,1311,45.0,360,1.0,Urban,Y
Female,No,0,Not Graduate,No,5179,0,218.0,180,1.0,Urban,Y
Male,No,0,Not Graduate,No,5680,0,123.0,360,1.0,Rural,Y
Female,Yes,1,Not Graduate,No,5170,1668,258.0,180,1.0,Rural,Y
Male,No,2,Graduate,No,2147,0,112.0,360,0.0,Rural,N
Male,Yes,2,Not Graduate,No,2467,2094,136.0,360,1.0,Semiurban,Y
Male,Yes,1,Not Graduate,No,3362,4846,173.0,180,0.0,Semiurban,Y
Male,Yes,0,Graduate,No,5651,2048,234.0,360,0.0,Semiurban,N
Male,Yes,0,Graduate,No,2272,936,148.0,360,0.0,Semiurban,N
Male,No,2,Graduate,No,3909,0,121.0,84,1.0,Semiurban,Y
Male,Yes,0,Graduate,No,3907,3195,122.0,360,1.0,Urban,Y
Female,No,3+,Graduate,Yes,6043,0,79.0,120,0.0,Rural,N
Male,Yes,1,Graduate,No,5730,4250,104.0,360,1.0,Semiurban,Y
Female,Yes,1,Graduate,No,2684,3359,124.0,180,1.0,Semiurban,Y
Male,No,0,Graduate,No,8111,0,211.0,60,0.0,Rural,N
Male,No,1,Graduate,Yes,2506,0,102.0,360,1.0,Urban,Y
Male,Yes,0,Graduate,No,6915,661,185.0,36,1.0,Urban,Y
Male,Yes,0,Not Graduate,No,3302,4130,117.0,360,0.0,Rural,N
Male,Yes,0,Not Graduate,No,4554,1639,199.0,360,1.0,Rural,Y
Male,Yes,2,Graduate,No,4683,1571,159.0,84,1.0,Semiurban,Y
Male,No,0,Graduate,No,4623,0,155.0,180,1.0,Urban,Y
Male,No,0,Graduate,No,5730,0,179.0,360,1.0,Rural,Y
Male,Yes,0,Graduate,No,5045,1015,169.0,60,1.0,Urban,Y
Female,No,1,Graduate,No,6018,0,185.0,180,1.0,Semiurban,Y
Female,Yes,1,Graduate,No,5213,1936,285.0,360,1.0,Urban,Y
Male,Yes,1,Not Graduate,No,2394,1372,,84,0.0,Rural,N
Female,Yes,0,Graduate,No,4776,2443,146.0,360,1.0,Semiurban,Y
Male,Yes,0,Graduate,No,3282,1402,101.0,360,1.0,Rural,Y
Male,Yes,1,Graduate,No,2567,5203,140.0,84,1.0,Urban,Y
Female,Yes,0,Graduate,No,3712,3029,56.0,180,1.0,Semiurban,Y
Male,Yes,3+,Graduate,No,4593,3006,169.0,180,1.0,Rural,Y
Male,Yes,1,Graduate,No,4733,1389,79.0,60,1.0,Urban,Y
Male,No,0,Graduate,No,6803,0,190.0,84,0.0,Semiurban,N
Male,Yes,0,Graduate,No,7618,1535,268.0,360,1.0,Semiurban,Y
Male,Yes,2,Graduate,Yes,4921,1302,68.0,84,1.0,Rural,Y
Female,No,0,Graduate,No,5338,0,119.0,360,0.0,Urban,N
Male,No,0,Graduate,No,4415,0,79.0,360,1.0,Semiurban,Y
Male,No,1,Not Graduate,No,5974,0,60.0,36,0.0,Semiurban,N
Female,Yes,0,Graduate,Yes,5266,7461,116.0,120,1.0,Semiurban,Y
Male,Yes,2,Graduate,Yes,4127,3588,156.0,360,1.0,Urban,Y
Male,Yes,0,Graduate,Yes,11141,2003,164.0,180,1.0,Semiurban,Y
Male,Yes,2,Graduate,No,3308,8439,129.0,360,0.0,Semiurban,Y
Male,No,0,Graduate,No,8139,0,62.0,360,1.0,Urban,Y
Female,Yes,0,Graduate,Yes,2299,1983,127.0,60,1.0,Semiurban,Y
Male,Yes,2,Graduate,No,6100,7854,66.0,84,1.0,Rural,Y
Female,Yes,1,Graduate,No,8074,2967,68.0,120,0.0,Urban,Y
Male,Yes,0,Graduate,No,1793,2890,81.0,360,1.0,Semiurban,Y
Female,No,0,Not Graduate,No,4503,0,184.0,360,1.0,Semiurban,Y
Male,Yes,1,Graduate,No,5836,2058,151.0,60,0.0,Urban,N
Female,Yes,0,Graduate,No,4738,1561,138.0,360,1.0,Urban,Y
Male,Yes,3+,Graduate,Yes,5014,4740,86.0,360,1.0,Semiurban,Y
Female,Yes,3+,Graduate,No,4497,760,104.0,12,1.0,Rural,Y
Male,Yes,1,Graduate,No,2585,4534,70.0,84,1.0,Urban,Y
Male,Yes,0,Graduate,No,12278,1180,209.0,180,1.0,Rural,Y
Female,Yes,0,Graduate,Yes,3372,1929,292.0,360,,Semiurban,N
Male,No,1,Not Graduate,No,5142,0,151.0,360,1.0,Urban,Y
Female,No,0,Graduate,No,3161,0,162.0,360,0.0,Semiurban,N
Male,No,0,Graduate,No,1519,0,114.0,180,0.0,Rural,N
Male,No,0,Graduate,No,2790,0,63.0,180,1.0,Urban,Y
Male,Yes,0,Graduate,No,2205,1338,86.0,120,1.0,Semiurban,Y
Male,Yes,0,Not Graduate,Yes,6913,2191,,360,0.0,Semiurban,N
Male,Yes,0,Graduate,No,3219,1315,104.0,180,1.0,Urban,Y
Male,No,2,Not Graduate,No,3356,0,94.0,120,1.0,Urban,Y
Male,No,0,Graduate,No,2620,0,123.0,180,1.0,Urban,Y
Male,No,0,Graduate,No,4413,0,86.0,36,0.0,Urban,N
Male,Yes,0,Not Graduate,No,3064,2687,289.0,84,1.0,Urban,N
Male,No,1,Graduate,No,6611,0,70.0,360,1.0,Rural,Y
Male,Yes,0,Graduate,Yes,4846,5937,173.0,36,0.0,Rural,N
Male,Yes,1,Graduate,No,3270,9582,109.0,360,0.0,Urban,Y
Male,Yes,3+,Graduate,No,6201,1512,146.0,12,1.0,Semiurban,Y
Female,Yes,0,Graduate,No,4245,1211,148.0,180,1.0,Urban,Y
Female,Yes,0,Graduate,No,4271,3935,129.0,180,0.0,Urban,N
Male,Yes,0,Graduate,No,2190,2443,77.0,360,0.0,Urban,N
Male,Yes,3+,Graduate,,4097,3950,106.0,360,1.0,Semiurban,Y
Female,Yes,2,Graduate,No,4888,2538,130.0,360,1.0,Rural,Y
Male,No,2,Graduate,No,7708,0,126.0,84,1.0,Semiurban,Y
Male,No,0,Graduate,No,3015,0,80.0,360,,Semiurban,Y
Male,Yes,3+,Not Graduate,No,11791,2590,203.0,360,0.0,Urban,Y
Female,No,0,Graduate,No,5434,0,44.0,60,1.0,Urban,Y
Male,No,0,Graduate,No,2135,0,109.0,360,1.0,Rural,N
Male,Yes,2,Graduate,No,2891,914,84.0,120,1.0,Urban,Y
Female,Yes,3+,Graduate,No,8018,4140,130.0,360,0.0,Rural,Y
Female,Yes,0,Graduate,No,7401,649,182.0,360,1.0,Urban,Y
Male,Yes,0,Graduate,Yes,4264,2179,69.0,84,1.0,Semiurban,Y
Male,No,0,Graduate,No,4525,0,311.0,180,1.0,Rural,N
Female,No,0,Not Graduate,No,2504,0,131.0,360,1.0,Urban,N
Male,Yes,0,Not Graduate,No,7666,580,141.0,360,1.0,Semiurban,Y
Male,No,3+,Not Graduate,Yes,2712,0,68.0,84,1.0,Rural,N
Male,No,1,Graduate,No,6186,0,119.0,360,1.0,Urban,Y
Female,No,2,Graduate,Yes,7773,0,179.0,360,1.0,Semiurban,Y
Male,Yes,2,Graduate,,4322,1070,132.0,120,1.0,Urban,Y
Female,No,0,Graduate,No,6538,0,128.0,84,0.0,Urban,N
Female,Yes,2,Graduate,Yes,9715,954,119.0,120,0.0,Urban,Y
Male,Yes,1,Not Graduate,Yes,4772,3003,70.0,360,1.0,Rural,Y
Male,Yes,0,Graduate,No,3909,1172,69.0,360,1.0,Urban,Y
Male,Yes,1,Not Graduate,No,4104,1018,193.0,120,1.0,Urban,Y
Male,No,0,Not Graduate,Yes,3027,0,172.0,360,1.0,Semiurban,N
Male,Yes,2,Graduate,No,2997,2898,183.0,360,1.0,Urban,Y
Male,Yes,3+,Graduate,No,5162,877,87.0,180,1.0,Semiurban,Y
Male,Yes,0,Graduate,No,3929,2374,114.0,84,1.0,Urban,Y
Female,No,2,Graduate,No,4902,0,198.0,360,1.0,Semiurban,Y
Male,Yes,0,Graduate,Yes,2163,1250,74.0,360,1.0,Semiurban,Y
Male,No,2,Not Graduate,No,4057,0,190.0,360,1.0,Urban,Y
Male,Yes,0,Graduate,No,6724,7362,96.0,180,1.0,Urban,Y
Male,Yes,0,Graduate,No,2556,1156,86.0,180,0.0,Semiurban,N
Male,Yes,0,Graduate,No,4261,3077,119.0,360,1.0,Rural,Y
Male,Yes,1,Graduate,No,1836,1656,77.0,360,1.0,Urban,Y
Male,Yes,0,Graduate,Yes,2350,1502,56.0,180,1.0,Urban,Y
Male,Yes,3+,Graduate,No,6084,3800,125.0,60,1.0,Urban,Y
Male,No,0,Not Graduate,No,3680,0,150.0,120,1.0,Semiurban,Y
Male,Yes,3+,Graduate,No,9603,999,197.0,180,1.0,Rural,Y
Male,Yes,1,Graduate,No,5138,2633,154.0,36,0.0,Urban,N
Female,Yes,0,Graduate,No,5370,5202,266.0,360,1.0,Urban,Y
Male,No,0,Graduate,No,2606,0,209.0,360,1.0,Urban,N
Male,Yes,2,Graduate,No,3557,859,163.0,360,1.0,Urban,Y
Male,Yes,1,Graduate,No,3042,1381,146.0,36,0.0,Semiurban,N
Male,No,1,Graduate,No,2619,0,198.0,360,1.0,Rural,N
Male,Yes,0,Graduate,No,5703,5159,50.0,360,1.0,Urban,Y
Male,Yes,0,Graduate,No,6241,2292,100.0,360,0.0,Rural,N
Male,Yes,3+,Graduate,No,5062,1411,57.0,360,1.0,Semiurban,Y
Male,Yes,0,Graduate,No,2914,5364,158.0,360,1.0,Rural,Y
Male,Yes,0,Not Graduate,No,4909,1910,90.0,360,1.0,Semiurban,Y
Male,Yes,0,Graduate,No,1788,1389,406.0,36,1.0,Urban,N
Male,Yes,2,Graduate,No,7672,1255,98.0,360,1.0,Rural,Y
Female,Yes,2,Graduate,No,2358,975,126.0,360,1.0,Urban,Y
Male,Yes,0,Graduate,No,2554,10939,103.0,360,1.0,Semiurban,Y
Male,No,0,Graduate,No,4455,0,99.0,120,0.0,Rural,N
Male,No,0,Graduate,No,4637,0,73.0,360,1.0,Urban,Y
Male,No,0,Graduate,Yes,4093,0,72.0,360,1.0,Semiurban,Y
Male,Yes,0,Not Graduate,No,2566,2751,50.0,84,1.0,Rural,Y
Male,Yes,3+,Graduate,No,7044,2655,151.0,120,0.0,Rural,N
Male,Yes,0,Not Graduate,Yes,1980,1298,,36,0.0,Semiurban,N
Male,Yes,0,Graduate,Yes,2170,1467,263.0,360,1.0,Urban,N
Male,No,2,Graduate,No,4031,0,73.0,360,0.0,Semiurban,N
Male,Yes,0,Not Graduate,No,2394,614,219.0,12,1.0,Semiurban,N
Male,Yes,1,Not Graduate,No,7333,1492,227.0,120,0.0,Semiurban,N
Male,Yes,0,Graduate,No,2489,2003,202.0,84,1.0,Rural,Y
Male,Yes,0,Graduate,No,8524,4383,133.0,180,1.0,Urban,Y
Female,Yes,3+,Graduate,No,6739,1380,106.0,180,1.0,Urban,Y
Male,Yes,1,Graduate,No,7374,3252,202.0,120,1.0,Semiurban,Y
Male,Yes,0,Graduate,No,9889,580,88.0,360,1.0,Rural,Y
Male,No,1,Graduate,No,4387,0,135.0,180,1.0,Semiurban,Y
Female,Yes,3+,Not Graduate,No,2681,1164,119.0,120,1.0,Rural,N
Male,No,0,Graduate,No,4038,0,85.0,360,1.0,Rural,Y
Male,No,0,Graduate,No,3278,0,,360,1.0,Rural,Y
Male,Yes,3+,Not Graduate,Yes,3074,2266,163.0,360,1.0,Rural,Y
Male,No,0,Graduate,No,4527,0,83.0,84,0.0,Rural,N
Male,Yes,1,Graduate,No,3676,948,146.0,120,1.0,Rural,Y
Male,No,1,Graduate,No,3015,0,49.0,180,1.0,Semiurban,Y
Female,Yes,1,Graduate,No,3787,3633,79.0,120,1.0,Urban,Y
Male,Yes,0,Graduate,,5415,1396,101.0,360,0.0,Urban,N
Male,Yes,0,Graduate,No,6505,1878,140.0,84,1.0,Urban,Y
Female,Yes,1,Graduate,No,2056,816,172.0,360,1.0,Urban,N
Male,No,0,Graduate,No,3690,0,125.0,180,1.0,Urban,Y
Male,Yes,0,Graduate,No,3969,905,152.0,360,1.0,Rural,Y
Male,No,0,Graduate,No,2484,0,113.0,360,1.0,Semiurban,Y
Male,Yes,0,Not Graduate,No,4008,1056,142.0,360,0.0,Urban,N
Male,No,3+,Graduate,No,4521,0,139.0,360,1.0,Rural,Y
Female,Yes,0,Graduate,No,5342,2010,99.0,84,0.0,Semiurban,Y
Male,Yes,3+,Graduate,No,4379,1429,105.0,360,1.0,Urban,Y
Male,Yes,0,Graduate,No,2845,5219,154.0,360,1.0,Rural,Y
Male,No,1,Graduate,No,10461,0,250.0,12,1.0,Urban,Y
Female,Yes,0,Graduate,No,6143,1608,196.0,360,0.0,Semiurban,Y
Female,Yes,2,Not Graduate,No,5424,3447,77.0,12,1.0,Urban,Y
Female,Yes,2,Graduate,No,6648,821,77.0,60,1.0,Semiurban,Y
Male,No,0,Graduate,No,4722,0,98.0,360,0.0,Rural,N
Male,Yes,3+,Not Graduate,Yes,7546,4002,126.0,360,1.0,Urban,Y
Male,Yes,0,Graduate,No,4339,1209,123.0,180,0.0,Rural,N
Male,Yes,1,Graduate,No,4233,3356,199.0,84,1.0,Urban,Y
Male,No,3+,Graduate,No,5629,0,203.0,360,1.0,Semiurban,Y
Male,No,2,Graduate,No,8598,0,121.0,360,1.0,Rural,Y
Male,Yes,3+,Not Graduate,No,8353,2876,110.0,120,1.0,Rural,Y
Male,Yes,0,Graduate,No,5523,1562,149.0,360,1.0,Urban,Y
Male,Yes,0,Not Graduate,No,5337,1046,185.0,360,1.0,Urban,Y
Male,Yes,0,Graduate,No,5786,1063,151.0,36,1.0,Semiurban,Y
Male,Yes,0,Graduate,No,6591,706,102.0,36,1.0,Urban,Y
Male,No,2,Graduate,No,7588,0,95.0,360,1.0,Semiurban,Y
Male,Yes,0,Graduate,No,3802,1139,77.0,360,1.0,Rural,Y
Male,No,1,Graduate,No,7655,0,131.0,180,1.0,Semiurban,Y
Male,Yes,0,Graduate,No,4936,1791,155.0,360,1.0,Urban,Y
Male,No,0,Not Graduate,No,5669,0,163.0,360,1.0,Semiurban,Y
Male,Yes,1,Graduate,No,7878,801,192.0,60,0.0,Rural,N
Female,Yes,0,Graduate,No,5920,9138,219.0,12,1.0,Semiurban,Y
Male,Yes,2,Graduate,Yes,6388,1940,70.0,360,0.0,Semiurban,N
Male,Yes,0,Graduate,No,3550,5967,142.0,120,1.0,Urban,Y
Male,Yes,2,Graduate,No,8301,4019,144.0,360,1.0,Urban,Y
Male,No,0,Graduate,No,5785,0,117.0,360,1.0,Urban,Y
Male,No,0,Graduate,No,4477,0,87.0,360,1.0,Semiurban,Y
Male,Yes,1,Not Graduate,Yes,6942,2188,216.0,360,1.0,Urban,Y
Female,Yes,2,Graduate,No,13555,6042,96.0,360,1.0,Semiurban,Y
Male,Yes,0,Graduate,No,2499,3287,50.0,120,1.0,Semiurban,Y
Female,Yes,0,Graduate,No,2946,1231,122.0,360,1.0,Semiurban,Y
Male,Yes,0,Graduate,No,14162,2467,110.0,360,1.0,Urban,Y
Male,No,0,Graduate,Yes,5125,0,255.0,360,1.0,Semiurban,Y
Female,No,2,Graduate,No,4609,0,147.0,180,1.0,Semiurban,Y
Male,No,2,Graduate,Yes,4016,0,107.0,360,1.0,Urban,Y
Male,Yes,0,Not Graduate,No,7286,4479,112.0,360,1.0,Urban,Y
Male,No,0,Graduate,No,13698,0,111.0,360,1.0,Semiurban,Y
Male,No,2,Graduate,No,3135,0,294.0,360,1.0,Semiurban,N
Male,Yes,0,Graduate,No,4049,4008,159.0,360,1.0,Urban,Y
Male,Yes,1,Not Graduate,No,3612,1615,69.0,360,,Urban,Y
Male,No,0,Graduate,No,5882,0,110.0,120,1.0,Urban,Y
Male,Yes,1,Not Graduate,No,7332,3392,120.0,60,1.0,Rural,Y
Male,Yes,0,Not Graduate,No,8772,2824,78.0,360,0.0,Semiurban,Y
Male,Yes,2,Graduate,No,5973,2114,59.0,360,0.0,Semiurban,Y
Male,Yes,0,Not Graduate,Yes,13143,3923,154.0,360,1.0,Rural,Y
Male,Yes,0,Graduate,No,3266,4094,88.0,12,0.0,Semiurban,N
Male,No,2,Graduate,No,2905,0,200.0,360,1.0,Semiurban,Y
Male,No,0,Graduate,Yes,8194,0,121.0,180,1.0,Urban,Y
Female,Yes,0,Graduate,No,4470,5166,100.0,360,0.0,Semiurban,Y
Male,Yes,0,Graduate,No,2277,607,46.0,360,1.0,Urban,Y
Male,Yes,0,Graduate,No,3669,1076,198.0,360,1.0,Semiurban,Y
Male,Yes,3+,Graduate,No,4745,516,136.0,360,1.0,Urban,Y
Male,Yes,2,Not Graduate,No,3162,1644,101.0,360,1.0,Urban,Y
Male,Yes,0,Graduate,Yes,2679,966,85.0,360,1.0,Urban,Y
Female,Yes,1,Graduate,No,3852,1225,230.0,360,1.0,Semiurban,Y
Male,Yes,0,Not Graduate,No,2620,3844,79.0,180,1.0,Rural,Y
Female,Yes,3+,Graduate,No,5629,697,104.0,180,1.0,Urban,Y
Female,Yes,0,Graduate,No,1763,2159,152.0,360,1.0,Rural,Y
Female,Yes,1,Graduate,No,4405,2152,217.0,360,1.0,Semiurban,Y
Female,No,0,Graduate,No,5344,0,111.0,360,1.0,Semiurban,Y
Male,Yes,0,Graduate,No,4061,2161,90.0,84,0.0,Urban,N
Male,No,0,Graduate,No,6918,0,116.0,360,1.0,Rural,Y
Male,Yes,0,Graduate,No,2283,1229,174.0,60,1.0,Urban,N
Male,Yes,2,Graduate,No,3085,5043,190.0,84,1.0,Semiurban,Y
Male,No,0,Graduate,No,3646,0,70.0,360,1.0,Semiurban,Y
Male,Yes,3+,Graduate,No,5829,5431,127.0,60,1.0,Semiurban,Y
Male,Yes,0,Graduate,,4667,859,68.0,180,1.0,Urban,Y
Male,Yes,1,Graduate,Yes,11097,799,173.0,180,1.0,Semiurban,Y
Male,Yes,3+,Not Graduate,No,2943,1128,143.0,84,1.0,Rural,Y
Male,No,1,Not Graduate,No,2258,0,84.0,360,1.0,Rural,Y
Male,Yes,2,Not Graduate,No,9462,1439,224.0,180,,Rural,Y
Female,Yes,2,Graduate,No,2221,2458,138.0,180,1.0,Urban,Y
Male,Yes,0,Not Graduate,No,5752,2088,132.0,120,0.0,Semiurban,N
Male,Yes,1,Graduate,No,2723,1933,113.0,180,0.0,Urban,N
Male,No,0,Graduate,Yes,1667,0,121.0,360,1.0,Rural,N
Male,No,0,Graduate,No,3573,0,104.0,360,0.0,Urban,N
Male,Yes,0,Not Graduate,No,6340,1006,90.0,60,1.0,Semiurban,Y
Male,Yes,2,Graduate,,2441,1693,198.0,360,1.0,Rural,N
Male,No,0,Graduate,Yes,5482,0,99.0,360,1.0,Semiurban,Y
Male,Yes,0,Graduate,No,5962,2420,98.0,360,1.0,Semiurban,Y
Male,Yes,0,Graduate,,2386,808,115.0,360,1.0,Urban,Y
Male,Yes,3+,Graduate,No,3818,843,214.0,360,1.0,Semiurban,Y
Male,Yes,0,Graduate,No,8601,3408,191.0,360,0.0,Rural,Y
Male,No,0,Graduate,No,5668,0,103.0,360,1.0,Semiurban,Y
Male,No,0,Graduate,No,3760,0,198.0,84,1.0,Urban,Y
Female,Yes,3+,Graduate,Yes,5099,3129,126.0,360,0.0,Urban,N
Male,Yes,3+,Graduate,No,3107,5216,86.0,180,0.0,Urban,N
Male,Yes,1,Graduate,No,6982,4792,100.0,360,,Semiurban,Y
Male,Yes,2,Graduate,Yes,6981,5232,210.0,84,1.0,Urban,Y
Male,Yes,0,Graduate,No,4466,2788,279.0,180,1.0,Semiurban,Y
Male,No,3+,Graduate,,4692,0,138.0,360,1.0,Semiurban,Y
Male,Yes,0,Graduate,No,2698,1569,96.0,360,1.0,Rural,Y
Female,Yes,0,Not Graduate,No,2302,1977,115.0,84,1.0,Urban,Y
Male,Yes,0,Graduate,No,3570,1181,89.0,180,1.0,Rural,Y
Male,Yes,1,Graduate,No,4067,1610,94.0,60,1.0,Semiurban,Y
Male,Yes,2,Graduate,No,6823,4294,,360,1.0,Urban,Y
Male,No,0,Graduate,No,6406,0,117.0,36,1.0,Rural,Y
Male,Yes,3+,Not Graduate,,4597,792,127.0,360,,Urban,Y
Male,No,0,Graduate,No,7228,0,114.0,360,1.0,Semiurban,Y
Male,Yes,0,Graduate,No,2766,1619,111.0,360,1.0,Urban,Y
Male,Yes,0,Not Graduate,Yes,6869,629,164.0,360,1.0,Semiurban,Y
Male,Yes,1,Graduate,Yes,2964,1925,110.0,180,1.0,Semiurban,Y
Female,Yes,2,Graduate,Yes,7389,1767,113.0,60,1.0,Urban,Y
Male,Yes,0,Graduate,No,4204,1542,113.0,60,0.0,Semiurban,N
Female,Yes,1,Graduate,No,1721,3015,225.0,360,1.0,Semiurban,Y
Male,No,0,Not Graduate,No,5875,0,99.0,360,1.0,Rural,Y
Female,No,1,Graduate,No,6089,0,154.0,12,1.0,Urban,Y
Male,Yes,3+,Not Graduate,No,3444,1760,90.0,360,1.0,Urban,Y
Female,Yes,0,Not Graduate,No,3579,2044,139.0,60,1.0,Semiurban,Y
Female,Yes,2,Graduate,Yes,3937,706,151.0,60,,Urban,N
Male,Yes,1,Graduate,No,1778,1460,187.0,360,1.0,Semiurban,Y
Female,Yes,0,Graduate,Yes,1500,2022,104.0,360,1.0,Urban,Y
Male,No,3+,Graduate,No,7598,0,77.0,360,1.0,Urban,Y
Male,Yes,0,Graduate,No,2919,6050,88.0,84,1.0,Rural,Y
Male,Yes,0,Graduate,No,9748,3240,178.0,84,1.0,Rural,Y
Male,Yes,0,Graduate,No,7837,2635,279.0,360,,Semiurban,Y
Male,Yes,0,Not Graduate,No,8563,4285,,360,1.0,Rural,Y
Male,Yes,2,Graduate,No,3156,1665,73.0,360,1.0,Semiurban,Y
Male,Yes,1,Graduate,No,2051,5076,167.0,36,1.0,Semiurban,Y
Male,Yes,3+,Not Graduate,No,2593,3911,83.0,360,0.0,Rural,N
Female,Yes,0,Graduate,No,3460,1529,105.0,180,1.0,Semiurban,Y
Male,Yes,0,Graduate,No,1500,6338,130.0,60,1.0,Semiurban,Y
Male,No,0,Graduate,No,3415,0,140.0,84,1.0,Semiurban,Y
Male,Yes,0,Graduate,No,3863,7448,124.0,360,1.0,Rural,Y
Male,Yes,3+,Graduate,No,2362,2396,95.0,360,1.0,Urban,Y
Male,No,1,Graduate,No,2648,0,185.0,180,1.0,Urban,N
Male,Yes,0,Graduate,No,3830,1260,98.0,360,1.0,Urban,Y
Male,Yes,2,Not Graduate,No,4965,1614,200.0,180,1.0,Urban,Y
Female,Yes,2,Graduate,No,2833,1418,70.0,360,1.0,Urban,Y
Male,Yes,0,Graduate,No,4824,4284,132.0,84,1.0,Rural,Y
Male,Yes,2,Graduate,No,4498,1963,74.0,12,0.0,Semiurban,N
Male,No,0,Graduate,No,4320,0,87.0,36,1.0,Urban,Y
Male,No,0,Graduate,No,3154,0,98.0,360,1.0,Rural,Y
Male,Yes,0,Not Graduate,No,2321,2154,223.0,360,1.0,Semiurban,Y
Male,Yes,0,Graduate,No,9076,1508,205.0,360,1.0,Semiurban,Y
Male,Yes,0,Graduate,No,5617,2346,172.0,360,1.0,Urban,Y
Male,Yes,0,Graduate,No,6651,1946,123.0,360,0.0,Rural,N
Female,Yes,0,Graduate,No,4073,2922,131.0,120,1.0,Urban,Y
Female,Yes,2,Graduate,No,3929,2821,201.0,360,1.0,Urban,Y
Male,No,3+,Graduate,No,5275,0,160.0,360,1.0,Urban,Y
Male,Yes,2,Graduate,No,1852,916,122.0,360,0.0,Semiurban,N
Male,Yes,0,Graduate,No,2561,7125,220.0,360,0.0,Semiurban,Y
Male,Yes,0,Graduate,Yes,2954,785,168.0,360,0.0,Urban,N
Male,No,0,Graduate,No,3447,0,133.0,360,1.0,Urban,Y
Male,No,0,Graduate,No,2847,0,101.0,180,1.0,Semiurban,Y
Male,Yes,1,Not Graduate,No,4913,2534,97.0,180,1.0,Semiurban,Y
Male,Yes,1,Graduate,No,4388,2171,106.0,360,1.0,Urban,Y
Male,No,1,Graduate,No,7917,0,145.0,360,1.0,Rural,Y
Female,Yes,1,Graduate,No,12876,4967,169.0,360,1.0,Rural,Y
Female,No,0,Graduate,No,2396,0,68.0,360,1.0,Urban,Y
Male,Yes,0,Graduate,No,4520,1642,55.0,360,1.0,Semiurban,Y
Male,Yes,1,Graduate,No,4516,3237,83.0,120,1.0,Urban,Y
Female,Yes,0,Graduate,No,4203,5109,103.0,360,1.0,Semiurban,Y
Male,No,0,Graduate,No,2596,0,196.0,360,0.0,Semiurban,N
Female,Yes,0,Not Graduate,No,2799,1841,108.0,360,1.0,Urban,Y
Male,No,0,Graduate,No,4713,0,134.0,360,1.0,Semiurban,Y
Female,Yes,0,Graduate,No,2764,2427,143.0,360,1.0,Rural,Y
Male,Yes,2,Graduate,No,4544,2984,80.0,360,1.0,Urban,Y
Female,Yes,2,Not Graduate,No,3786,1259,217.0,360,1.0,Urban,Y
Female,Yes,0,Graduate,No,4508,2025,93.0,60,1.0,Urban,Y
Male,Yes,0,Graduate,Yes,2754,1901,226.0,60,0.0,Semiurban,N
Male,Yes,2,Not Graduate,No,4540,4594,115.0,120,1.0,Rural,Y
Female,No,0,Graduate,No,2845,0,106.0,360,1.0,Semiurban,Y
Male,Yes,0,Graduate,No,4547,4044,77.0,360,1.0,Semiurban,Y
Female,No,0,Graduate,No,7728,0,,180,0.0,Rural,N
Male,Yes,0,Not Graduate,No,4757,3978,299.0,360,1.0,Semiurban,Y
Male,No,2,Not Graduate,No,4889,0,143.0,360,1.0,Semiurban,Y
Male,Yes,2,Not Graduate,No,6110,1910,135.0,180,0.0,Semiurban,N
Male,Yes,0,Graduate,No,2249,7012,93.0,360,1.0,Rural,Y
Male,Yes,0,Not Graduate,No,9168,1283,153.0,360,1.0,Urban,Y
Male,Yes,0,Graduate,No,2630,2870,129.0,360,1.0,Urban,Y
Male,No,0,Graduate,No,6284,0,118.0,120,1.0,Urban,Y
Male,Yes,3+,Graduate,No,5920,1681,148.0,180,1.0,Rural,Y
Male,Yes,1,Graduate,No,2818,2794,,180,1.0,Semiurban,Y
Female,No,0,Graduate,No,6660,0,116.0,360,1.0,Urban,Y
Female,Yes,2,Graduate,No,5292,2314,75.0,120,0.0,Rural,Y
Male,No,2,Not Graduate,No,9901,0,122.0,36,,Rural,Y
Female,Yes,2,Graduate,No,4614,2128,90.0,180,1.0,Rural,Y
Male,No,0,Graduate,Yes,4028,0,93.0,360,1.0,Urban,Y
Male,Yes,0,Not Graduate,,3355,1741,71.0,120,0.0,Rural,N
Female,Yes,1,Graduate,No,1930,1657,189.0,360,0.0,Urban,N
Male,Yes,0,Graduate,No,3665,2022,92.0,84,1.0,Urban,Y
Male,No,3+,Graduate,No,3736,0,94.0,180,1.0,Semiurban,Y
Female,Yes,1,Graduate,No,4759,700,224.0,120,1.0,Semiurban,Y
Male,Yes,3+,Graduate,No,2229,1157,152.0,180,1.0,Urban,Y
Female,Yes,0,Graduate,No,3798,7827,53.0,360,0.0,Semiurban,Y
Female,No,2,Not Graduate,No,5482,0,211.0,360,1.0,Rural,N
Male,No,0,Graduate,No,5732,0,234.0,360,1.0,Urban,Y
Female,No,3+,Graduate,No,1831,0,226.0,360,0.0,Urban,N
Male,Yes,0,Graduate,No,5813,1247,158.0,180,0.0,Urban,N
Male,Yes,0,Graduate,No,3785,565,78.0,360,0.0,Rural,N
Male,Yes,2,Graduate,No,3892,2472,119.0,360,1.0,Urban,Y
Female,No,0,Not Graduate,No,1500,0,68.0,360,1.0,Semiurban,N
Male,Yes,0,Graduate,No,8284,2123,85.0,360,1.0,Urban,Y
Male,Yes,3+,Graduate,No,4580,2434,77.0,120,1.0,Rural,Y
Male,No,0,Not Graduate,No,2123,0,94.0,120,1.0,Urban,N
Male,Yes,1,Graduate,No,5008,716,129.0,120,1.0,Semiurban,Y
Male,Yes,0,Graduate,No,4939,2029,101.0,360,1.0,Semiurban,Y
Male,Yes,2,Graduate,Yes,7333,2609,99.0,360,1.0,Rural,Y
Male,Yes,1,Graduate,No,3679,862,108.0,60,1.0,Urban,Y
Male,No,0,Not Graduate,No,4253,0,221.0,360,1.0,Semiurban,N
Female,Yes,0,Graduate,No,3167,1052,288.0,180,1.0,Urban,N
Male,Yes,1,Graduate,Yes,5536,3127,101.0,120,0.0,Rural,N
Male,Yes,0,Graduate,No,2973,602,138.0,360,1.0,Semiurban,Y
Female,Yes,0,Not Graduate,No,2830,3287,86.0,360,1.0,Semiurban,Y
Male,Yes,1,Not Graduate,No,4103,2528,165.0,360,1.0,Semiurban,Y
Female,Yes,0,Graduate,No,2436,1712,100.0,60,1.0,Urban,Y
Male,Yes,0,Graduate,No,8698,821,91.0,360,0.0,Urban,Y
Female,Yes,1,Graduate,No,10069,1239,270.0,360,,Semiurban,Y
Male,Yes,0,Graduate,No,3449,3194,70.0,360,0.0,Rural,N
Male,Yes,0,Not Graduate,No,2266,4247,45.0,360,1.0,Urban,Y
Male,No,0,Not Graduate,No,4921,0,163.0,180,1.0,Rural,Y
Female,No,1,Not Graduate,No,3405,0,104.0,360,1.0,Urban,Y
Male,No,1,Graduate,No,7176,0,93.0,360,1.0,Rural,Y
Male,Yes,1,Not Graduate,No,2968,1990,362.0,360,1.0,Urban,N
Male,Yes,0,Not Graduate,No,5404,1283,162.0,360,1.0,Urban,Y
Male,Yes,0,Graduate,Yes,4452,1409,118.0,360,1.0,Semiurban,Y
Male,Yes,0,Graduate,No,3120,5965,91.0,360,1.0,Semiurban,Y
Male,Yes,0,Graduate,No,4712,2224,145.0,84,0.0,Semiurban,N
Female,Yes,3+,Graduate,No,6281,4437,60.0,360,1.0,Semiurban,Y
Male,No,0,Not Graduate,No,4398,0,98.0,360,1.0,Semiurban,Y
Male,Yes,0,Graduate,No,4419,1522,119.0,360,1.0,Urban,Y
Male,Yes,0,Graduate,No,2856,2836,132.0,360,1.0,Urban,Y
Male,No,1,Not Graduate,No,7079,0,114.0,120,,Urban,Y
Male,Yes,1,Graduate,No,6768,1357,92.0,60,1.0,Semiurban,Y
Male,No,1,Not Graduate,No,3516,0,175.0,360,1.0,Semiurban,Y
Male,No,2,Graduate,No,4000,0,62.0,360,0.0,Semiurban,N
Male,No,0,Graduate,No,7993,0,108.0,360,1.0,Semiurban,Y
Male,Yes,0,Graduate,No,2539,826,98.0,360,1.0,Urban,Y
Female,No,0,Graduate,No,5552,0,182.0,120,1.0,Rural,Y
Female,Yes,1,Graduate,No,3289,2461,101.0,180,1.0,Urban,Y
Male,Yes,1,Not Graduate,No,9415,3384,144.0,360,0.0,Semiurban,Y
Female,Yes,0,Graduate,No,4352,778,138.0,84,0.0,Urban,N
Male,Yes,1,Graduate,Yes,7458,2956,58.0,84,1.0,Semiurban,Y
Male,Yes,1,Graduate,No,3003,1861,118.0,60,0.0,Semiurban,N
Male,Yes,2,Graduate,No,2411,2002,60.0,360,1.0,Semiurban,Y
Male,No,1,Not Graduate,No,3806,0,139.0,360,,Semiurban,Y
Female,No,2,Graduate,No,4760,0,90.0,360,0.0,Urban,N
Male,No,0,Graduate,No,3361,0,195.0,360,1.0,Urban,Y
Male,Yes,1,Graduate,No,5950,885,113.0,360,1.0,Semiurban,Y
Male,No,3+,Graduate,No,3848,0,89.0,84,1.0,Rural,Y
Male,Yes,0,Graduate,No,1657,3331,196.0,360,1.0,Semiurban,Y
Male,No,2,Graduate,No,5424,0,85.0,180,0.0,Urban,N
Male,No,1,Graduate,Yes,2843,0,173.0,120,0.0,Semiurban,N
Male,Yes,0,Not Graduate,Yes,3594,1471,146.0,360,,Semiurban,N
Female,No,1,Not Graduate,Yes,8509,0,,360,1.0,Semiurban,Y
Female,Yes,0,Not Graduate,No,9393,2846,71.0,180,0.0,Rural,Y
Male,Yes,3+,Not Graduate,No,3265,964,199.0,180,1.0,Semiurban,N
Female,Yes,2,Not Graduate,No,5486,3028,148.0,36,1.0,Urban,Y
Male,Yes,0,Graduate,No,3299,3028,89.0,84,1.0,Urban,Y
Male,No,0,Graduate,No,3717,0,134.0,84,1.0,Semiurban,Y
Male,Yes,1,Graduate,No,3220,1867,181.0,180,1.0,Semiurban,Y
Male,Yes,0,Not Graduate,No,1947,2251,127.0,360,1.0,Urban,Y
Female,Yes,0,Graduate,No,4415,1381,133.0,120,1.0,Rural,Y
Male,No,0,Graduate,No,4815,0,183.0,60,1.0,Urban,Y
Male,No,0,Graduate,No,3127,0,224.0,360,1.0,Semiurban,N
Male,No,0,Graduate,No,6901,0,115.0,360,1.0,Urban,Y
Male,No,2,Graduate,No,3476,0,71.0,360,1.0,Rural,Y
Female,Yes,3+,Graduate,No,3175,1249,72.0,36,1.0,Rural,Y
Male,Yes,2,Graduate,Yes,5361,3793,92.0,360,0.0,Urban,Y
Male,Yes,2,Graduate,No,2112,1004,83.0,180,1.0,Rural,Y
Male,Yes,0,Graduate,No,6361,891,61.0,120,0.0,Urban,Y
Male,No,0,Graduate,No,3529,0,254.0,120,1.0,Semiurban,N
Male,Yes,0,Graduate,No,6602,1136,150.0,360,1.0,Rural,Y
Male,No,2,Graduate,,7552,0,98.0,60,1.0,Semiurban,Y
Male,Yes,3+,Graduate,No,5642,6416,119.0,360,1.0,Rural,Y
Male,Yes,1,Graduate,No,2935,1523,59.0,360,1.0,Rural,Y
Female,Yes,2,Graduate,No,2409,7996,193.0,360,1.0,Rural,Y
Female,No,1,Not Graduate,No,2218,0,55.0,360,0.0,Urban,N
Male,No,0,Graduate,No,6948,0,149.0,360,0.0,Urban,N
Male,No,0,Graduate,No,3981,0,58.0,360,0.0,Semiurban,N
Male,Yes,0,Not Graduate,No,3230,1292,102.0,180,1.0,Semiurban,Y
Male,No,0,Graduate,Yes,3986,0,199.0,360,1.0,Semiurban,Y
Male,Yes,1,Graduate,No,6879,885,,180,0.0,Urban,N
Male,Yes,0,Graduate,No,6005,1953,114.0,360,0.0,Rural,N
Male,No,1,Not Graduate,No,5152,0,156.0,360,0.0,Rural,N
Male,Yes,1,Graduate,No,5636,1911,146.0,360,0.0,Semiurban,N
Male,No,0,Graduate,No,4587,0,124.0,360,1.0,Urban,Y
Male,Yes,0,Graduate,No,4846,2294,148.0,360,1.0,Urban,Y
Male,Yes,0,Graduate,No,4672,2908,95.0,360,1.0,Urban,Y
Male,No,0,Graduate,No,4230,0,263.0,360,0.0,Semiurban,N
Male,Yes,2,Graduate,No,5937,2619,63.0,360,1.0,Rural,Y
Male,No,0,Graduate,No,4976,0,193.0,360,1.0,Urban,Y
Male,Yes,1,Graduate,No,2846,1538,131.0,360,1.0,Semiurban,Y
Male,Yes,2,Graduate,No,5366,2649,155.0,60,0.0,Semiurban,Y
Male,Yes,2,Graduate,No,4728,1868,166.0,360,0.0,Urban,N
Male,Yes,2,Graduate,No,5569,1912,151.0,360,1.0,Semiurban,Y
Female,Yes,0,Graduate,No,4036,2536,87.0,360,1.0,Semiurban,Y
Male,Yes,0,Graduate,No,6095,1074,108.0,120,1.0,Rural,Y
Male,No,0,Graduate,No,4114,0,67.0,360,1.0,Semiurban,Y
Male,Yes,0,Graduate,Yes,5859,1720,107.0,360,1.0,Semiurban,Y
Male,Yes,3+,Graduate,No,3444,2152,138.0,180,0.0,Urban,N
Male,Yes,1,Graduate,No,3553,1945,154.0,360,1.0,Urban,Y
Male,Yes,0,Graduate,No,5546,2956,142.0,360,1.0,Urban,Y
Male,No,0,Graduate,No,3643,0,60.0,360,0.0,Urban,N
Female,No,0,Not Graduate,No,11414,0,97.0,36,1.0,Urban,Y
Male,Yes,1,Graduate,No,5458,4765,93.0,360,1.0,Urban,Y
Female,No,2,Graduate,No,4277,0,71.0,360,1.0,Semiurban,Y
Female,Yes,2,Graduate,No,6117,4211,86.0,360,0.0,Semiurban,Y
Male,Yes,3+,Not Graduate,No,3407,3470,121.0,84,1.0,Urban,Y
Female,No,0,Not Graduate,Yes,6408,0,213.0,360,1.0,Urban,Y
Male,Yes,0,Graduate,Yes,6328,3489,82.0,360,1.0,Semiurban,Y
Female,No,0,Graduate,No,7436,0,77.0,360,0.0,Urban,N
Male,No,0,Graduate,No,3469,0,95.0,360,0.0,Semiurban,N
Male,Yes,3+,Graduate,No,2440,784,139.0,12,1.0,Semiurban,Y
Male,No,1,Graduate,No,3214,0,198.0,360,1.0,Urban,Y
Male,No,2,Not Graduate,Yes,3726,0,117.0,360,1.0,Urban,Y
Male,Yes,0,Graduate,No,8957,1417,68.0,360,1.0,Urban,Y
Male,Yes,0,Graduate,No,11358,2603,74.0,180,0.0,Urban,Y
Male,Yes,0,Graduate,No,4939,1616,131.0,360,1.0,Rural,Y
Male,No,0,Graduate,No,4248,0,180.0,180,1.0,Urban,Y
Male,No,1,Graduate,No,3613,0,251.0,360,0.0,Semiurban,N
Male,Yes,0,Graduate,No,6130,1410,75.0,360,0.0,Semiurban,Y
Female,Yes,1,Graduate,No,11326,1951,128.0,360,1.0,Urban,Y
Male,Yes,2,Graduate,Yes,9448,893,80.0,360,0.0,Urban,Y
Female,Yes,0,Graduate,No,7059,1838,84.0,360,1.0,Rural,Y
Male,Yes,2,Not Graduate,Yes,7012,2483,81.0,360,1.0,Rural,Y
Male,Yes,0,Graduate,No,6152,3367,106.0,120,1.0,Urban,Y
Male,Yes,1,Graduate,No,4141,2320,85.0,360,1.0,Urban,Y
Female,Yes,2,Graduate,No,3036,845,327.0,60,1.0,Semiurban,N
Male,Yes,3+,Graduate,Yes,4190,4497,101.0,360,1.0,Urban,Y
Male,Yes,0,Not Graduate,No,5115,4730,180.0,360,1.0,Urban,Y
Male,No,0,Not Graduate,Yes,2199,0,93.0,360,1.0,Urban,N
Female,Yes,0,Graduate,No,3948,1272,296.0,360,1.0,Semiurban,Y
Male,Yes,0,Graduate,No,2917,1452,139.0,360,0.0,Urban,N
Male,Yes,1,Graduate,No,6675,1768,169.0,360,0.0,Semiurban,Y
Male,Yes,3+,Not Graduate,No,3303,2361,95.0,84,1.0,Semiurban,Y
Male,Yes,0,Graduate,Yes,4903,1664,179.0,360,1.0,Semiurban,Y
Male,Yes,0,Graduate,No,3087,1193,138.0,360,0.0,Urban,N
Male,Yes,0,Graduate,No,8681,3691,104.0,120,1.0,Semiurban,Y
Male,No,0,Not Graduate,No,1967,0,78.0,360,0.0,Semiurban,N
Male,No,0,Graduate,No,5240,0,110.0,84,1.0,Urban,Y
Male,No,0,Graduate,Yes,2380,0,,360,1.0,Urban,N
Female,No,2,Graduate,No,3363,0,172.0,360,1.0,Urban,Y
Female,No,0,Not Graduate,No,4641,0,110.0,120,1.0,Urban,Y
Male,Yes,0,Graduate,Yes,4745,4092,56.0,360,1.0,Rural,Y
Male,Yes,2,Not Graduate,No,4689,2166,157.0,360,0.0,Semiurban,N
Male,Yes,0,Graduate,No,4529,1754,203.0,60,0.0,Urban,N
Female,Yes,1,Graduate,No,3168,1900,62.0,60,1.0,Semiurban,Y
Male,No,1,Not Graduate,No,3929,0,250.0,60,0.0,Urban,N
Male,Yes,1,Not Graduate,No,4290,1913,212.0,360,0.0,Urban,N
Male,Yes,0,Graduate,No,4618,1903,94.0,120,1.0,Urban,Y
Male,Yes,0,Graduate,No,4106,3787,77.0,360,1.0,Semiurban,Y
Male,Yes,2,Graduate,No,5874,853,185.0,84,1.0,Urban,Y
Male,No,2,Graduate,No,4411,0,70.0,360,1.0,Urban,Y
Male,No,0,Graduate,No,4631,0,93.0,360,1.0,Urban,Y
Male,Yes,0,Graduate,No,3561,8514,71.0,60,1.0,Urban,Y
Male,No,0,Graduate,No,2634,0,121.0,120,1.0,Semiurban,Y
Male,Yes,0,Graduate,No,4533,6115,218.0,36,1.0,Rural,Y
Male,No,1,Graduate,No,7283,0,141.0,360,1.0,Semiurban,Y
Male,Yes,0,Graduate,No,5165,1363,182.0,360,1.0,Semiurban,Y
Female,Yes,0,Graduate,No,2928,2627,105.0,60,1.0,Rural,Y
Male,Yes,2,Graduate,No,6103,3541,126.0,360,0.0,Urban,Y
Male,No,0,Graduate,No,3638,0,74.0,60,1.0,Urban,Y
Male,No,2,Graduate,No,5834,0,116.0,180,0.0,Semiurban,N
Male,Yes,2,Graduate,No,3583,1966,90.0,84,0.0,Urban,N
Male,Yes,0,Graduate,No,4959,1329,113.0,180,0.0,Semiurban,N
Male,No,1,Graduate,No,3349,0,110.0,120,1.0,Urban,Y
Female,Yes,2,Graduate,No,3388,3313,107.0,360,0.0,Urban,N
Male,Yes,0,Graduate,No,2090,2648,282.0,36,1.0,Semiurban,Y
Male,Yes,0,Graduate,No,5326,3226,246.0,360,1.0,Rural,Y
Male,Yes,0,Graduate,No,4996,2445,214.0,360,1.0,Semiurban,Y
Male,No,3+,Not Graduate,No,5125,0,249.0,360,1.0,Urban,N
Male,No,1,Graduate,No,4788,0,214.0,180,1.0,Semiurban,Y
Male,Yes,0,Not Graduate,,3001,1128,120.0,180,1.0,Urban,Y
Male,Yes,1,Graduate,No,6533,1657,115.0,360,1.0,Urban,Y
Male,No,0,Graduate,No,6612,0,133.0,120,0.0,Urban,N
Male,Yes,1,Graduate,No,2966,1385,111.0,84,1.0,Semiurban,Y
Male,No,2,Graduate,No,5374,0,80.0,360,1.0,Rural,Y
Male,Yes,0,Not Graduate,No,6271,1518,136.0,360,1.0,Semiurban,Y
Male,Yes,2,Graduate,No,3423,1176,64.0,360,1.0,Urban,Y
Female,No,1,Graduate,No,3702,0,128.0,84,1.0,Urban,Y
Male,No,1,Graduate,No,5379,0,81.0,60,0.0,Urban,N
Male,Yes,0,Graduate,Yes,2143,1455,117.0,360,0.0,Rural,N
Male,No,2,Not Graduate,No,2591,0,131.0,360,1.0,Semiurban,N
Male,Yes,3+,Graduate,No,2709,649,105.0,360,,Urban,N
Male,Yes,0,Not Graduate,No,1884,1748,63.0,360,1.0,Semiurban,Y
Male,No,0,Not Graduate,Yes,6892,0,75.0,360,1.0,Semiurban,Y
Female,No,0,Graduate,No,1729,0,145.0,360,1.0,Rural,N
Male,Yes,2,Graduate,No,4936,2033,97.0,180,0.0,Rural,Y
Male,Yes,1,Graduate,No,6095,5089,152.0,360,1.0,Urban,Y
Male,Yes,0,Graduate,No,3706,2284,121.0,360,1.0,Semiurban,Y
Female,Yes,2,Not Graduate,No,3131,1292,112.0,360,1.0,Semiurban,Y
Male,Yes,0,Graduate,,4697,646,139.0,360,1.0,Urban,Y
Male,No,2,Graduate,No,4233,0,92.0,84,1.0,Semiurban,Y
Male,Yes,0,Not Graduate,No,6644,916,142.0,360,1.0,Semiurban,Y
Male,No,0,Graduate,No,1500,0,102.0,180,1.0,Urban,N
Male,Yes,0,Graduate,No,2797,5455,335.0,360,0.0,Semiurban,N
Male,Yes,0,Graduate,No,5446,2883,77.0,360,,Semiurban,Y
Male,Yes,1,Not Graduate,No,4327,2524,105.0,360,1.0,Urban,Y
Male,Yes,1,Graduate,No,5933,3521,107.0,360,1.0,Urban,Y
Male,Yes,0,Graduate,Yes,4759,3443,70.0,180,0.0,Semiurban,Y
Male,No,0,Graduate,Yes,3981,0,162.0,360,1.0,Urban,Y
Male,Yes,0,Graduate,No,3692,1392,102.0,360,1.0,Rural,Y
Female,No,2,Graduate,No,12043,0,46.0,180,1.0,Urban,Y
Female,Yes,1,Graduate,Yes,8439,1148,160.0,360,1.0,Urban,Y
Male,No,0,Graduate,No,5286,0,94.0,120,1.0,Urban,Y
Female,Yes,1,Not Graduate,No,4382,1845,116.0,360,0.0,Semiurban,N
Female,No,0,Graduate,No,5389,0,159.0,360,1.0,Semiurban,Y
Female,Yes,3+,Graduate,No,6136,1349,105.0,360,1.0,Semiurban,Y
Male,No,3+,Not Graduate,No,5107,0,104.0,360,0.0,Urban,N
Male,No,1,Graduate,No,3016,0,325.0,360,1.0,Rural,N
Male,Yes,3+,Not Graduate,No,9443,3069,51.0,360,1.0,Urban,Y
Male,Yes,2,Graduate,No,4725,1858,72.0,120,1.0,Urban,Y
Male,Yes,2,Graduate,Yes,10469,644,78.0,84,1.0,Urban,Y
Male,No,1,Graduate,No,4601,0,248.0,180,0.0,Urban,N
Male,Yes,0,Graduate,Yes,3787,3733,93.0,360,0.0,Urban,N
Male,Yes,0,Graduate,,7886,981,133.0,360,1.0,Urban,Y
Male,Yes,0,Graduate,No,4844,3128,100.0,360,1.0,Urban,Y
Male,Yes,1,Graduate,No,4491,719,154.0,360,0.0,Rural,N
Female,No,0,Graduate,No,2464,0,120.0,180,1.0,Urban,Y
Female,Yes,0,Graduate,No,5693,2770,134.0,120,1.0,Rural,Y
Female,Yes,0,Graduate,Yes,3388,1656,203.0,360,1.0,Semiurban,Y
Female,No,0,Graduate,No,3458,0,144.0,360,1.0,Urban,Y
Male,Yes,1,Graduate,No,3392,1486,,60,1.0,Semiurban,Y
Female,No,3+,Graduate,Yes,5154,0,137.0,360,1.0,Semiurban,Y
Male,Yes,2,Graduate,No,2119,2259,319.0,60,1.0,Urban,Y
Male,Yes,1,Graduate,No,3847,1270,152.0,120,1.0,Rural,Y
Male,Yes,1,Graduate,Yes,6575,841,129.0,360,1.0,Semiurban,Y
Male,No,0,Graduate,No,2414,0,70.0,360,1.0,Rural,Y
Male,Yes,0,Not Graduate,No,4572,3148,162.0,36,1.0,Rural,Y
Male,Yes,2,Graduate,No,3183,1664,172.0,180,1.0,Urban,Y
Female,Yes,0,Graduate,No,3527,5548,137.0,360,1.0,Urban,Y
Male,Yes,0,Not Graduate,No,8909,1533,127.0,360,0.0,Urban,Y
Male,No,2,Graduate,No,2012,0,377.0,180,1.0,Rural,N
Female,Yes,0,Graduate,No,5970,2714,171.0,360,1.0,Rural,Y
Male,No,0,Graduate,No,3411,0,199.0,360,1.0,Semiurban,Y
Male,Yes,0,Graduate,No,3336,1179,124.0,360,1.0,Urban,Y
Male,No,0,Graduate,No,2565,0,115.0,360,1.0,Urban,N
Male,Yes,0,Graduate,No,5938,2784,156.0,360,1.0,Rural,Y
Male,Yes,0,Graduate,No,3881,4100,115.0,360,1.0,Rural,Y
Female,Yes,1,Graduate,No,3666,769,119.0,360,1.0,Urban,Y
Male,No,2,Graduate,No,4444,0,146.0,360,1.0,Urban,Y
Male,Yes,0,Graduate,No,3918,1339,98.0,60,1.0,Urban,Y
Female,No,2,Graduate,No,1719,0,132.0,360,0.0,Urban,N
Male,No,0,Graduate,Yes,3391,0,125.0,360,1.0,Rural,Y
Male,Yes,0,Graduate,No,6329,4419,178.0,360,0.0,Semiurban,Y
Male,Yes,0,Graduate,No,2147,1586,95.0,360,0.0,Semiurban,N
Male,Yes,1,Not Graduate,,2590,951,54.0,60,1.0,Semiurban,Y
Male,Yes,0,Graduate,No,3491,1508,107.0,360,0.0,Urban,N
Male,No,1,Graduate,No,3051,0,142.0,360,1.0,Urban,Y
Male,No,2,Graduate,No,4177,0,178.0,36,1.0,Rural,Y
Female,Yes,0,Graduate,No,2586,1597,92.0,180,0.0,Semiurban,N
Male,Yes,1,Graduate,Yes,3552,2602,150.0,360,,Urban,Y
Male,Yes,3+,Graduate,Yes,4139,1243,191.0,60,1.0,Urban,Y
Male,Yes,0,Graduate,No,5664,1674,164.0,84,1.0,Urban,Y
Male,No,0,Not Graduate,No,7406,0,88.0,36,1.0,Urban,Y
Male,Yes,1,Graduate,No,3760,1202,92.0,360,1.0,Semiurban,Y
Male,No,1,Not Graduate,No,9893,0,144.0,36,1.0,Semiurban,Y
Female,Yes,0,Graduate,No,3894,1301,232.0,360,1.0,Semiurban,Y
Male,Yes,0,Graduate,No,6142,1622,122.0,180,1.0,Rural,Y
Male,Yes,0,Not Graduate,No,10088,3739,113.0,360,1.0,Semiurban,Y
Male,Yes,0,Graduate,No,4503,3133,70.0,360,0.0,Semiurban,Y
Male,Yes,0,Not Graduate,No,2279,5349,105.0,360,1.0,Urban,Y
Male,No,3+,Graduate,No,4406,0,91.0,360,,Rural,Y
Male,No,2,Graduate,No,3212,0,122.0,360,1.0,Semiurban,Y
Male,Yes,0,Graduate,No,3738,6865,66.0,360,1.0,Urban,Y
Male,Yes,1,Graduate,No,10334,2833,106.0,36,1.0,Semiurban,Y
Female,Yes,2,Graduate,Yes,2440,1821,81.0,180,1.0,Semiurban,Y
Female,No,0,Graduate,No,4842,0,176.0,360,1.0,Rural,Y
Female,Yes,0,Graduate,Yes,2849,2225,86.0,120,1.0,Rural,Y
Female,No,0,Graduate,No,3683,0,96.0,360,1.0,Semiurban,Y
Male,Yes,2,Graduate,No,5914,875,136.0,360,0.0,Semiurban,N
Female,Yes,0,Graduate,No,4881,5303,101.0,180,1.0,Urban,Y
Male,No,3+,Graduate,No,3822,0,312.0,180,1.0,Semiurban,N
Female,Yes,0,Graduate,No,3157,2230,176.0,360,0.0,Semiurban,N
Female,Yes,0,Graduate,No,4876,6952,122.0,360,1.0,Semiurban,Y
Male,Yes,0,Not Graduate,No,9122,1326,140.0,360,1.0,Semiurban,Y
Female,Yes,0,Graduate,No,2819,2961,47.0,360,,Rural,N
Male,Yes,2,Graduate,No,9999,1242,198.0,360,1.0,Urban,Y
Male,No,3+,Graduate,No,7257,0,149.0,120,1.0,Urban,Y
Male,No,0,Not Graduate,No,7833,0,118.0,360,1.0,Semiurban,Y
Male,Yes,3+,Graduate,No,4860,3211,152.0,180,1.0,Rural,Y
Male,No,2,Graduate,No,7165,0,159.0,60,0.0,Rural,N
Male,Yes,0,Graduate,Yes,2686,1411,102.0,84,1.0,Semiurban,Y
Female,Yes,1,Graduate,No,3131,4675,141.0,180,1.0,Rural,Y
Male,Yes,0,Graduate,No,5970,4877,184.0,360,1.0,Semiurban,Y
Female,Yes,1,Not Graduate,Yes,4832,1719,145.0,180,1.0,Urban,Y
Female,Yes,0,Not Graduate,No,3956,1990,109.0,180,0.0,Rural,N
Female,No,1,Graduate,No,1500,0,136.0,120,0.0,Urban,N
Female,Yes,0,Graduate,No,3477,1663,211.0,84,1.0,Urban,Y
Male,Yes,2,Not Graduate,No,2494,970,166.0,360,1.0,Semiurban,Y
Female,Yes,2,Graduate,No,5282,3185,76.0,180,1.0,Urban,Y
Male,No,0,Graduate,No,3881,0,153.0,360,1.0,Urban,Y
Male,No,0,Graduate,No,3188,0,145.0,360,1.0,Urban,Y
Male,Yes,0,Graduate,No,13895,1943,193.0,360,1.0,Urban,Y
Male,Yes,1,Graduate,No,6749,4358,123.0,360,1.0,Urban,Y
Male,Yes,0,Not Graduate,No,6803,1440,104.0,360,1.0,Semiurban,Y
Male,Yes,1,Graduate,No,11395,2583,,120,1.0,Rural,Y
Male,Yes,0,Graduate,Yes,6069,1903,92.0,360,1.0,Rural,Y
Male,Yes,0,Graduate,No,2990,3523,196.0,36,1.0,Rural,Y
Male,Yes,0,Graduate,No,2836,2503,131.0,180,1.0,Semiurban,Y
Male,Yes,0,Graduate,No,6530,3288,,12,1.0,Semiurban,Y
Male,Yes,2,Graduate,No,1674,1436,204.0,120,1.0,Urban,N
Male,No,3+,Graduate,No,4084,0,187.0,360,1.0,Urban,Y
Male,No,0,Not Graduate,No,1592,0,90.0,360,1.0,Semiurban,N
Male,Yes,0,Graduate,No,4422,1491,196.0,180,0.0,Semiurban,N
Female,Yes,0,Not Graduate,No,6212,2034,62.0,180,1.0,Rural,Y
Male,Yes,1,Graduate,No,4796,2417,146.0,180,1.0,Semiurban,Y
Male,Yes,0,Graduate,No,6452,4209,139.0,180,1.0,Urban,Y
Male,No,1,Graduate,No,10241,0,192.0,84,0.0,Rural,N
Male,Yes,3+,Graduate,No,3965,1327,141.0,360,1.0,Semiurban,Y
Female,No,0,Graduate,No,14964,0,110.0,360,1.0,Rural,Y
Male,No,2,Graduate,No,4655,0,113.0,360,0.0,Rural,N
Male,Yes,0,Graduate,No,6484,773,356.0,360,1.0,Urban,Y
Male,Yes,0,Graduate,No,3213,1523,125.0,12,0.0,Urban,N
Male,Yes,0,Graduate,No,8766,2942,154.0,120,0.0,Urban,Y
Male,Yes,0,Graduate,No,6759,5341,54.0,360,1.0,Urban,Y
Male,Yes,0,Graduate,No,8202,1783,87.0,360,1.0,Urban,Y
Male,Yes,0,Graduate,No,4335,2031,149.0,180,1.0,Semiurban,Y
Male,No,0,Graduate,No,2404,0,63.0,360,1.0,Rural,Y
Male,Yes,0,Graduate,Yes,5203,2155,151.0,360,1.0,Rural,Y
Female,Yes,1,Graduate,No,1971,1002,90.0,360,1.0,Semiurban,Y
Female,Yes,3+,Graduate,Yes,3636,1273,80.0,84,1.0,Urban,Y
Male,No,0,Graduate,No,4610,0,90.0,120,1.0,Urban,Y
Male,Yes,0,Not Graduate,No,12329,1540,223.0,360,1.0,Semiurban,Y
Male,No,0,Graduate,Yes,4882,0,138.0,84,1.0,Urban,Y
Male,Yes,2,Not Graduate,No,4504,1822,84.0,60,1.0,Rural,Y
Male,Yes,1,Graduate,No,4111,878,165.0,360,1.0,Rural,Y
Female,Yes,0,Not Graduate,No,2312,4027,169.0,360,1.0,Urban,Y
Female,Yes,0,Graduate,No,4396,907,104.0,120,1.0,Semiurban,Y
Male,No,0,Not Graduate,No,4430,0,178.0,360,1.0,Urban,Y
Male,Yes,0,Graduate,No,2735,1772,181.0,360,1.0,Semiurban,Y
Female,No,3+,Graduate,No,2479,0,170.0,360,0.0,Urban,N
Male,Yes,2,Graduate,No,3405,1456,92.0,360,1.0,Urban,Y
Male,Yes,0,Graduate,No,4355,1145,75.0,360,0.0,Semiurban,N
Male,Yes,0,Not Graduate,No,3443,2203,61.0,180,1.0,Semiurban,Y
Male,Yes,0,Graduate,No,2636,1757,93.0,360,1.0,Semiurban,Y
Male,No,0,Not Graduate,Yes,4818,0,104.0,180,1.0,Semiurban,Y
Male,No,2,Graduate,No,5391,0,108.0,120,1.0,Semiurban,Y
Female,Yes,0,Graduate,No,4467,970,119.0,360,0.0,Rural,N
Male,Yes,0,Graduate,No,3283,711,243.0,120,1.0,Rural,Y
Male,Yes,0,Not Graduate,No,5528,7210,106.0,360,1.0,Rural,Y
Male,Yes,2,Graduate,No,3882,2127,119.0,180,1.0,Rural,Y
Male,Yes,1,Graduate,No,2477,2218,58.0,360,1.0,Semiurban,Y
Male,Yes,0,Graduate,No,6743,1249,296.0,360,1.0,Semiurban,Y
Male,Yes,0,Graduate,No,4959,3424,71.0,360,0.0,Urban,Y
Female,Yes,0,Not Graduate,No,4009,1450,91.0,360,0.0,Urban,N
Male,Yes,3+,Graduate,No,2086,375,160.0,360,1.0,Rural,N
Female,Yes,0,Graduate,No,3025,1421,134.0,84,1.0,Rural,Y
Male,Yes,0,Graduate,No,10491,1687,234.0,360,0.0,Semiurban,Y
Male,Yes,0,Not Graduate,Yes,2145,1804,162.0,12,1.0,Semiurban,Y
Male,No,2,Graduate,,3777,0,117.0,84,1.0,Urban,Y
Male,Yes,0,Graduate,No,4199,1357,184.0,84,1.0,Urban,Y
Male,Yes,0,Graduate,No,4886,1280,193.0,360,0.0,Semiurban,N
Male,Yes,1,Graduate,No,2156,1671,93.0,360,1.0,Semiurban,Y
Male,Yes,1,Graduate,Yes,4575,744,178.0,60,1.0,Rural,Y
Female,No,1,Graduate,No,1980,0,111.0,360,1.0,Urban,Y
Female,Yes,2,Not Graduate,No,4419,2119,116.0,360,1.0,Semiurban,Y
Female,No,0,Not Graduate,No,3153,0,128.0,84,0.0,Urban,N
Male,No,0,Graduate,No,2865,0,104.0,360,1.0,Rural,Y
Female,Yes,3+,Graduate,No,6158,1714,102.0,360,1.0,Rural,Y
Male,Yes,0,Graduate,No,3804,976,180.0,360,1.0,Semiurban,Y
Male,No,1,Graduate,,5235,0,65.0,12,1.0,Rural,Y
Male,Yes,1,Graduate,No,5313,1171,79.0,12,1.0,Semiurban,Y
Male,Yes,0,Graduate,No,7491,2574,159.0,180,1.0,Urban,Y
Male,Yes,0,Graduate,No,2455,4745,118.0,60,1.0,Semiurban,Y
Male,Yes,2,Graduate,No,6396,2064,180.0,360,1.0,Urban,Y
Female,Yes,2,Not Graduate,No,4261,964,140.0,360,0.0,Semiurban,N
Male,Yes,1,Graduate,No,3568,1178,71.0,360,1.0,Rural,Y
Male,No,0,Graduate,No,2522,0,124.0,360,1.0,Rural,N
Male,Yes,0,Graduate,No,5557,1566,150.0,360,1.0,Urban,Y
Female,No,0,Graduate,No,2793,0,133.0,360,1.0,Urban,N
Male,Yes,0,Graduate,No,5340,4102,100.0,360,1.0,Urban,Y
Male,Yes,0,Graduate,Yes,10072,1801,108.0,360,1.0,Urban,Y
Female,Yes,3+,Not Graduate,No,6574,2230,97.0,360,1.0,Urban,Y
Female,Yes,2,Graduate,No,7912,1238,71.0,84,0.0,Semiurban,Y
Male,Yes,1,Graduate,No,3060,716,67.0,360,0.0,Semiurban,N
Male,Yes,0,Graduate,Yes,5962,5843,142.0,360,1.0,Semiurban,Y
Male,No,0,Not Graduate,No,2527,0,85.0,360,1.0,Urban,Y
Male,Yes,3+,Graduate,No,3808,664,152.0,84,1.0,Urban,Y
Male,Yes,0,Graduate,No,9261,5871,95.0,360,1.0,Urban,Y
Female,No,0,Graduate,,3217,0,71.0,360,0.0,Urban,N
Male,No,0,Graduate,No,6975,0,103.0,360,1.0,Urban,Y
Male,Yes,2,Not Graduate,No,6681,3009,280.0,360,1.0,Urban,Y
Male,Yes,2,Graduate,Yes,6861,3177,116.0,360,0.0,Semiurban,N
Male,No,0,Graduate,No,2391,0,157.0,360,0.0,Rural,N
Male,Yes,2,Graduate,Yes,5357,1451,129.0,360,1.0,Semiurban,Y
Male,Yes,0,Graduate,No,3942,3380,69.0,84,1.0,Semiurban,Y
Male,Yes,0,Not Graduate,No,6903,1223,216.0,360,0.0,Urban,N
Male,No,2,Graduate,,2008,0,110.0,120,,Rural,N
Male,Yes,2,Graduate,No,4991,4697,71.0,360,0.0,Urban,Y
Male,No,1,Not Graduate,No,4683,0,98.0,360,1.0,Urban,Y
Female,Yes,1,Graduate,No,1727,1628,111.0,360,1.0,Urban,Y
Male,No,2,Graduate,No,2840,0,163.0,60,1.0,Urban,N
Male,Yes,2,Graduate,No,1856,681,92.0,360,1.0,Semiurban,Y
Male,Yes,2,Graduate,Yes,3050,1454,346.0,360,0.0,Rural,N
Male,No,1,Graduate,No,5416,0,83.0,360,1.0,Rural,Y
Male,Yes,3+,Graduate,No,4618,1309,155.0,360,0.0,Semiurban,N
Male,Yes,3+,Graduate,,4565,820,55.0,360,1.0,Semiurban,Y
Female,Yes,0,Not Graduate,No,2649,3938,115.0,360,1.0,Semiurban,Y
Male,Yes,2,Graduate,No,7003,2608,140.0,84,1.0,Rural,Y
Male,Yes,0,Graduate,No,4194,1917,77.0,120,1.0,Semiurban,Y
Male,No,0,Graduate,No,4294,0,221.0,360,1.0,Semiurban,Y
Female,Yes,1,Not Graduate,No,6458,3703,144.0,360,1.0,Semiurban,Y
Male,Yes,0,Graduate,No,2707,2384,107.0,360,1.0,Semiurban,Y
Male,Yes,0,Not Graduate,No,4688,2943,143.0,120,0.0,Urban,N
Male,Yes,2,Graduate,No,5118,1318,95.0,180,1.0,Urban,Y
Male,No,0,Not Graduate,No,3309,0,200.0,360,1.0,Semiurban,N
Female,Yes,0,Graduate,Yes,5673,2901,182.0,84,1.0,Rural,Y
Male,Yes,3+,Graduate,No,5243,3868,141.0,360,1.0,Semiurban,Y
Male,No,0,Graduate,No,4041,0,155.0,360,0.0,Rural,N
Female,Yes,0,Not Graduate,No,3985,3403,67.0,180,1.0,Urban,Y
Female,No,0,Graduate,No,5353,0,218.0,360,0.0,Semiurban,N
Female,No,0,Graduate,No,6031,0,116.0,360,1.0,Urban,Y
Male,No,1,Graduate,No,4351,0,183.0,360,1.0,Rural,Y
Male,Yes,2,Not Graduate,No,7002,1677,164.0,84,0.0,Urban,N
Male,No,0,Graduate,No,5689,0,181.0,360,0.0,Semiurban,N
Male,No,2,Graduate,Yes,1891,0,79.0,360,1.0,Urban,N
Male,Yes,0,Graduate,No,2248,3023,84.0,360,1.0,Semiurban,Y
Male,Yes,0,Graduate,No,7201,1305,298.0,360,1.0,Rural,Y
Male,Yes,1,Not Graduate,No,3785,2182,66.0,180,1.0,Urban,Y
Male,Yes,1,Not Graduate,No,4554,1654,78.0,360,1.0,Rural,Y
Female,Yes,1,Graduate,Yes,7063,1529,123.0,120,1.0,Rural,Y
Male,Yes,0,Graduate,No,4217,1861,123.0,180,1.0,Urban,Y
Female,Yes,0,Not Graduate,Yes,4301,1949,97.0,360,1.0,Semiurban,Y
Male,Yes,0,Not Graduate,No,2861,4046,155.0,360,1.0,Urban,Y
Male,Yes,0,Graduate,No,4996,4974,174.0,180,0.0,Urban,N
Male,Yes,1,Graduate,No,5507,2952,120.0,360,1.0,Semiurban,Y
Male,No,0,Graduate,No,3261,0,109.0,84,1.0,Semiurban,Y
Male,Yes,2,Graduate,No,2793,3335,120.0,60,1.0,Semiurban,Y
Male,Yes,0,Graduate,No,13791,2688,99.0,180,0.0,Urban,Y
Male,Yes,0,Graduate,No,4056,4784,61.0,12,1.0,Rural,Y
Male,Yes,0,Graduate,No,3109,911,137.0,360,0.0,Semiurban,N
Male,No,0,Graduate,No,5813,0,165.0,360,1.0,Urban,Y
Male,No,2,Graduate,No,4134,0,114.0,360,1.0,Semiurban,Y
Female,Yes,0,Graduate,No,2595,1667,49.0,360,1.0,Urban,Y
Female,No,0,Graduate,No,5257,0,96.0,360,1.0,Urban,Y
Male,Yes,2,Graduate,No,2881,1023,174.0,360,1.0,Semiurban,Y
Male,Yes,1,Graduate,No,8599,2701,68.0,360,1.0,Semiurban,Y
Male,Yes,0,Graduate,No,5284,1404,160.0,360,1.0,Urban,Y
Female,No,0,Not Graduate,No,3734,0,101.0,360,0.0,Rural,N
Male,Yes,1,Graduate,No,4443,2253,120.0,360,1.0,Urban,Y
Male,No,3+,Graduate,No,6351,0,92.0,360,1.0,Semiurban,Y
Female,No,2,Not Graduate,No,4599,0,77.0,120,1.0,Urban,Y
Male,Yes,0,Graduate,Yes,10992,1904,215.0,360,1.0,Semiurban,Y
Female,Yes,3+,Not Graduate,No,7052,1046,168.0,84,1.0,Urban,Y
Male,No,0,Graduate,No,5268,0,157.0,60,1.0,Semiurban,Y
Male,Yes,0,Graduate,No,2774,1040,174.0,120,1.0,Semiurban,Y
Male,Yes,2,Graduate,No,3959,2314,148.0,360,0.0,Urban,N
Female,Yes,0,Graduate,No,5247,2579,177.0,180,1.0,Urban,Y
Female,Yes,0,Graduate,Yes,2921,3017,93.0,360,1.0,Semiurban,Y
Male,Yes,0,Not Graduate,Yes,7570,1271,210.0,180,1.0,Urban,Y
Male,Yes,0,Not Graduate,No,2728,2710,203.0,360,1.0,Semiurban,Y
Male,Yes,2,Graduate,No,3175,2138,141.0,180,1.0,Semiurban,Y
Female,Yes,1,Graduate,No,3284,1930,108.0,120,1.0,Semiurban,Y
Male,No,0,Graduate,No,5911,0,74.0,360,1.0,Rural,Y
Male,No,0,Graduate,No,2944,0,133.0,180,0.0,Semiurban,N
Male,Yes,3+,Graduate,No,1881,2232,238.0,360,0.0,Rural,N
Female,Yes,2,Graduate,Yes,6902,2123,76.0,360,1.0,Semiurban,Y
Male,No,0,Graduate,No,3463,0,182.0,360,1.0,Rural,Y
Male,Yes,3+,Graduate,No,2615,3031,,360,1.0,Urban,Y
Male,Yes,1,Graduate,No,3011,1033,104.0,360,1.0,Rural,Y
Female,No,0,Graduate,No,9159,0,75.0,360,1.0,Rural,Y
Male,No,0,Graduate,No,3147,0,89.0,360,1.0,Semiurban,Y
Male,No,0,Graduate,No,4001,0,157.0,180,1.0,Urban,Y
Female,No,1,Not Graduate,No,3459,0,165.0,360,1.0,Rural,Y
Male,Yes,0,Graduate,No,2429,2109,133.0,360,1.0,Semiurban,Y
Male,Yes,0,Graduate,No,3028,618,99.0,360,1.0,Semiurban,Y
Male,No,0,Graduate,No,2355,0,78.0,360,1.0,Rural,Y
Female,Yes,3+,Graduate,Yes,6503,1862,124.0,84,1.0,Urban,Y
Male,Yes,0,Graduate,Yes,4426,691,105.0,360,0.0,Urban,N
Female,No,3+,Graduate,No,12928,0,132.0,360,1.0,Semiurban,Y
Male,No,3+,Graduate,No,3074,0,106.0,84,1.0,Semiurban,Y
Male,Yes,0,Not Graduate,Yes,2874,3139,107.0,360,1.0,Rural,Y
Male,No,0,Graduate,No,8435,0,129.0,360,1.0,Semiurban,Y
Female,No,0,Graduate,No,6809,0,139.0,60,1.0,Rural,Y
Male,No,3+,Graduate,Yes,5029,0,198.0,360,1.0,Urban,Y
Female,Yes,0,Not Graduate,No,2562,2630,106.0,360,1.0,Semiurban,Y
Male,Yes,0,Graduate,Yes,9276,1734,151.0,360,1.0,Urban,Y
Male,Yes,0,Graduate,Yes,4095,946,249.0,360,1.0,Semiurban,Y
Male,Yes,0,Graduate,No,3484,1205,152.0,360,1.0,Rural,Y
Female,Yes,3+,Graduate,Yes,7075,1194,193.0,360,0.0,Urban,N
Male,Yes,1,Graduate,No,4187,3127,94.0,180,0.0,Rural,N
Male,Yes,2,Graduate,No,2503,728,91.0,360,0.0,Urban,N
Male,No,0,Graduate,No,4307,0,114.0,180,1.0,Urban,Y
Female,Yes,0,Not Graduate,No,2976,1719,118.0,360,1.0,Urban,Y
Male,No,3+,Graduate,,1500,0,186.0,360,1.0,Semiurban,N
Female,No,0,Graduate,No,2844,0,90.0,180,1.0,Urban,Y
Male,Yes,3+,Graduate,No,3335,2754,117.0,360,0.0,Semiurban,N
Male,No,0,Graduate,No,2514,0,186.0,360,1.0,Semiurban,N
Male,Yes,0,Not Graduate,No,5480,954,132.0,360,1.0,Urban,Y
Female,Yes,1,Graduate,Yes,2981,1643,120.0,360,1.0,Semiurban,Y
Female,No,3+,Graduate,No,5246,0,133.0,360,1.0,Semiurban,Y
Male,Yes,3+,Not Graduate,No,2428,3180,77.0,120,0.0,Rural,N
Male,No,0,Graduate,No,6368,0,76.0,180,1.0,Urban,Y
Male,Yes,0,Graduate,No,2381,1192,,180,1.0,Urban,Y
Male,No,1,Graduate,No,1500,0,131.0,60,0.0,Urban,N
Male,Yes,1,Not Graduate,No,7381,1840,175.0,12,1.0,Semiurban,Y
Male,Yes,2,Not Graduate,No,2877,2168,165.0,360,0.0,Semiurban,N
Male,Yes,0,Graduate,No,9326,4836,191.0,360,1.0,Rural,Y
Male,No,3+,Graduate,No,5453,0,,120,1.0,Rural,Y
Male,No,1,Not Graduate,No,6036,0,128.0,360,1.0,Urban,Y
Male,Yes,2,Graduate,No,6771,1251,118.0,360,1.0,Semiurban,Y
Male,Yes,0,Not Graduate,No,4450,2048,219.0,360,1.0,Semiurban,Y
Male,Yes,0,Graduate,No,4473,2173,91.0,12,1.0,Rural,Y
Female,No,3+,Graduate,No,7529,0,75.0,12,1.0,Urban,Y
Male,Yes,1,Graduate,No,4447,1972,106.0,120,1.0,Semiurban,Y
Male,No,2,Graduate,Yes,3048,0,101.0,360,1.0,Rural,Y
Male,No,3+,Graduate,No,5505,0,123.0,360,1.0,Urban,Y
Male,Yes,1,Not Graduate,No,1634,4029,86.0,360,0.0,Semiurban,N
Male,Yes,0,Graduate,No,7660,513,140.0,84,1.0,Rural,Y
Male,Yes,0,Not Graduate,No,7732,3898,96.0,120,1.0,Rural,Y
Female,No,0,Graduate,No,7253,0,198.0,120,1.0,Urban,Y
Male,Yes,0,Graduate,No,7128,2404,75.0,360,1.0,Urban,Y
Male,Yes,0,Not Graduate,Yes,4072,8212,114.0,360,1.0,Urban,Y
Male,No,0,Graduate,No,4031,0,106.0,360,1.0,Rural,Y
Male,Yes,0,Graduate,No,2432,2226,133.0,360,1.0,Rural,Y
Male,Yes,0,Graduate,No,9289,1658,176.0,360,1.0,Rural,Y
Male,Yes,0,Graduate,No,3400,2982,135.0,360,1.0,Semiurban,Y
Male,Yes,0,Graduate,No,4929,2483,115.0,36,1.0,Urban,Y
Male,No,0,Not Graduate,Yes,4742,0,160.0,120,0.0,Semiurban,N
Male,Yes,1,Not Graduate,No,2314,1865,170.0,180,1.0,Semiurban,Y
Male,Yes,0,Graduate,No,1929,1021,135.0,360,1.0,Semiurban,Y
Female,No,0,Graduate,No,4240,0,141.0,360,0.0,Semiurban,N
Male,Yes,1,Graduate,Yes,3448,1553,157.0,360,1.0,Semiurban,Y
Male,No,2,Graduate,No,4063,0,62.0,360,0.0,Rural,N
Male,No,0,Graduate,No,6832,0,105.0,84,1.0,Urban,Y
Female,Yes,1,Not Graduate,No,4680,1756,141.0,360,1.0,Semiurban,Y
Male,Yes,3+,Graduate,No,5951,2008,108.0,360,1.0,Semiurban,Y
Male,No,2,Graduate,No,5168,0,108.0,360,1.0,Semiurban,Y
Male,Yes,0,Not Graduate,No,3668,2355,141.0,180,1.0,Semiurban,Y
Male,Yes,1,Graduate,No,2695,1799,142.0,60,1.0,Urban,Y
Male,No,0,Not Graduate,No,4765,0,146.0,120,0.0,Urban,N
Male,Yes,1,Graduate,No,4392,2099,88.0,360,1.0,Urban,Y
Male,No,3+,Graduate,No,6385,0,68.0,360,1.0,Urban,Y
Male,Yes,0,Not Graduate,No,3952,3695,167.0,120,0.0,Semiurban,N
Male,Yes,3+,Graduate,No,3700,3985,90.0,360,1.0,Urban,Y
Male,Yes,0,Not Graduate,No,3815,877,87.0,360,1.0,Semiurban,Y
Male,No,3+,Not Graduate,No,2797,0,84.0,360,1.0,Urban,Y
Male,No,1,Graduate,No,8112,0,192.0,360,0.0,Semiurban,N
Male,No,0,Graduate,No,7064,0,132.0,360,1.0,Semiurban,Y
Female,Yes,1,Graduate,No,2450,2829,139.0,120,1.0,Urban,Y
Male,Yes,0,Not Graduate,No,6074,3420,160.0,360,0.0,Semiurban,Y
Male,Yes,0,Graduate,No,1844,1130,119.0,84,1.0,Rural,Y
Male,Yes,2,Graduate,No,6590,1734,182.0,84,1.0,Urban,Y
Female,Yes,0,Graduate,Yes,3092,2234,75.0,360,1.0,Semiurban,Y
Male,Yes,2,Graduate,No,4973,2813,78.0,360,0.0,Urban,N
Male,Yes,0,Not Graduate,No,1775,1104,76.0,360,1.0,Urban,Y
Male,No,0,Not Graduate,No,2466,0,143.0,84,1.0,Semiurban,N
Male,Yes,3+,Not Graduate,No,5223,591,148.0,360,1.0,Urban,Y
Male,No,0,Graduate,Yes,3085,0,100.0,84,1.0,Rural,Y
Male,Yes,1,Graduate,No,2898,2779,110.0,180,1.0,Urban,Y
Male,Yes,1,Graduate,,7927,1376,201.0,12,1.0,Urban,Y
Female,Yes,1,Graduate,Yes,11440,3356,92.0,84,1.0,Semiurban,Y
Male,Yes,3+,Graduate,No,6448,1065,136.0,360,0.0,Semiurban,N
Male,Yes,1,Not Graduate,No,2588,2140,92.0,360,1.0,Semiurban,Y
Male,Yes,0,Not Graduate,No,9354,2305,188.0,360,1.0,Urban,Y
Male,Yes,2,Not Graduate,No,2095,2302,156.0,360,1.0,Rural,Y
Male,No,0,Not Graduate,No,3688,0,69.0,180,1.0,Rural,Y
Male,No,0,Not Graduate,No,4335,0,109.0,60,0.0,Semiurban,N
Male,No,3+,Graduate,No,10054,0,52.0,36,1.0,Rural,Y
Female,Yes,1,Not Graduate,No,6378,1292,174.0,360,1.0,Semiurban,Y
Female,Yes,2,Graduate,,3433,2351,275.0,360,0.0,Urban,N
Male,Yes,1,Graduate,No,2764,1382,50.0,360,1.0,Urban,Y
Male,Yes,2,Graduate,No,6640,3640,68.0,360,0.0,Urban,Y
Female,Yes,3+,Graduate,No,3327,5103,129.0,360,1.0,Rural,Y
Male,Yes,0,Graduate,No,4663,1671,120.0,84,1.0,Urban,Y
Female,Yes,0,Graduate,No,2283,3470,103.0,120,1.0,Semiurban,Y
Male,Yes,0,Graduate,No,5465,1759,60.0,60,1.0,Urban,Y
Male,Yes,1,Not Graduate,No,5270,1139,138.0,360,1.0,Semiurban,Y
Male,No,0,Not Graduate,No,2419,0,173.0,360,1.0,Urban,N
Male,No,0,Graduate,Yes,6729,0,379.0,120,1.0,Rural,N
Male,No,0,Graduate,No,5429,0,204.0,360,0.0,Urban,N
Male,No,3+,Graduate,No,5901,0,72.0,84,1.0,Rural,Y
Male,Yes,1,Graduate,No,3567,2104,120.0,360,0.0,Rural,N
Male,No,0,Graduate,No,4584,0,153.0,120,1.0,Semiurban,Y
Male,No,0,Not Graduate,No,4352,0,92.0,120,1.0,Urban,Y
Female,Yes,0,Graduate,Yes,3957,2147,166.0,360,1.0,Urban,Y
Male,Yes,0,Graduate,No,4567,1614,160.0,180,0.0,Rural,N
Female,No,0,Graduate,No,7445,0,199.0,360,1.0,Urban,Y
Male,Yes,3+,Graduate,No,6861,7346,167.0,360,1.0,Urban,Y
Male,No,3+,Graduate,Yes,2485,0,136.0,180,1.0,Semiurban,N
Female,Yes,0,Graduate,No,6590,3734,94.0,180,1.0,Urban,Y
Male,Yes,0,Not Graduate,No,7230,1307,72.0,12,0.0,Urban,N
Male,Yes,0,Graduate,No,3951,1404,132.0,360,1.0,Semiurban,Y
Male,Yes,0,Graduate,No,5317,1584,103.0,360,1.0,Urban,Y
Male,No,0,Graduate,No,5283,0,107.0,60,1.0,Urban,Y
Male,No,0,Graduate,No,2885,0,190.0,360,0.0,Semiurban,N
Female,Yes,0,Graduate,No,3562,5064,210.0,84,1.0,Semiurban,Y
Male,Yes,2,Graduate,No,5930,3507,74.0,360,1.0,Semiurban,Y
Male,No,1,Graduate,No,3384,0,111.0,120,1.0,Urban,Y
Male,Yes,1,Graduate,No,6561,1675,102.0,84,1.0,Semiurban,Y
Male,Yes,0,Graduate,No,7610,3286,137.0,84,1.0,Semiurban,Y
Male,Yes,3+,Graduate,No,7077,347,49.0,84,1.0,Semiurban,Y
Male,No,3+,Graduate,No,10310,0,67.0,360,1.0,Urban,Y
Male,No,0,Graduate,No,4060,0,115.0,360,0.0,Urban,N
Male,Yes,0,Graduate,Yes,4581,644,166.0,360,1.0,Rural,Y
Male,Yes,0,Graduate,No,4886,2549,125.0,360,1.0,Urban,Y
Male,No,0,Graduate,No,4116,0,158.0,360,1.0,Semiurban,Y
Male,No,0,Graduate,No,5399,0,131.0,36,1.0,Rural,Y
Male,Yes,1,Graduate,No,1958,980,202.0,360,1.0,Semiurban,N
Female,Yes,0,Graduate,Yes,4638,6895,220.0,84,1.0,Semiurban,Y
Male,No,0,Graduate,No,2275,0,89.0,60,0.0,Urban,N
Male,Yes,0,Not Graduate,No,2743,3588,173.0,360,0.0,Rural,N
Male,Yes,3+,Graduate,No,5882,3928,148.0,360,1.0,Semiurban,Y
Male,Yes,0,Not Graduate,No,3867,2530,330.0,360,1.0,Semiurban,Y
Male,Yes,1,Not Graduate,No,5790,3678,88.0,360,0.0,Semiurban,N
Male,Yes,0,Not Graduate,No,3830,562,115.0,360,1.0,Rural,Y
Male,Yes,0,Graduate,No,6959,1740,80.0,120,1.0,Semiurban,Y
Male,No,1,Graduate,No,3798,0,82.0,360,0.0,Urban,N
Male,Yes,0,Graduate,,1755,700,141.0,360,1.0,Semiurban,N
Male,Yes,0,Graduate,No,4681,1439,131.0,360,1.0,Semiurban,Y
Male,Yes,0,Graduate,Yes,1594,1340,150.0,360,1.0,Urban,N
Male,No,1,Not Graduate,No,2200,0,,60,1.0,Rural,N
Female,No,1,Graduate,No,2843,0,110.0,36,1.0,Urban,Y
Female,Yes,0,Graduate,No,2687,2165,110.0,60,1.0,Semiurban,Y
Female,No,1,Graduate,No,3310,0,82.0,360,0.0,Urban,N
Female,Yes,0,Graduate,No,2646,2440,91.0,180,0.0,Urban,N
Female,No,1,Graduate,Yes,2246,0,118.0,360,1.0,Semiurban,N
Male,Yes,0,Graduate,No,8466,1293,131.0,360,1.0,Rural,Y
Male,No,1,Graduate,No,3117,0,161.0,360,1.0,Semiurban,Y
Male,Yes,3+,Graduate,No,1550,1972,155.0,360,1.0,Urban,N
Male,Yes,3+,Not Graduate,No,3596,1044,226.0,360,1.0,Semiurban,N
Male,No,0,Not Graduate,No,2550,0,82.0,360,1.0,Urban,Y
Male,Yes,2,Graduate,No,2840,3086,110.0,36,0.0,Urban,N
Male,Yes,0,Not Graduate,No,5823,1192,85.0,180,0.0,Urban,Y
Male,Yes,3+,Graduate,No,3457,1763,202.0,360,1.0,Urban,Y
Female,No,0,Graduate,No,2518,0,99.0,60,1.0,Semiurban,Y
Male,Yes,0,Graduate,No,5170,2200,192.0,36,0.0,Semiurban,N
Male,Yes,0,Graduate,No,7097,2533,217.0,120,1.0,Urban,Y
Male,No,0,Graduate,No,5386,0,143.0,180,1.0,Rural,Y
Male,Yes,1,Graduate,No,1500,1655,136.0,360,1.0,Urban,Y
Female,Yes,3+,Graduate,No,2561,4948,123.0,360,1.0,Rural,Y
Male,No,1,Graduate,No,4321,0,107.0,360,1.0,Semiurban,Y
Female,Yes,1,Graduate,No,3789,1914,102.0,36,1.0,Urban,Y
Male,Yes,2,Graduate,No,3650,2007,114.0,120,1.0,Rural,Y
Male,Yes,0,Graduate,No,2718,9202,252.0,360,1.0,Urban,Y
Male,No,0,Not Graduate,No,2247,0,80.0,180,1.0,Semiurban,Y
Male,Yes,0,Graduate,No,10441,1214,131.0,360,1.0,Urban,Y
Male,No,0,Graduate,No,4282,0,161.0,120,1.0,Semiurban,Y
Male,No,0,Graduate,No,5647,0,108.0,360,1.0,Semiurban,Y
Male,Yes,0,Graduate,No,4242,848,143.0,180,1.0,Urban,Y
Female,No,0,Graduate,No,4319,0,66.0,360,1.0,Urban,Y
Male,Yes,0,Graduate,No,4113,1294,206.0,360,1.0,Semiurban,Y
Female,Yes,3+,Graduate,No,2554,655,191.0,180,1.0,Urban,N
Male,No,0,Graduate,No,2139,0,116.0,360,1.0,Urban,Y
Male,No,0,Graduate,No,5033,0,85.0,180,1.0,Semiurban,Y
Male,Yes,1,Graduate,No,4603,4615,166.0,360,1.0,Rural,Y
Male,Yes,0,Not Graduate,,6452,3456,76.0,12,1.0,Urban,Y
Male,Yes,0,Not Graduate,No,5889,1675,81.0,120,1.0,Urban,Y
Male,Yes,0,Graduate,No,2940,3580,118.0,360,1.0,Rural,Y
Male,Yes,0,Graduate,No,7042,1613,223.0,120,1.0,Urban,Y
Female,Yes,0,Not Graduate,No,5968,828,156.0,360,1.0,Semiurban,Y
Male,No,0,Graduate,No,5772,0,93.0,180,1.0,Rural,Y
Male,Yes,1,Graduate,No,11639,809,62.0,360,0.0,Rural,Y
Male,Yes,1,Graduate,No,10612,3212,123.0,360,1.0,Urban,Y
Male,No,0,Graduate,No,5770,0,134.0,36,1.0,Urban,Y
Male,No,0,Not Graduate,No,5455,0,118.0,360,0.0,Urban,N
Male,Yes,0,Graduate,No,6882,2180,250.0,360,1.0,Rural,Y
Male,Yes,2,Graduate,No,3252,2168,115.0,360,1.0,Rural,Y
Male,Yes,0,Not Graduate,No,3273,3371,48.0,180,1.0,Urban,Y
Male,Yes,2,Not Graduate,No,5727,946,103.0,360,1.0,Semiurban,Y
Male,Yes,2,Graduate,No,2877,2863,145.0,360,1.0,Rural,Y
Female,No,0,Graduate,No,5523,0,141.0,360,1.0,Urban,Y
Female,Yes,0,Graduate,No,4539,3185,113.0,360,1.0,Urban,Y
Male,Yes,0,Graduate,No,2877,3780,105.0,36,1.0,Urban,Y
Male,Yes,0,Not Graduate,No,4279,1337,54.0,60,0.0,Semiurban,N
Male,Yes,0,Graduate,No,7610,4152,125.0,84,0.0,Rural,Y
Male,Yes,0,Graduate,No,4389,777,106.0,360,0.0,Rural,N
Male,No,0,Graduate,No,4398,0,134.0,360,0.0,Urban,N
Male,Yes,0,Graduate,Yes,4905,4736,,360,0.0,Urban,N
Male,Yes,2,Graduate,No,5201,2458,199.0,36,1.0,Semiurban,Y
Male,Yes,0,Graduate,No,3645,1777,82.0,360,1.0,Rural,Y
Male,No,3+,Graduate,Yes,4952,0,72.0,360,1.0,Semiurban,Y
Female,Yes,3+,Graduate,,2638,1390,96.0,120,1.0,Semiurban,Y
Female,Yes,3+,Not Graduate,No,2952,9650,90.0,360,0.0,Semiurban,Y
Male,No,2,Graduate,No,3127,0,87.0,60,1.0,Urban,Y
Female,Yes,0,Graduate,No,5225,4404,216.0,36,1.0,Semiurban,Y
Female,Yes,0,Graduate,No,4546,1280,128.0,36,1.0,Rural,Y
Male,Yes,1,Graduate,No,3981,5208,267.0,360,1.0,Urban,Y
Male,Yes,1,Graduate,No,5772,6683,121.0,360,1.0,Semiurban,Y
Male,Yes,2,Graduate,No,5016,2518,76.0,360,1.0,Urban,Y
Female,No,3+,Graduate,No,3712,0,87.0,360,0.0,Semiurban,N
Female,Yes,0,Graduate,No,2654,1125,183.0,360,0.0,Semiurban,N
Male,Yes,0,Graduate,No,2925,1047,77.0,180,1.0,Semiurban,Y
Male,Yes,0,Graduate,Yes,2186,2389,151.0,360,0.0,Rural,N
Male,Yes,0,Not Graduate,No,4506,4793,105.0,360,0.0,Semiurban,N
Male,Yes,0,Graduate,No,2869,1438,83.0,360,1.0,Semiurban,Y
Male,No,1,Not Graduate,No,3384,0,211.0,36,0.0,Urban,N
Female,Yes,2,Not Graduate,No,3994,1385,96.0,120,1.0,Rural,Y
Male,No,0,Graduate,No,6766,0,87.0,120,0.0,Urban,N
Female,Yes,3+,Graduate,No,6425,2296,117.0,360,1.0,Rural,Y
Female,Yes,1,Graduate,No,4127,1880,99.0,180,0.0,Urban,N
Male,Yes,2,Graduate,No,7476,586,294.0,360,1.0,Urban,Y
Male,Yes,0,Graduate,No,1710,1378,185.0,180,0.0,Urban,N
Male,Yes,2,Not Graduate,No,9845,2252,95.0,180,1.0,Rural,Y
Male,Yes,1,Graduate,,5776,1886,100.0,84,1.0,Urban,Y
Male,No,0,Graduate,No,4430,0,54.0,360,0.0,Urban,N
Male,Yes,0,Graduate,No,2832,3146,128.0,360,1.0,Urban,Y
Male,Yes,3+,Graduate,No,3473,1730,90.0,60,,Urban,N
Male,Yes,0,Graduate,No,5564,1121,125.0,60,1.0,Urban,Y
Male,Yes,0,Graduate,No,5621,5059,55.0,360,0.0,Semiurban,Y
Male,Yes,0,Graduate,No,5714,886,120.0,360,,Urban,Y
Male,Yes,1,Graduate,No,3047,1398,239.0,360,1.0,Semiurban,Y
Male,Yes,2,Graduate,Yes,2783,1199,124.0,360,1.0,Urban,Y
Male,No,0,Graduate,No,4618,0,89.0,84,1.0,Semiurban,Y
Male,No,0,Graduate,No,5981,0,120.0,180,0.0,Semiurban,N
Male,Yes,3+,Graduate,No,4236,1800,118.0,360,1.0,Urban,Y
Male,Yes,2,Not Graduate,Yes,8239,2293,291.0,180,1.0,Semiurban,Y
Male,No,2,Not Graduate,No,4293,0,106.0,360,1.0,Urban,Y
Male,Yes,0,Graduate,No,4228,5898,75.0,360,1.0,Urban,Y
Female,Yes,0,Graduate,No,5720,689,122.0,360,1.0,Semiurban,Y
Male,Yes,0,Graduate,No,7322,3122,131.0,360,0.0,Semiurban,Y
Male,Yes,1,Graduate,Yes,2304,2504,152.0,84,1.0,Semiurban,Y
Male,Yes,0,Not Graduate,Yes,2557,1599,164.0,360,1.0,Urban,N
Male,Yes,0,Graduate,Yes,3673,2430,265.0,360,1.0,Urban,Y
Male,Yes,0,Graduate,No,17527,3116,95.0,360,1.0,Urban,Y
Male,Yes,0,Graduate,No,3760,2835,92.0,36,,Semiurban,Y
Male,No,2,Graduate,No,4004,0,57.0,60,1.0,Semiurban,Y
Male,Yes,0,Graduate,No,5587,2157,158.0,84,1.0,Urban,Y
Male,Yes,1,Graduate,No,6565,2030,85.0,360,0.0,Rural,N
Male,Yes,3+,Graduate,No,4566,1792,173.0,360,1.0,Urban,Y
Male,No,0,Graduate,No,7143,0,99.0,360,1.0,Rural,Y
Female,No,1,Graduate,No,2471,0,242.0,360,1.0,Urban,N
Male,Yes,3+,Graduate,No,2996,2014,68.0,360,1.0,Rural,Y
Male,Yes,3+,Graduate,No,7137,2019,182.0,360,1.0,Urban,Y
Male,No,0,Graduate,No,4251,0,174.0,360,0.0,Rural,N
Male,No,0,Graduate,No,2396,0,149.0,180,1.0,Urban,N
Male,Yes,0,Graduate,No,2332,2567,77.0,180,1.0,Urban,Y
Male,Yes,1,Graduate,No,2936,1684,150.0,120,1.0,Urban,Y
Male,Yes,1,Graduate,No,4234,2887,127.0,360,1.0,Rural,Y
Male,No,1,Graduate,No,5220,0,58.0,360,1.0,Rural,Y
Male,Yes,0,Graduate,No,3647,1584,226.0,360,1.0,Urban,Y
Male,Yes,0,Graduate,No,5030,5109,105.0,36,1.0,Semiurban,Y
Female,No,1,Graduate,No,3474,0,219.0,360,1.0,Semiurban,N
Male,No,0,Graduate,No,7337,0,118.0,360,0.0,Urban,N
Male,No,1,Graduate,No,13337,0,179.0,360,1.0,Urban,Y
Male,No,0,Graduate,Yes,3545,0,86.0,360,1.0,Rural,Y
Male,Yes,0,Graduate,No,5249,1421,132.0,360,1.0,Semiurban,Y
Male,Yes,0,Graduate,No,5060,554,,180,0.0,Urban,N
Male,Yes,0,Not Graduate,Yes,4502,1733,106.0,360,1.0,Urban,Y
Male,No,0,Graduate,No,5675,0,85.0,360,1.0,Urban,Y
Male,Yes,0,Graduate,No,5247,1160,35.0,360,0.0,Semiurban,N
Male,No,0,Graduate,Yes,3422,0,86.0,360,1.0,Urban,Y
Male,Yes,0,Graduate,Yes,7649,4915,160.0,360,0.0,Semiurban,Y
Female,No,0,Graduate,No,4632,0,69.0,360,1.0,Urban,Y
Male,Yes,2,Graduate,No,3557,1979,75.0,84,1.0,Urban,Y
Male,Yes,0,Graduate,Yes,12701,3206,68.0,360,0.0,Urban,Y
Male,No,1,Graduate,No,4014,0,132.0,360,1.0,Rural,Y
Male,Yes,1,Not Graduate,No,4744,3134,84.0,360,1.0,Urban,Y
Female,No,1,Graduate,No,4577,0,197.0,360,0.0,Semiurban,N
Male,Yes,3+,Not Graduate,Yes,3990,700,163.0,120,1.0,Urban,Y
Male,No,0,Graduate,No,5176,0,131.0,180,1.0,Semiurban,Y
Male,Yes,2,Graduate,No,2892,4034,137.0,120,1.0,Urban,Y
Male,Yes,3+,Graduate,No,5532,1250,89.0,360,1.0,Semiurban,Y
Male,No,2,Graduate,No,1917,0,89.0,60,1.0,Rural,N
Male,Yes,0,Graduate,No,2358,936,161.0,360,1.0,Urban,Y
Male,Yes,0,Graduate,Yes,9619,1567,175.0,360,1.0,Urban,Y
Male,Yes,0,Graduate,No,2403,1620,160.0,180,1.0,Semiurban,Y
Male,Yes,1,Not Graduate,No,1751,1138,100.0,360,1.0,Urban,Y
Female,Yes,1,Graduate,Yes,2430,1062,103.0,360,1.0,Semiurban,Y
Female,No,0,Graduate,Yes,9255,0,83.0,36,0.0,Urban,N
Female,Yes,0,Graduate,No,1888,1230,165.0,360,1.0,Semiurban,Y
Male,Yes,1,Graduate,No,2751,1388,55.0,360,1.0,Semiurban,Y
Male,Yes,0,Graduate,No,2194,538,50.0,360,0.0,Urban,N
Female,Yes,2,Graduate,No,3739,6392,54.0,360,1.0,Semiurban,Y
Male,Yes,2,Not Graduate,No,3476,3516,51.0,36,1.0,Semiurban,Y
Male,No,0,Graduate,No,3407,0,209.0,180,1.0,Urban,N
Female,No,1,Graduate,No,9752,0,166.0,360,1.0,Urban,Y
Female,Yes,0,Graduate,No,2466,2011,75.0,180,1.0,Semiurban,Y
Male,Yes,1,Not Graduate,No,4040,1978,116.0,84,1.0,Urban,Y
Male,No,3+,Graduate,No,4926,0,218.0,180,0.0,Rural,N
Male,Yes,2,Graduate,Yes,2721,432,148.0,360,1.0,Semiurban,Y
Female,Yes,0,Not Graduate,No,5265,1457,,180,1.0,Urban,Y
Female,Yes,0,Not Graduate,No,3533,782,116.0,360,1.0,Rural,Y
Male,Yes,0,Graduate,No,5006,2214,93.0,36,1.0,Urban,Y
Male,No,0,Not Graduate,No,4029,0,78.0,180,1.0,Semiurban,Y
Female,No,0,Graduate,,1681,0,122.0,360,1.0,Urban,N
Male,Yes,0,Graduate,No,7614,1449,,360,1.0,Semiurban,Y
Male,Yes,0,Graduate,No,10739,5755,126.0,360,1.0,Semiurban,Y
Female,No,0,Not Graduate,No,3906,0,105.0,180,0.0,Semiurban,N
Male,No,0,Graduate,No,2824,0,200.0,360,1.0,Urban,N
Male,Yes,3+,Graduate,No,8330,7904,150.0,180,1.0,Urban,Y
Male,Yes,1,Not Graduate,Yes,9903,974,116.0,84,1.0,Semiurban,Y
Male,Yes,0,Graduate,No,3920,1227,89.0,360,0.0,Urban,N
Female,No,0,Graduate,No,3833,0,109.0,180,0.0,Urban,N
Male,No,0,Graduate,Yes,4080,0,146.0,360,1.0,Semiurban,Y
Female,Yes,0,Graduate,No,1991,5849,88.0,360,1.0,Rural,Y
Male,No,0,Graduate,No,3710,0,74.0,360,1.0,Urban,Y
Male,Yes,2,Not Graduate,No,9151,1243,100.0,180,0.0,Urban,N
Male,Yes,1,Graduate,No,3920,2614,119.0,36,1.0,Rural,Y
Male,Yes,1,Graduate,No,2649,2181,209.0,120,0.0,Rural,N
Male,Yes,0,Graduate,No,5289,1664,76.0,360,0.0,Semiurban,N
Male,Yes,3+,Graduate,No,3133,967,133.0,360,1.0,Urban,N
Male,Yes,3+,Graduate,No,4105,844,108.0,360,1.0,Semiurban,Y
Male,Yes,0,Graduate,No,2389,7421,110.0,360,1.0,Rural,Y
Male,Yes,0,Graduate,Yes,2653,887,224.0,120,1.0,Urban,N
Male,Yes,0,Not Graduate,No,5895,5534,125.0,360,1.0,Semiurban,Y
Male,Yes,0,Graduate,Yes,4456,1203,84.0,360,0.0,Semiurban,N
Male,Yes,1,Graduate,No,2983,3209,173.0,360,1.0,Urban,Y
Male,Yes,0,Not Graduate,No,4463,2641,168.0,120,1.0,Semiurban,Y
Male,Yes,0,Not Graduate,No,3218,2978,81.0,360,1.0,Semiurban,Y
Male,No,0,Graduate,No,2972,0,75.0,360,1.0,Semiurban,Y
Male,No,0,Not Graduate,No,7142,0,143.0,360,1.0,Semiurban,Y
Female,No,2,Graduate,No,6016,0,119.0,360,1.0,Urban,Y
Male,Yes,1,Graduate,No,4189,879,100.0,36,1.0,Semiurban,Y
Male,Yes,1,Graduate,No,4514,2238,185.0,360,1.0,Semiurban,Y
Male,No,0,Graduate,No,4214,0,95.0,360,1.0,Rural,Y
Male,Yes,1,Graduate,No,5266,608,143.0,360,0.0,Semiurban,N
Male,Yes,0,Graduate,No,2951,1732,194.0,360,1.0,Urban,Y
Female,Yes,1,Graduate,Yes,6236,530,106.0,360,1.0,Rural,Y
Male,No,0,Graduate,No,4959,0,58.0,360,1.0,Semiurban,Y
Female,Yes,0,Graduate,No,3757,939,103.0,60,1.0,Rural,Y
Male,No,0,Graduate,No,3396,0,131.0,360,1.0,Urban,Y
Male,No,0,Graduate,No,6176,0,181.0,120,1.0,Urban,Y
Male,Yes,3+,Graduate,No,3953,5377,98.0,36,1.0,Urban,Y
Male,No,0,Graduate,No,3088,0,242.0,36,1.0,Rural,N
Male,Yes,0,Graduate,No,3557,1606,72.0,360,1.0,Rural,Y
Male,No,0,Graduate,No,5979,0,129.0,12,1.0,Semiurban,Y
Male,Yes,2,Graduate,No,2049,1210,110.0,180,1.0,Urban,Y
Female,No,0,Graduate,No,3604,0,208.0,360,1.0,Urban,Y
Male,Yes,2,Not Graduate,No,6848,2388,67.0,60,1.0,Semiurban,Y
Female,No,2,Graduate,No,3921,0,144.0,360,1.0,Semiurban,Y
Male,Yes,0,Graduate,No,4782,1957,110.0,360,1.0,Semiurban,Y
Male,Yes,0,Graduate,No,6898,1427,224.0,120,1.0,Urban,Y
Male,No,0,Graduate,No,6320,0,87.0,180,1.0,Semiurban,Y
Female,No,2,Graduate,Yes,3470,0,143.0,60,1.0,Urban,Y
Male,Yes,0,Graduate,No,3989,1638,86.0,84,1.0,Semiurban,Y
Male,Yes,0,Not Graduate,No,6355,2280,131.0,360,1.0,Semiurban,Y
Male,Yes,1,Graduate,No,6455,2302,104.0,360,1.0,Rural,Y
Male,No,1,Graduate,No,4065,0,104.0,180,1.0,Semiurban,Y
Male,No,0,Not Graduate,No,4129,0,54.0,360,0.0,Semiurban,N
Male,No,0,Graduate,No,4771,0,143.0,360,0.0,Urban,N
Male,Yes,0,Graduate,No,7825,3039,78.0,360,1.0,Rural,Y
Male,Yes,0,Not Graduate,No,6839,3195,77.0,360,1.0,Urban,Y
Male,Yes,0,Graduate,No,5779,1009,65.0,360,1.0,Urban,Y
Male,No,3+,Graduate,No,2603,0,79.0,360,1.0,Rural,Y
Male,Yes,0,Not Graduate,No,3738,1271,148.0,360,1.0,Semiurban,Y
Female,No,2,Graduate,No,3827,0,145.0,360,0.0,Semiurban,N
Male,Yes,1,Not Graduate,No,8008,1506,158.0,360,0.0,Urban,N
Male,Yes,0,Graduate,Yes,3799,7484,80.0,360,1.0,Rural,Y
Male,Yes,1,Graduate,No,7435,2277,132.0,60,0.0,Urban,Y
Male,Yes,0,Graduate,Yes,3272,4061,94.0,180,1.0,Urban,Y
Male,Yes,3+,Graduate,Yes,3391,1087,178.0,360,1.0,Urban,Y
Female,Yes,2,Graduate,No,5253,2012,144.0,84,1.0,Urban,Y
Male,Yes,0,Graduate,No,8566,2892,93.0,360,,Rural,Y
Female,No,0,Graduate,No,3845,0,184.0,360,0.0,Semiurban,N
Male,Yes,0,Graduate,Yes,1500,2022,148.0,360,1.0,Semiurban,Y
Male,Yes,0,Graduate,No,2092,3756,69.0,120,1.0,Rural,Y
Male,Yes,0,Graduate,No,4837,1641,62.0,360,1.0,Urban,Y
Female,Yes,0,Graduate,No,2178,1198,70.0,360,1.0,Urban,Y
Male,No,1,Graduate,No,2865,0,235.0,360,1.0,Semiurban,N
Male,Yes,0,Not Graduate,No,4253,989,80.0,120,,Semiurban,Y
Male,No,2,Graduate,Yes,1500,0,257.0,360,0.0,Semiurban,N
Male,Yes,2,Graduate,Yes,3565,1306,79.0,180,0.0,Urban,N
Male,Yes,0,Not Graduate,No,2504,1138,75.0,360,0.0,Semiurban,N
Male,Yes,2,Graduate,Yes,2154,3118,172.0,120,1.0,Urban,Y
Male,Yes,0,Graduate,No,2948,1766,175.0,360,1.0,Urban,Y
Male,Yes,0,Graduate,No,2614,2549,151.0,360,1.0,Urban,Y
Male,No,1,Not Graduate,No,5225,0,159.0,60,1.0,Urban,Y
Female,Yes,0,Graduate,No,7247,2702,88.0,84,1.0,Urban,Y
Male,Yes,1,Not Graduate,No,3590,1296,169.0,36,1.0,Urban,Y
Male,Yes,2,Not Graduate,Yes,3234,647,133.0,360,1.0,Rural,Y
Male,Yes,3+,Graduate,No,3510,6190,104.0,180,1.0,Rural,Y
Male,Yes,1,Graduate,No,2569,2865,126.0,84,1.0,Semiurban,Y
Male,Yes,2,Graduate,Yes,2368,2290,185.0,360,1.0,Rural,Y
Male,Yes,0,Graduate,No,2017,4228,142.0,60,0.0,Rural,N
Male,Yes,0,Graduate,No,2325,2318,51.0,360,1.0,Urban,Y
Male,No,2,Not Graduate,No,8816,0,173.0,360,1.0,Semiurban,Y
Male,No,0,Graduate,No,3100,0,168.0,360,0.0,Rural,N
Male,Yes,0,Graduate,No,1500,1330,,360,1.0,Semiurban,Y
Female,Yes,0,Graduate,Yes,3248,1479,127.0,360,1.0,Urban,Y
Male,No,1,Graduate,Yes,2067,0,127.0,360,1.0,Semiurban,N
Male,Yes,0,Graduate,No,4344,1116,55.0,180,1.0,Urban,Y
Male,Yes,1,Graduate,No,4139,3417,103.0,360,1.0,Urban,Y
Male,Yes,0,Graduate,No,4337,2438,105.0,84,0.0,Urban,N
Male,Yes,0,Graduate,No,4153,1477,114.0,360,1.0,Urban,Y
Female,Yes,0,Not Graduate,No,3577,1078,98.0,360,1.0,Urban,Y
Female,No,0,Graduate,No,2196,0,158.0,360,1.0,Rural,N
Male,No,2,Graduate,No,4090,0,87.0,360,0.0,Urban,N
Female,No,0,Graduate,No,6690,0,174.0,360,1.0,Urban,Y
Female,No,0,Graduate,No,9567,0,155.0,360,1.0,Urban,Y
Female,Yes,0,Graduate,No,3800,8268,209.0,360,0.0,Semiurban,Y
Female,Yes,0,Graduate,No,3990,1030,243.0,84,0.0,Rural,N
Male,No,0,Not Graduate,No,5298,0,243.0,360,1.0,Urban,Y
Male,No,0,Graduate,No,8282,0,75.0,360,1.0,Urban,Y
Male,Yes,3+,Not Graduate,No,3398,1015,139.0,360,1.0,Semiurban,Y
Male,No,1,Graduate,No,5777,0,91.0,360,1.0,Semiurban,Y
Female,Yes,0,Not Graduate,No,2921,2174,451.0,360,0.0,Urban,N
Male,Yes,0,Graduate,No,4907,1143,,360,1.0,Urban,Y
Male,Yes,0,Graduate,No,6547,1388,214.0,360,1.0,Semiurban,Y
Female,Yes,0,Graduate,No,2366,1534,144.0,84,1.0,Urban,Y
Female,Yes,1,Not Graduate,No,3339,1281,42.0,60,0.0,Rural,N
Female,Yes,2,Not Graduate,No,6500,1227,88.0,360,0.0,Urban,N
Male,Yes,0,Graduate,No,5581,465,92.0,360,1.0,Urban,Y
Male,Yes,2,Graduate,No,6742,2105,103.0,120,1.0,Rural,Y
Male,Yes,0,Graduate,No,6196,2080,140.0,120,1.0,Rural,Y
Male,No,0,Not Graduate,No,3628,0,148.0,120,1.0,Urban,Y
Male,Yes,0,Not Graduate,No,11380,2480,42.0,360,1.0,Rural,Y
Male,Yes,0,Not Graduate,No,4498,4619,110.0,120,1.0,Semiurban,Y
Female,Yes,3+,Not Graduate,No,1500,2026,100.0,84,1.0,Urban,Y
Male,Yes,0,Not Graduate,No,3725,4438,211.0,360,1.0,Semiurban,Y
Male,No,0,Graduate,No,3425,0,153.0,120,1.0,Urban,Y
Male,Yes,3+,Not Graduate,No,6050,9120,112.0,120,0.0,Urban,Y
Male,No,2,Graduate,No,3452,0,132.0,360,1.0,Urban,Y
Male,Yes,2,Not Graduate,No,6936,982,61.0,120,1.0,Semiurban,Y
Male,Yes,3+,Graduate,No,5437,1530,158.0,120,0.0,Rural,N
Male,Yes,0,Graduate,Yes,2697,2158,103.0,60,1.0,Urban,Y
Male,Yes,2,Graduate,No,3971,5177,87.0,60,1.0,Urban,Y
Male,Yes,1,Graduate,No,2983,2911,205.0,360,1.0,Semiurban,Y
Female,Yes,2,Graduate,No,4596,970,135.0,360,1.0,Semiurban,Y
Male,Yes,2,Graduate,No,2975,1384,93.0,360,1.0,Semiurban,Y
Male,Yes,0,Graduate,Yes,4374,1948,95.0,60,1.0,Urban,Y
Male,No,2,Graduate,No,3742,0,140.0,360,0.0,Semiurban,N
Female,Yes,0,Graduate,Yes,3950,2014,136.0,360,1.0,Semiurban,Y
Male,Yes,0,Graduate,No,10645,979,122.0,360,1.0,Semiurban,Y
Male,Yes,0,Not Graduate,No,3596,742,75.0,360,1.0,Urban,Y
Female,Yes,3+,Graduate,No,1771,1132,79.0,360,0.0,Urban,N
Male,Yes,0,Graduate,No,6681,2557,90.0,120,1.0,Semiurban,Y
Male,No,0,Graduate,Yes,6658,0,112.0,360,1.0,Rural,Y
Male,No,0,Graduate,No,1736,0,119.0,120,1.0,Semiurban,N
Male,Yes,3+,Graduate,No,3085,3622,113.0,180,1.0,Rural,Y
Male,Yes,0,Graduate,Yes,5146,3399,116.0,360,1.0,Urban,Y
Male,Yes,2,Graduate,No,5355,2258,,360,1.0,Semiurban,Y
Female,Yes,2,Graduate,Yes,4221,2079,170.0,84,1.0,Semiurban,Y
Female,Yes,0,Graduate,No,4264,2159,,360,1.0,Semiurban,Y
Male,Yes,0,Graduate,No,2772,1828,146.0,360,1.0,Rural,Y
Male,Yes,2,Graduate,No,1500,542,125.0,180,1.0,Rural,N
Male,No,3+,Not Graduate,No,10638,0,143.0,60,1.0,Semiurban,Y
Female,Yes,2,Graduate,No,2735,2536,132.0,360,1.0,Semiurban,Y
Female,Yes,0,Graduate,No,4579,963,167.0,180,1.0,Rural,Y
Male,No,2,Graduate,No,3938,0,82.0,360,1.0,Semiurban,Y
Female,Yes,0,Graduate,No,6334,1402,162.0,360,1.0,Rural,Y
Male,No,1,Graduate,No,4454,0,129.0,360,1.0,Rural,Y
Male,Yes,2,Graduate,No,4532,3692,58.0,360,1.0,Semiurban,Y
Male,No,0,Graduate,No,1500,0,125.0,360,1.0,Semiurban,N
Male,No,2,Graduate,Yes,2907,0,72.0,360,0.0,Urban,N
Male,Yes,1,Graduate,No,5914,1617,98.0,360,1.0,Urban,Y
Male,No,2,Graduate,Yes,5679,0,114.0,84,1.0,Semiurban,Y
Male,Yes,0,Graduate,No,2756,1253,66.0,12,1.0,Urban,Y
Female,No,0,Not Graduate,No,2079,0,118.0,360,1.0,Semiurban,N
Male,Yes,2,Graduate,,4478,513,124.0,360,0.0,Rural,N
Male,Yes,0,Graduate,No,1500,1032,164.0,360,1.0,Urban,N
Male,Yes,0,Graduate,No,2522,2389,101.0,180,1.0,Urban,Y
Male,No,3+,Graduate,No,9340,0,135.0,360,1.0,Semiurban,Y
Male,Yes,0,Graduate,No,8105,1910,116.0,360,1.0,Urban,Y
Male,No,3+,Graduate,No,5267,0,102.0,360,0.0,Semiurban,N
Male,No,0,Not Graduate,No,4857,0,62.0,180,0.0,Semiurban,N
Male,Yes,0,Graduate,Yes,1758,1022,116.0,360,1.0,Urban,Y
Male,No,2,Graduate,No,3031,0,,180,0.0,Urban,N
Male,No,1,Graduate,No,3704,0,83.0,36,1.0,Rural,Y
Male,Yes,1,Not Graduate,Yes,3060,4467,111.0,120,1.0,Urban,Y
Male,Yes,0,Graduate,No,3613,1780,118.0,360,1.0,Semiurban,Y
Male,Yes,2,Graduate,No,7590,3075,188.0,120,1.0,Rural,Y
Female,Yes,0,Graduate,No,3314,2606,122.0,360,1.0,Rural,Y
Male,Yes,0,Graduate,,3628,1393,136.0,120,1.0,Urban,Y
Male,Yes,0,Graduate,No,5900,608,121.0,60,1.0,Semiurban,Y
Male,Yes,1,Not Graduate,No,2233,4068,99.0,360,0.0,Semiurban,N
Male,Yes,0,Graduate,No,2898,1110,77.0,360,1.0,Semiurban,Y
Male,Yes,0,Graduate,No,3035,1568,108.0,360,1.0,Rural,Y
Female,No,0,Not Graduate,No,4337,0,142.0,360,1.0,Semiurban,Y
Female,No,0,Graduate,No,3621,0,127.0,180,1.0,Urban,Y
Female,Yes,0,Graduate,No,3673,3558,219.0,120,1.0,Semiurban,Y
Male,No,1,Graduate,Yes,3136,0,177.0,360,1.0,Semiurban,N
Male,No,0,Graduate,No,2612,0,199.0,360,1.0,Semiurban,N
Male,No,2,Graduate,No,5564,0,53.0,360,1.0,Urban,Y
Male,Yes,1,Graduate,Yes,3633,2865,228.0,360,1.0,Urban,Y
Male,Yes,0,Not Graduate,No,5589,1285,135.0,180,0.0,Rural,N
Male,No,1,Not Graduate,No,2565,0,143.0,360,1.0,Urban,N
Female,No,0,Graduate,No,3135,0,173.0,180,1.0,Urban,Y
Male,No,2,Graduate,No,3829,0,122.0,180,1.0,Rural,Y
Male,No,3+,Graduate,No,3993,0,79.0,180,1.0,Semiurban,Y
Male,Yes,0,Graduate,No,5940,2110,216.0,360,1.0,Urban,Y
Male,Yes,1,Graduate,No,3485,1849,89.0,120,1.0,Semiurban,Y
Male,Yes,0,Graduate,No,5919,434,81.0,360,1.0,Semiurban,Y
Male,Yes,0,Graduate,No,5007,859,110.0,180,1.0,Semiurban,Y
Male,No,2,Not Graduate,No,4031,0,104.0,360,1.0,Rural,Y
Male,Yes,0,Graduate,No,2757,1625,121.0,360,1.0,Urban,Y
Female,Yes,0,Graduate,No,5946,3806,116.0,84,0.0,Semiurban,Y
Female,No,0,Graduate,No,2788,0,208.0,360,1.0,Urban,N
Male,Yes,1,Graduate,No,4189,903,146.0,360,1.0,Semiurban,Y
Male,No,0,Not Graduate,,4128,0,86.0,360,1.0,Semiurban,Y
Female,No,3+,Not Graduate,No,3853,0,91.0,360,1.0,Urban,Y
Female,Yes,0,Graduate,No,3550,1052,104.0,360,0.0,Semiurban,N
Male,Yes,0,Graduate,No,2922,2765,104.0,360,1.0,Urban,Y
Male,Yes,1,Graduate,No,2043,1484,98.0,360,1.0,Urban,Y
Male,Yes,0,Graduate,No,7956,818,78.0,360,0.0,Semiurban,Y
Female,Yes,1,Graduate,No,3390,570,136.0,60,1.0,Semiurban,Y
Female,Yes,0,Graduate,No,3993,7517,101.0,360,1.0,Urban,Y
Male,No,0,Graduate,No,3982,0,83.0,120,0.0,Rural,N
Female,Yes,0,Graduate,Yes,6925,1523,147.0,360,1.0,Urban,Y
Male,No,3+,Graduate,No,10096,0,170.0,84,1.0,Urban,Y
Female,Yes,1,Graduate,No,4545,1490,110.0,360,0.0,Urban,N
Male,Yes,2,Graduate,No,3941,2714,247.0,360,1.0,Urban,Y
Female,No,0,Graduate,No,2551,0,294.0,180,0.0,Urban,N
Male,Yes,1,Graduate,No,2209,1442,148.0,360,1.0,Rural,Y
Male,Yes,0,Graduate,Yes,1903,2626,100.0,360,0.0,Semiurban,N
Male,No,3+,Graduate,No,2956,0,135.0,360,1.0,Semiurban,Y
Female,No,2,Not Graduate,No,1650,0,74.0,360,1.0,Rural,N
Female,No,2,Not Graduate,No,6873,0,85.0,120,1.0,Urban,Y
Female,Yes,0,Not Graduate,No,5117,1656,61.0,60,1.0,Urban,Y
Female,Yes,0,Graduate,No,3777,1374,94.0,360,1.0,Urban,Y
Male,No,0,Graduate,No,6968,0,74.0,360,1.0,Urban,Y
Male,No,3+,Graduate,No,2612,0,155.0,360,0.0,Semiurban,N
Male,Yes,0,Graduate,No,2924,2508,90.0,360,1.0,Urban,Y
Male,No,0,Graduate,No,1771,0,135.0,360,0.0,Semiurban,N
Male,Yes,0,Graduate,No,5993,1253,163.0,180,0.0,Semiurban,N
Male,Yes,0,Graduate,No,2937,4213,194.0,360,1.0,Rural,Y
Male,Yes,0,Graduate,No,4260,2919,105.0,120,0.0,Semiurban,Y
Male,Yes,2,Not Graduate,Yes,6641,4392,137.0,360,1.0,Urban,Y
Male,Yes,1,Graduate,Yes,7839,1127,139.0,120,1.0,Urban,Y
Male,Yes,2,Not Graduate,No,4175,1306,202.0,180,1.0,Semiurban,Y
Female,Yes,2,Graduate,No,5028,4112,,360,1.0,Urban,Y
Male,No,0,Graduate,No,2816,0,204.0,180,0.0,Urban,N
Female,No,0,Graduate,No,9022,0,62.0,360,1.0,Semiurban,Y
Male,Yes,0,Graduate,No,3925,1480,93.0,360,1.0,Urban,Y
Male,No,3+,Graduate,Yes,4385,0,183.0,360,1.0,Semiurban,Y
Female,Yes,0,Graduate,No,3522,3647,153.0,360,1.0,Urban,Y
Male,Yes,0,Graduate,No,7256,1814,115.0,360,1.0,Rural,Y
Male,No,0,Graduate,No,4627,0,100.0,360,1.0,Semiurban,Y
Male,Yes,0,Graduate,Yes,5957,2645,166.0,360,1.0,Urban,Y
Male,Yes,0,Graduate,No,4960,1179,55.0,360,1.0,Semiurban,Y
Male,Yes,0,Graduate,No,3830,1179,166.0,60,1.0,Semiurban,Y
Male,No,2,Not Graduate,No,6426,0,125.0,120,1.0,Semiurban,Y
Male,Yes,2,Graduate,Yes,4941,895,99.0,360,1.0,Semiurban,Y
Male,No,0,Graduate,No,2745,0,148.0,180,0.0,Semiurban,N
Male,Yes,0,Graduate,No,2710,4954,104.0,180,1.0,Urban,Y
Female,No,2,Not Graduate,No,4523,0,122.0,360,1.0,Urban,Y
Male,No,0,Graduate,No,6363,0,119.0,360,1.0,Rural,Y
Male,No,2,Graduate,No,8846,0,163.0,60,1.0,Urban,Y
Female,Yes,0,Graduate,No,1901,1143,129.0,180,0.0,Urban,N
Male,Yes,1,Graduate,No,4279,1122,56.0,120,0.0,Urban,N
Male,No,1,Graduate,No,5272,0,69.0,360,1.0,Rural,Y
Male,Yes,1,Graduate,No,4832,2971,78.0,180,1.0,Semiurban,Y
Male,Yes,2,Not Graduate,No,6662,1848,145.0,360,1.0,Rural,Y
Male,Yes,0,Graduate,No,5681,3291,151.0,120,1.0,Rural,Y
Female,No,0,Not Graduate,No,2714,0,237.0,180,1.0,Rural,N
Male,Yes,0,Not Graduate,No,2679,980,80.0,360,1.0,Semiurban,Y
Male,Yes,2,Graduate,No,4868,474,205.0,180,0.0,Urban,N
Male,Yes,0,Graduate,No,6605,1421,55.0,180,0.0,Urban,N
Male,Yes,2,Graduate,No,4512,3831,122.0,360,0.0,Semiurban,Y
Male,No,0,Not Graduate,No,2079,0,134.0,360,1.0,Urban,N
Male,Yes,0,Graduate,,2640,2633,133.0,60,1.0,Semiurban,Y
Male,Yes,2,Graduate,No,5774,2232,107.0,36,1.0,Semiurban,Y
Male,No,0,Graduate,No,3615,0,127.0,120,1.0,Semiurban,Y
Male,No,0,Not Graduate,No,4460,0,74.0,360,0.0,Urban,N
Male,Yes,0,Not Graduate,No,6832,2478,,360,0.0,Urban,N
Female,No,0,Graduate,No,2462,0,134.0,360,1.0,Semiurban,Y
Male,No,1,Graduate,No,3510,0,140.0,180,1.0,Urban,Y
Male,No,1,Graduate,No,3343,0,108.0,120,,Semiurban,Y
Male,Yes,0,Graduate,No,4963,2087,106.0,60,1.0,Semiurban,Y
Male,Yes,0,Not Graduate,No,5989,3744,149.0,84,1.0,Rural,Y
Male,No,0,Graduate,No,2173,0,229.0,360,0.0,Rural,N
Male,No,0,Graduate,No,4219,0,69.0,360,1.0,Semiurban,Y
Male,Yes,3+,Graduate,No,6255,1500,68.0,60,0.0,Semiurban,N
Female,Yes,2,Graduate,No,1836,2022,135.0,84,1.0,Urban,Y
Male,Yes,0,Graduate,No,4109,4460,106.0,360,1.0,Semiurban,Y
Male,Yes,0,Graduate,No,2447,1504,127.0,360,1.0,Semiurban,Y
Female,Yes,3+,Graduate,No,3169,706,120.0,360,0.0,Semiurban,N
Female,Yes,0,Graduate,No,1500,2602,155.0,360,1.0,Semiurban,Y
Female,No,0,Graduate,No,7916,0,108.0,360,0.0,Urban,Y
Male,Yes,2,Graduate,No,3604,924,74.0,360,1.0,Rural,Y
Male,No,0,Graduate,No,2941,0,88.0,360,0.0,Urban,N
Male,Yes,0,Graduate,No,4903,3582,113.0,360,1.0,Rural,Y
Male,Yes,3+,Graduate,No,2646,1416,73.0,12,1.0,Semiurban,Y
Male,Yes,1,Graduate,No,2535,2691,119.0,360,1.0,Urban,Y
Male,Yes,0,Graduate,Yes,8346,3008,124.0,360,1.0,Urban,Y
Female,No,0,Graduate,No,9546,0,105.0,360,1.0,Urban,Y
Male,No,0,Graduate,No,3240,0,132.0,360,1.0,Rural,Y
Female,Yes,2,Not Graduate,No,6838,1019,63.0,360,0.0,Rural,N
Male,Yes,0,Graduate,No,4965,1106,82.0,360,1.0,Semiurban,Y
Male,Yes,0,Graduate,Yes,2238,3211,76.0,360,1.0,Semiurban,Y
Male,No,3+,Graduate,No,2785,0,172.0,360,0.0,Semiurban,N
Male,No,0,Graduate,No,8501,0,305.0,360,0.0,Semiurban,N
Male,Yes,0,Graduate,No,2225,7183,85.0,360,0.0,Semiurban,Y
Male,No,0,Graduate,No,11807,0,110.0,60,1.0,Urban,Y
Female,No,0,Graduate,No,3271,0,92.0,180,1.0,Rural,Y
Male,Yes,0,Graduate,No,8615,4973,132.0,360,1.0,Semiurban,Y
Male,Yes,3+,Graduate,No,3686,2134,95.0,36,1.0,Urban,Y
Male,No,2,Not Graduate,Yes,6062,0,136.0,360,1.0,Rural,Y
Male,No,0,Graduate,No,7924,0,158.0,360,1.0,Semiurban,Y
Male,Yes,0,Not Graduate,No,7906,1707,74.0,360,1.0,Urban,Y
Male,Yes,1,Graduate,Yes,3252,3821,,180,1.0,Urban,Y
Male,Yes,0,Graduate,Yes,2876,972,59.0,360,1.0,Semiurban,Y
Male,Yes,0,Graduate,No,4078,662,109.0,360,1.0,Rural,Y
Male,No,3+,Graduate,No,2356,0,106.0,360,1.0,Rural,N
Male,Yes,0,Graduate,No,4711,2832,110.0,360,1.0,Semiurban,Y
Male,No,0,Graduate,No,2923,0,107.0,180,1.0,Urban,Y
Male,No,0,Graduate,No,6885,0,99.0,84,1.0,Urban,Y
Male,Yes,0,Graduate,No,3272,1842,109.0,360,0.0,Urban,N
Male,Yes,0,Graduate,No,1931,4012,133.0,180,1.0,Rural,Y
Male,Yes,0,Graduate,No,7945,2148,,180,1.0,Rural,Y
Female,No,0,Not Graduate,No,4594,0,127.0,360,0.0,Urban,N
Male,Yes,1,Graduate,No,4286,3209,96.0,360,1.0,Rural,Y
Female,Yes,0,Not Graduate,No,6922,1394,187.0,360,1.0,Semiurban,Y
Female,No,0,Graduate,No,6261,0,223.0,180,1.0,Urban,Y
Male,Yes,1,Not Graduate,Yes,3002,941,72.0,120,1.0,Semiurban,Y
Male,No,2,Graduate,No,3455,0,129.0,360,1.0,Rural,Y
Male,No,0,Graduate,No,2563,0,100.0,360,1.0,Urban,Y
Female,Yes,0,Graduate,Yes,2188,429,175.0,360,1.0,Rural,N
Male,Yes,0,Graduate,No,5488,2102,120.0,360,1.0,Urban,Y
Male,No,2,Graduate,No,5046,0,124.0,360,1.0,Urban,Y
Male,No,0,Graduate,No,5957,0,148.0,360,0.0,Urban,N
Female,Yes,0,Not Graduate,No,7530,2233,107.0,360,1.0,Rural,Y
Female,Yes,0,Graduate,No,5993,1918,237.0,360,1.0,Semiurban,Y
Male,Yes,0,Graduate,No,6238,2596,148.0,360,0.0,Rural,N
Male,No,0,Graduate,No,1660,0,176.0,360,1.0,Semiurban,N
Male,Yes,0,Graduate,No,3684,1676,111.0,360,1.0,Semiurban,Y
Male,Yes,2,Graduate,No,6529,5994,115.0,360,1.0,Rural,Y
Female,No,1,Graduate,Yes,2500,0,168.0,360,1.0,Semiurban,N
Male,Yes,0,Not Graduate,No,4408,3175,161.0,360,1.0,Rural,Y
Male,Yes,0,Graduate,No,5344,3804,73.0,180,1.0,Urban,Y
Male,Yes,0,Graduate,No,5163,2983,127.0,120,1.0,Semiurban,Y
Female,No,0,Graduate,No,4993,0,146.0,360,0.0,Semiurban,N
Female,Yes,2,Not Graduate,No,5538,2207,115.0,360,1.0,Rural,Y
Male,No,3+,Graduate,No,4588,0,141.0,360,1.0,Urban,Y
Male,No,0,Not Graduate,No,2190,0,117.0,180,0.0,Semiurban,N
Male,Yes,0,Graduate,No,5314,1713,49.0,360,1.0,Semiurban,Y
Male,Yes,0,Graduate,No,4808,1288,71.0,120,1.0,Semiurban,Y
Male,Yes,1,Graduate,No,2203,2999,179.0,360,0.0,Urban,N
Male,Yes,1,Graduate,No,7870,1155,110.0,120,1.0,Urban,Y
Male,No,2,Graduate,No,5378,0,131.0,12,1.0,Rural,Y
Female,No,2,Graduate,No,2272,0,121.0,60,1.0,Semiurban,Y
Male,Yes,0,Graduate,No,2928,2186,87.0,360,0.0,Semiurban,N
Male,Yes,1,Not Graduate,No,3281,1167,100.0,60,1.0,Rural,Y
Male,Yes,1,Not Graduate,No,3280,3039,138.0,360,1.0,Urban,Y
Male,No,0,Not Graduate,No,4826,0,144.0,360,1.0,Semiurban,Y
Female,Yes,0,Not Graduate,No,2726,356,291.0,360,1.0,Rural,N
Male,Yes,1,Graduate,Yes,7028,1107,100.0,36,1.0,Rural,Y
Male,Yes,1,Graduate,No,6772,4631,237.0,180,1.0,Urban,Y
Male,Yes,1,Not Graduate,No,5589,4868,86.0,360,1.0,Semiurban,Y
Male,Yes,1,Graduate,No,4315,2739,147.0,180,1.0,Semiurban,Y
Male,Yes,1,Graduate,No,6450,3198,130.0,360,1.0,Rural,Y
Male,Yes,1,Graduate,,3736,1252,115.0,360,1.0,Semiurban,Y
Male,No,0,Graduate,No,3053,0,121.0,360,1.0,Rural,Y
Female,Yes,1,Graduate,No,7226,4193,94.0,360,1.0,Urban,Y
Male,Yes,0,Graduate,No,4879,2580,174.0,360,0.0,Semiurban,N
Male,Yes,0,Graduate,No,3109,2077,86.0,180,1.0,Semiurban,Y
Female,Yes,0,Not Graduate,No,3505,1786,137.0,360,1.0,Semiurban,Y
Male,Yes,1,Graduate,No,3036,4042,164.0,360,1.0,Semiurban,Y
Male,Yes,1,Not Graduate,No,10508,3917,211.0,360,1.0,Rural,Y
Male,Yes,3+,Graduate,No,4237,2950,179.0,120,0.0,Rural,N
Male,Yes,0,Not Graduate,No,4541,2079,152.0,36,1.0,Urban,Y
Male,Yes,0,Graduate,No,5852,1613,94.0,84,1.0,Rural,Y
Male,Yes,0,Graduate,No,2448,3028,88.0,360,1.0,Urban,Y
Female,No,0,Not Graduate,No,6928,0,77.0,360,0.0,Semiurban,N
Male,Yes,2,Graduate,,3217,1168,74.0,360,1.0,Rural,Y
Male,Yes,0,Not Graduate,Yes,9638,836,121.0,360,1.0,Urban,Y
Male,Yes,1,Graduate,No,3674,4192,90.0,180,1.0,Rural,Y
Male,Yes,1,Graduate,No,6747,1296,196.0,360,1.0,Rural,Y
Male,Yes,0,Graduate,No,1500,2546,96.0,60,1.0,Semiurban,Y
Male,Yes,2,Graduate,No,2492,1853,126.0,120,0.0,Urban,N
Female,No,0,Graduate,No,3706,0,109.0,360,1.0,Semiurban,Y
Male,Yes,0,Not Graduate,,1696,2604,69.0,360,1.0,Rural,Y
Male,Yes,2,Not Graduate,Yes,5543,653,187.0,360,1.0,Urban,Y
Male,No,2,Not Graduate,No,4869,0,160.0,360,0.0,Semiurban,N
Male,No,0,Graduate,No,2708,0,168.0,84,1.0,Urban,Y
Male,Yes,0,Not Graduate,No,4199,1771,154.0,360,0.0,Urban,N
Male,Yes,0,Graduate,No,6080,1334,89.0,180,1.0,Rural,Y
Male,Yes,0,Not Graduate,No,1641,2247,90.0,360,1.0,Urban,Y
Male,Yes,3+,Graduate,No,2384,2229,145.0,360,1.0,Rural,Y
Male,Yes,1,Graduate,No,3638,1356,225.0,180,1.0,Semiurban,Y
Male,Yes,0,Not Graduate,No,4275,1473,141.0,360,1.0,Semiurban,Y
Male,No,2,Not Graduate,No,4120,0,179.0,360,1.0,Urban,Y
Female,Yes,0,Graduate,No,6311,489,98.0,360,1.0,Rural,Y
Male,Yes,0,Not Graduate,Yes,5243,841,188.0,360,1.0,Urban,Y
Male,Yes,3+,Graduate,No,5787,5442,102.0,180,1.0,Semiurban,Y
Male,No,2,Graduate,No,2263,0,133.0,12,1.0,Semiurban,N
Male,Yes,2,Graduate,No,4515,1458,104.0,360,1.0,Semiurban,Y
Male,Yes,0,Graduate,No,3684,722,173.0,360,1.0,Semiurban,Y
Male,Yes,2,Graduate,No,8167,1931,174.0,360,0.0,Semiurban,Y
Male,Yes,0,Graduate,No,4575,3608,67.0,360,0.0,Urban,N
Female,Yes,1,Graduate,Yes,3130,9735,206.0,360,1.0,Semiurban,Y
Male,Yes,3+,Graduate,No,6208,6218,314.0,360,1.0,Rural,Y
Male,Yes,0,Graduate,Yes,5450,1173,105.0,84,1.0,Semiurban,Y
Male,Yes,2,Graduate,No,2922,1484,115.0,84,1.0,Urban,Y
Female,Yes,0,Graduate,No,3616,826,,360,1.0,Urban,Y
Male,No,0,Graduate,No,3644,0,124.0,360,1.0,Urban,Y
Male,Yes,2,Graduate,No,7349,1758,121.0,360,0.0,Urban,Y
Male,Yes,0,Graduate,No,4635,1603,259.0,360,1.0,Urban,Y
Male,Yes,1,Graduate,No,5866,6855,70.0,180,1.0,Semiurban,Y
Male,Yes,0,Graduate,No,3388,907,88.0,360,1.0,Urban,Y
Female,No,3+,Not Graduate,No,4918,0,143.0,360,1.0,Semiurban,Y
Male,Yes,0,Graduate,No,7604,579,63.0,360,1.0,Rural,Y
Female,Yes,0,Graduate,No,3595,2437,104.0,60,1.0,Rural,Y
Male,Yes,0,Graduate,No,4455,893,104.0,360,1.0,Rural,Y
Male,No,3+,Graduate,No,2290,0,178.0,120,1.0,Urban,N
Male,No,1,Not Graduate,No,2997,0,160.0,360,1.0,Urban,N
Male,Yes,2,Graduate,No,3639,861,61.0,180,0.0,Rural,N
Female,Yes,0,Graduate,No,2624,565,92.0,360,1.0,Urban,Y
Female,Yes,0,Graduate,No,7668,1110,92.0,180,0.0,Urban,Y
Female,Yes,0,Graduate,No,2901,2306,111.0,120,1.0,Semiurban,Y
Male,No,1,Graduate,No,6027,0,78.0,360,0.0,Urban,N
Male,Yes,0,Not Graduate,No,4601,1481,145.0,360,0.0,Rural,N
Male,Yes,3+,Not Graduate,Yes,4289,3482,92.0,360,1.0,Rural,Y
Female,No,2,Graduate,No,8256,0,153.0,180,1.0,Semiurban,Y
Male,No,0,Not Graduate,No,1529,0,121.0,180,1.0,Rural,N
Male,Yes,0,Graduate,No,3872,2367,82.0,180,1.0,Urban,Y
Male,No,2,Not Graduate,No,2601,0,211.0,180,1.0,Semiurban,N
Male,Yes,0,Not Graduate,No,1749,4357,214.0,360,0.0,Urban,N
Female,No,0,Graduate,No,2470,0,136.0,360,1.0,Semiurban,Y
Male,No,0,Graduate,No,4263,0,110.0,360,1.0,Urban,Y
Male,Yes,1,Graduate,No,3052,3084,79.0,360,1.0,Semiurban,Y
Male,No,2,Graduate,No,6332,0,186.0,360,0.0,Rural,N
Male,No,0,Graduate,No,3842,0,168.0,120,0.0,Urban,N
Male,Yes,0,Not Graduate,Yes,3655,1300,87.0,120,1.0,Urban,Y
Male,Yes,0,Not Graduate,No,3662,1039,92.0,180,1.0,Urban,Y
Female,No,2,Not Graduate,No,4046,0,145.0,360,1.0,Semiurban,Y
Female,Yes,0,Not Graduate,No,3504,3545,75.0,360,1.0,Urban,Y
Male,Yes,0,Not Graduate,No,2884,2014,94.0,360,1.0,Rural,Y
Male,No,3+,Graduate,No,6602,0,80.0,360,0.0,Semiurban,N
Female,No,3+,Graduate,No,3194,0,81.0,360,1.0,Semiurban,Y
Male,Yes,3+,Graduate,No,3559,5238,91.0,360,1.0,Semiurban,Y
Male,Yes,2,Graduate,Yes,5131,3264,174.0,360,1.0,Urban,Y
Male,Yes,0,Graduate,No,4882,3151,60.0,180,0.0,Urban,N
Male,Yes,0,Graduate,No,2829,1858,144.0,360,1.0,Semiurban,Y
Male,Yes,0,Not Graduate,No,5941,12155,134.0,360,1.0,Rural,Y
Female,No,0,Not Graduate,No,5388,0,178.0,180,0.0,Urban,N
Male,Yes,3+,Graduate,No,4582,611,134.0,120,1.0,Urban,Y
Male,Yes,2,Not Graduate,No,3483,2346,104.0,360,1.0,Urban,Y
Male,Yes,1,Graduate,No,3522,1108,87.0,360,1.0,Urban,Y
Male,No,0,Not Graduate,No,3862,0,180.0,120,1.0,Urban,Y
Male,Yes,3+,Graduate,No,2430,3088,148.0,360,1.0,Semiurban,Y
Male,Yes,2,Graduate,No,4156,1781,99.0,60,1.0,Rural,Y
Male,Yes,0,Not Graduate,No,6319,1172,174.0,360,1.0,Urban,Y
Male,Yes,2,Graduate,No,6275,2181,101.0,360,1.0,Semiurban,Y
Female,Yes,0,Graduate,No,3563,1360,121.0,360,0.0,Urban,N
Female,Yes,0,Graduate,No,6828,3205,95.0,360,0.0,Semiurban,Y
Male,Yes,1,Graduate,No,9973,2789,150.0,60,1.0,Semiurban,Y
Male,Yes,1,Not Graduate,No,3669,11632,81.0,360,0.0,Rural,Y
Male,Yes,0,Graduate,No,5774,1529,107.0,180,0.0,Urban,Y
Male,Yes,0,Not Graduate,No,1528,1665,93.0,360,1.0,Urban,Y
Male,Yes,3+,Graduate,Yes,2401,1820,135.0,60,1.0,Semiurban,Y
Male,Yes,1,Graduate,No,4407,1869,141.0,180,0.0,Semiurban,N
Male,Yes,2,Graduate,No,2689,3700,78.0,360,0.0,Urban,N
Female,Yes,0,Graduate,No,10589,1692,142.0,360,1.0,Urban,Y
Female,Yes,0,Graduate,No,5536,6525,67.0,360,0.0,Semiurban,Y
Female,Yes,0,Graduate,No,6533,2833,292.0,360,1.0,Urban,Y
Male,Yes,0,Graduate,No,4175,1493,99.0,60,1.0,Rural,Y
Male,Yes,0,Graduate,No,2693,1280,184.0,360,1.0,Semiurban,Y
Male,No,0,Graduate,Yes,3349,0,131.0,360,1.0,Urban,Y
Male,No,1,Graduate,No,4743,0,133.0,360,1.0,Semiurban,Y
Male,Yes,0,Graduate,No,3174,2009,76.0,360,1.0,Urban,Y
Male,Yes,2,Graduate,Yes,5721,1395,170.0,360,1.0,Semiurban,Y
Male,Yes,0,Graduate,No,5826,1925,123.0,360,1.0,Semiurban,Y
Female,Yes,0,Graduate,Yes,4239,1361,146.0,360,1.0,Semiurban,Y
Male,Yes,0,Graduate,No,1860,4523,117.0,360,1.0,Rural,Y
Male,No,0,Graduate,No,9151,0,127.0,360,0.0,Urban,Y
Male,Yes,0,Graduate,No,3844,1799,85.0,60,1.0,Rural,Y
Male,No,3+,Graduate,No,14316,0,114.0,360,1.0,Rural,Y
Male,Yes,2,Not Graduate,No,5673,2111,102.0,360,1.0,Urban,Y
Male,No,0,Not Graduate,No,3848,0,91.0,60,0.0,Urban,N
Male,No,0,Graduate,No,5174,0,128.0,360,1.0,Urban,Y
Male,Yes,1,Graduate,No,1705,638,140.0,360,1.0,Urban,N
Male,Yes,2,Graduate,No,6712,1238,134.0,360,0.0,Semiurban,Y
Male,Yes,0,Not Graduate,No,13428,1849,116.0,180,1.0,Urban,Y
Male,Yes,1,Graduate,No,1652,1283,143.0,360,1.0,Rural,Y
Female,Yes,2,Not Graduate,No,3716,3266,133.0,360,1.0,Urban,Y
Male,Yes,2,Graduate,No,4034,1741,126.0,360,1.0,Urban,Y
Male,Yes,2,Graduate,No,6272,6149,129.0,360,1.0,Urban,Y
Male,No,2,Graduate,No,10912,0,195.0,84,1.0,Urban,Y
Female,Yes,3+,Graduate,No,5025,2174,75.0,360,0.0,Rural,N
Female,No,0,Graduate,No,11090,0,106.0,360,0.0,Semiurban,Y
Male,Yes,1,Graduate,No,4567,2601,139.0,360,0.0,Urban,N
Male,No,2,Not Graduate,No,5183,0,64.0,60,1.0,Rural,Y
Female,Yes,1,Not Graduate,No,4903,2878,211.0,180,1.0,Rural,Y
Male,Yes,3+,Graduate,No,7325,590,134.0,360,1.0,Semiurban,Y
Male,No,0,Graduate,No,3498,0,178.0,36,1.0,Rural,Y
Male,Yes,0,Graduate,No,6113,1089,190.0,360,1.0,Semiurban,Y
Female,No,0,Graduate,No,2431,0,143.0,12,1.0,Semiurban,N
Female,Yes,0,Not Graduate,No,3721,3021,49.0,360,1.0,Urban,Y
Male,Yes,0,Graduate,,3176,1020,128.0,12,0.0,Urban,N
Male,Yes,1,Graduate,No,4400,3998,132.0,360,1.0,Semiurban,Y
Male,No,0,Not Graduate,No,3669,0,78.0,180,1.0,Rural,Y
Male,Yes,2,Not Graduate,No,7040,7350,59.0,120,1.0,Semiurban,Y
Female,No,1,Graduate,No,2848,0,146.0,180,1.0,Rural,Y
Male,No,0,Graduate,No,1940,0,73.0,120,1.0,Urban,Y
Male,Yes,0,Graduate,No,2296,4099,277.0,360,1.0,Semiurban,Y
Male,Yes,1,Graduate,No,6616,1384,134.0,360,1.0,Semiurban,Y
Male,No,2,Not Graduate,No,2734,0,208.0,360,1.0,Semiurban,N
Male,Yes,2,Graduate,No,5059,2139,123.0,180,0.0,Semiurban,Y
Male,Yes,2,Graduate,No,3704,1408,164.0,180,1.0,Urban,Y
Male,Yes,3+,Graduate,No,6129,5155,124.0,360,0.0,Urban,Y
Male,Yes,1,Not Graduate,No,3812,1723,181.0,360,0.0,Rural,N
Male,Yes,3+,Not Graduate,No,14675,1668,53.0,360,1.0,Urban,Y
Male,Yes,2,Not Graduate,No,9938,864,173.0,180,1.0,Semiurban,Y
Male,No,2,Graduate,No,3670,0,158.0,84,1.0,Semiurban,Y
Female,Yes,0,Not Graduate,No,3451,987,114.0,360,1.0,Urban,Y
Female,Yes,3+,Graduate,No,17318,2605,103.0,60,1.0,Rural,Y
Female,No,0,Graduate,No,2603,0,107.0,60,1.0,Semiurban,Y
Male,No,2,Graduate,No,4126,0,136.0,360,1.0,Rural,Y
Female,No,0,Not Graduate,No,4273,0,197.0,360,1.0,Semiurban,Y
Male,Yes,0,Not Graduate,No,4225,1694,98.0,360,1.0,Semiurban,Y
Male,No,0,Graduate,No,1934,0,61.0,360,0.0,Rural,N
Male,Yes,0,Graduate,No,5289,5050,328.0,360,1.0,Rural,Y
Male,Yes,0,Not Graduate,No,2733,1148,158.0,360,1.0,Rural,Y
Male,Yes,2,Graduate,No,8072,2708,103.0,360,1.0,Semiurban,Y
Male,Yes,0,Not Graduate,No,2196,2579,195.0,360,0.0,Urban,N
Male,No,0,Graduate,No,4344,0,176.0,360,0.0,Urban,N
Male,Yes,0,Graduate,,1560,2497,147.0,120,1.0,Rural,Y
Male,No,1,Graduate,No,1604,0,100.0,360,1.0,Rural,N
Male,No,0,Graduate,No,2899,0,158.0,84,1.0,Semiurban,Y
Male,Yes,0,Graduate,No,3089,3546,187.0,360,1.0,Urban,Y
Female,Yes,0,Graduate,No,8181,2657,61.0,360,1.0,Semiurban,Y
Female,Yes,1,Graduate,No,4153,898,132.0,84,1.0,Urban,Y
Male,Yes,0,Graduate,No,7567,1110,136.0,360,1.0,Semiurban,Y
Male,Yes,0,Not Graduate,No,3565,2964,135.0,360,0.0,Semiurban,N
Male,No,0,Graduate,No,5556,0,123.0,12,0.0,Rural,N
Female,Yes,3+,Graduate,No,3051,2448,195.0,360,1.0,Urban,Y
Male,Yes,0,Not Graduate,,2959,899,111.0,360,0.0,Semiurban,N
Male,No,1,Graduate,Yes,1864,0,121.0,360,1.0,Urban,N
Male,Yes,0,Graduate,No,4920,856,137.0,84,1.0,Semiurban,Y
Male,No,0,Graduate,No,4759,0,113.0,360,0.0,Semiurban,N
Male,Yes,0,Not Graduate,No,6001,3904,69.0,360,1.0,Rural,Y
Female,Yes,0,Not Graduate,No,4659,2462,132.0,60,0.0,Urban,N
Male,Yes,0,Graduate,No,10527,2629,132.0,360,1.0,Urban,Y
Male,Yes,0,Not Graduate,No,4578,2210,104.0,12,0.0,Rural,N
Female,Yes,0,Graduate,Yes,6609,3009,115.0,360,0.0,Urban,N
Female,No,1,Graduate,No,3656,0,34.0,360,,Urban,Y
Male,Yes,3+,Not Graduate,Yes,2810,391,197.0,360,1.0,Semiurban,N
Male,No,0,Graduate,No,5842,0,174.0,360,0.0,Semiurban,N
Male,Yes,1,Not Graduate,No,4063,3231,71.0,360,1.0,Urban,Y
Female,Yes,3+,Graduate,No,6151,1607,92.0,360,1.0,Urban,Y
Male,Yes,2,Graduate,No,4958,611,216.0,360,1.0,Rural,Y
Female,No,0,Not Graduate,No,2960,0,76.0,360,1.0,Semiurban,Y
Male,Yes,2,Graduate,No,6859,2430,147.0,36,0.0,Urban,Y
Male,Yes,0,Not Graduate,No,2858,1534,99.0,360,1.0,Urban,Y
Male,No,0,Not Graduate,Yes,5604,0,143.0,360,1.0,Semiurban,Y
Male,Yes,0,Not Graduate,No,7530,3801,123.0,180,1.0,Urban,Y
Male,No,0,Graduate,,3557,0,108.0,180,1.0,Rural,Y
Male,Yes,0,Graduate,No,7116,2182,141.0,120,1.0,Semiurban,Y
Male,No,0,Not Graduate,No,5059,0,99.0,120,1.0,Semiurban,Y
Female,No,1,Graduate,No,6206,0,59.0,36,0.0,Rural,N
Male,No,0,Graduate,No,2902,0,83.0,120,1.0,Semiurban,Y
Male,Yes,0,Not Graduate,No,4658,1841,79.0,84,1.0,Urban,Y
Male,Yes,0,Graduate,No,2244,4050,63.0,360,1.0,Semiurban,Y
Male,No,0,Not Graduate,No,9136,0,140.0,180,1.0,Semiurban,Y
Male,Yes,1,Graduate,Yes,1709,6358,113.0,360,1.0,Urban,Y
Male,Yes,3+,Graduate,No,3606,817,139.0,360,1.0,Urban,Y
Female,No,0,Graduate,No,2781,0,149.0,360,1.0,Semiurban,Y
Male,Yes,0,Graduate,No,5730,3870,164.0,360,1.0,Urban,Y
Male,Yes,2,Not Graduate,No,10054,4766,142.0,360,1.0,Semiurban,Y
Male,Yes,0,Graduate,,5680,2038,82.0,360,1.0,Semiurban,Y
Male,Yes,2,Not Graduate,No,16035,137,153.0,360,1.0,Semiurban,Y
Male,Yes,0,Graduate,No,2275,1279,132.0,360,1.0,Semiurban,Y
Female,Yes,0,Graduate,No,2355,2443,291.0,60,0.0,Urban,N
Female,Yes,0,Graduate,Yes,2830,1164,121.0,360,1.0,Urban,Y
Male,No,0,Graduate,No,4467,0,141.0,360,1.0,Urban,Y
Male,No,0,Graduate,No,2664,0,116.0,360,,Urban,Y
Male,Yes,2,Graduate,No,3016,4701,,84,1.0,Urban,Y
Male,Yes,1,Graduate,No,5592,3246,120.0,36,1.0,Semiurban,Y
Male,No,1,Graduate,No,2422,0,102.0,60,1.0,Rural,Y
Male,Yes,2,Graduate,Yes,2540,1485,130.0,360,1.0,Semiurban,Y
Male,Yes,0,Not Graduate,No,3535,3148,155.0,360,1.0,Rural,Y
Male,Yes,1,Graduate,Yes,3688,2028,102.0,36,1.0,Rural,Y
Male,Yes,0,Graduate,No,6664,2071,169.0,360,1.0,Rural,Y
Male,No,2,Graduate,No,2820,0,161.0,360,0.0,Rural,N
Male,Yes,0,Graduate,No,3059,1301,85.0,360,1.0,Semiurban,Y
Male,No,1,Graduate,No,5495,0,82.0,36,0.0,Semiurban,N
Female,Yes,2,Graduate,No,6067,1032,145.0,360,1.0,Urban,Y
Male,No,0,Not Graduate,No,8045,0,96.0,60,1.0,Semiurban,Y
Male,Yes,0,Not Graduate,No,5224,2559,79.0,360,1.0,Semiurban,Y
Male,Yes,0,Graduate,No,4485,2650,241.0,120,1.0,Semiurban,Y
Female,Yes,0,Not Graduate,No,5479,2796,82.0,360,1.0,Semiurban,Y
Male,Yes,1,Graduate,No,3750,2912,66.0,360,1.0,Semiurban,Y
Male,Yes,3+,Graduate,No,3738,1374,88.0,360,1.0,Semiurban,Y
Male,Yes,0,Graduate,No,1903,828,133.0,360,,Semiurban,Y
Male,Yes,0,Graduate,No,6323,1183,125.0,180,0.0,Semiurban,N
Female,Yes,1,Graduate,No,4652,3096,258.0,36,1.0,Rural,Y
Male,Yes,0,Graduate,No,6000,972,89.0,360,1.0,Rural,Y
Female,No,0,Not Graduate,No,1500,0,133.0,360,1.0,Rural,N
Female,No,3+,Graduate,No,4141,0,190.0,180,1.0,Urban,N
Female,No,1,Graduate,No,2878,0,93.0,60,1.0,Rural,Y
Male,No,0,Graduate,Yes,8313,0,161.0,120,1.0,Urban,Y
Male,Yes,0,Not Graduate,No,5576,3641,58.0,360,0.0,Rural,N
Male,Yes,1,Graduate,No,4700,1299,245.0,120,1.0,Urban,Y
Male,Yes,2,Graduate,No,3482,699,180.0,360,1.0,Semiurban,Y
Male,No,2,Graduate,No,5058,0,92.0,360,1.0,Semiurban,Y
Male,No,0,Graduate,No,2785,0,169.0,360,1.0,Semiurban,N
Male,Yes,3+,Graduate,No,4044,666,205.0,120,1.0,Semiurban,Y
Male,Yes,1,Graduate,No,3260,3540,72.0,360,1.0,Semiurban,Y
Female,Yes,1,Graduate,No,11730,841,95.0,360,1.0,Semiurban,Y
Male,Yes,1,Graduate,No,8196,1576,208.0,360,0.0,Urban,Y
Female,Yes,0,Graduate,No,6825,1564,124.0,360,1.0,Semiurban,Y
Male,Yes,3+,Graduate,No,2163,1426,144.0,60,1.0,Urban,Y
Female,No,0,Graduate,No,6240,0,124.0,360,0.0,Semiurban,N
Male,Yes,0,Graduate,No,4602,3187,173.0,360,1.0,Urban,Y
Male,No,2,Graduate,No,7336,0,149.0,120,1.0,Semiurban,Y
Female,No,1,Not Graduate,Yes,4890,0,126.0,360,1.0,Semiurban,Y
Male,No,2,Graduate,Yes,4217,0,52.0,180,1.0,Urban,Y
Female,Yes,0,Graduate,No,4699,2262,156.0,60,1.0,Semiurban,Y
Male,Yes,0,Graduate,Yes,1877,1337,162.0,360,1.0,Semiurban,Y
Male,Yes,3+,Not Graduate,No,2994,2049,74.0,360,1.0,Rural,Y
Male,Yes,0,Not Graduate,No,5004,1272,76.0,360,1.0,Rural,Y
Male,Yes,2,Graduate,No,7063,1188,149.0,360,1.0,Semiurban,Y
Male,No,0,Graduate,No,3301,0,131.0,84,1.0,Semiurban,Y
Male,No,2,Graduate,No,4153,0,55.0,180,1.0,Semiurban,Y
Male,No,0,Graduate,No,2058,0,87.0,180,1.0,Urban,Y
Male,No,1,Not Graduate,Yes,8157,0,137.0,120,1.0,Urban,Y
Female,Yes,2,Graduate,No,6982,1173,159.0,360,1.0,Rural,Y
Female,Yes,0,Graduate,No,5672,3643,96.0,120,1.0,Semiurban,Y
Male,Yes,2,Graduate,No,5079,1671,114.0,120,1.0,Semiurban,Y
Male,Yes,2,Graduate,No,8507,3489,85.0,84,1.0,Urban,Y
Male,No,2,Not Graduate,No,2944,0,206.0,360,1.0,Urban,N
Male,Yes,3+,Graduate,No,2804,2411,130.0,360,1.0,Urban,Y
Female,Yes,0,Not Graduate,No,6820,2455,93.0,360,1.0,Semiurban,Y
Female,Yes,0,Graduate,No,6617,3254,76.0,84,1.0,Semiurban,Y
Male,Yes,0,Graduate,Yes,2472,749,73.0,360,1.0,Semiurban,Y
Female,Yes,0,Graduate,No,3330,776,250.0,360,0.0,Semiurban,N
Male,No,0,Graduate,No,9046,0,113.0,360,1.0,Rural,Y
Female,Yes,1,Graduate,No,5091,2474,103.0,360,1.0,Semiurban,Y
Male,Yes,0,Graduate,No,6028,1254,111.0,360,1.0,Rural,Y
Male,Yes,0,Graduate,No,2510,2486,94.0,60,1.0,Semiurban,Y
Male,Yes,0,Graduate,No,5684,858,116.0,84,0.0,Urban,N
Male,Yes,2,Graduate,Yes,2233,14165,123.0,360,1.0,Rural,Y
Male,No,1,Graduate,No,1735,0,122.0,360,0.0,Urban,N
Female,Yes,0,Graduate,Yes,5866,2902,73.0,360,1.0,Urban,Y
Male,Yes,2,Not Graduate,No,8066,2090,173.0,120,0.0,Semiurban,Y
Male,Yes,0,Graduate,Yes,3773,1378,97.0,120,0.0,Semiurban,N
Male,No,3+,Graduate,No,3307,0,93.0,12,0.0,Urban,N
Male,Yes,1,Graduate,Yes,9135,1866,91.0,360,1.0,Semiurban,Y
Male,Yes,0,Graduate,No,3875,1192,79.0,360,0.0,Semiurban,N
Male,Yes,1,Graduate,No,4106,1235,135.0,360,1.0,Semiurban,Y
Male,No,2,Not Graduate,No,9065,0,173.0,120,1.0,Semiurban,Y
Male,Yes,0,Graduate,No,3607,2321,90.0,360,1.0,Semiurban,Y
Male,Yes,2,Graduate,No,3151,1593,58.0,360,1.0,Urban,Y
Male,Yes,0,Graduate,No,6105,2754,80.0,120,1.0,Urban,Y
Female,Yes,0,Graduate,No,3070,2628,101.0,120,0.0,Urban,N
Male,No,0,Graduate,No,3963,0,74.0,360,0.0,Semiurban,N
Male,No,0,Not Graduate,Yes,2336,0,95.0,84,1.0,Semiurban,Y
Male,Yes,0,Graduate,Yes,4598,3275,97.0,360,1.0,Semiurban,Y
Male,No,3+,Not Graduate,No,4361,0,120.0,360,1.0,Semiurban,Y
Male,No,0,Graduate,No,6539,0,67.0,360,1.0,Semiurban,Y
Male,No,0,Graduate,No,6221,0,153.0,60,1.0,Urban,Y
Male,Yes,0,Graduate,No,5421,893,236.0,180,1.0,Urban,Y
Male,Yes,2,Graduate,No,5051,851,215.0,360,0.0,Rural,N
Male,Yes,3+,Not Graduate,No,4093,2622,96.0,360,1.0,Semiurban,Y
Female,No,2,Graduate,No,5565,0,158.0,180,0.0,Semiurban,N
Female,Yes,3+,Not Graduate,No,2564,1066,151.0,360,1.0,Semiurban,Y
Male,Yes,2,Graduate,No,1500,3576,119.0,12,1.0,Semiurban,Y
Male,Yes,3+,Graduate,No,7135,2370,130.0,120,1.0,Semiurban,Y
Female,Yes,1,Not Graduate,No,5729,4094,159.0,360,1.0,Urban,Y
Female,Yes,0,Graduate,No,3995,3842,173.0,180,1.0,Rural,Y
Male,No,0,Not Graduate,No,6860,0,87.0,360,1.0,Urban,Y
Male,Yes,1,Graduate,No,3043,5331,163.0,36,1.0,Urban,Y
Male,No,0,Not Graduate,No,3079,0,236.0,360,1.0,Urban,N
Male,Yes,0,Graduate,No,2893,8384,172.0,360,0.0,Semiurban,Y
Male,Yes,1,Graduate,No,5461,1179,224.0,360,0.0,Semiurban,N
Male,Yes,3+,Graduate,No,2074,1941,43.0,360,1.0,Semiurban,Y
Male,Yes,0,Graduate,No,2995,1421,154.0,360,1.0,Rural,Y
Male,Yes,2,Graduate,No,4819,1593,,360,1.0,Urban,Y
Female,No,1,Graduate,No,2460,0,183.0,360,1.0,Semiurban,N
Male,Yes,3+,Graduate,No,3142,1513,,360,0.0,Semiurban,N
Male,No,3+,Graduate,Yes,1563,0,99.0,84,1.0,Rural,N
Male,Yes,2,Graduate,,5555,1734,174.0,360,1.0,Urban,Y
Male,Yes,0,Graduate,No,3104,3504,79.0,36,1.0,Rural,Y
Female,Yes,0,Graduate,No,2579,1441,133.0,360,1.0,Urban,Y
Male,Yes,0,Graduate,No,2361,2330,120.0,360,1.0,Rural,Y
Male,Yes,2,Graduate,No,3504,2913,112.0,180,1.0,Semiurban,Y
Male,Yes,2,Graduate,No,2077,1295,152.0,360,1.0,Rural,Y
Male,Yes,2,Graduate,No,10138,10452,77.0,360,0.0,Urban,Y
Female,Yes,0,Not Graduate,No,1500,3006,88.0,60,0.0,Urban,N
Male,Yes,1,Graduate,No,3453,1744,114.0,360,1.0,Urban,Y
Male,No,0,Graduate,No,4438,0,75.0,360,1.0,Semiurban,Y
Male,Yes,0,Graduate,No,2984,2111,198.0,120,1.0,Semiurban,Y
Male,Yes,0,Graduate,No,4653,963,88.0,360,0.0,Rural,N
Female,No,0,Not Graduate,Yes,2951,0,166.0,360,1.0,Semiurban,N
Female,Yes,2,Not Graduate,No,8421,2588,85.0,360,1.0,Urban,Y
Male,Yes,0,Graduate,No,2556,1895,161.0,360,0.0,Urban,N
Male,Yes,0,Graduate,No,1500,3742,63.0,360,1.0,Urban,Y
Female,Yes,3+,Graduate,No,2358,1296,213.0,60,1.0,Rural,N
Female,No,0,Graduate,No,5033,0,191.0,360,1.0,Rural,Y
Male,Yes,0,Not Graduate,No,4011,1848,97.0,360,1.0,Rural,Y
Male,No,0,Graduate,No,5934,0,87.0,360,1.0,Semiurban,Y
Male,No,0,Graduate,No,5301,0,145.0,360,1.0,Urban,Y
Female,Yes,0,Graduate,No,3176,824,65.0,360,1.0,Urban,Y
Male,Yes,0,Graduate,No,3394,1519,123.0,360,1.0,Semiurban,Y
Male,Yes,1,Graduate,No,3556,314,87.0,120,0.0,Rural,N
Male,Yes,0,Not Graduate,No,9876,982,109.0,60,1.0,Urban,Y
Male,Yes,0,Graduate,No,5772,3069,93.0,360,1.0,Urban,Y
Male,Yes,2,Not Graduate,No,9909,3556,88.0,360,1.0,Semiurban,Y
Male,Yes,0,Graduate,No,6175,1007,240.0,60,1.0,Semiurban,Y
Male,Yes,3+,Graduate,No,4110,1644,166.0,36,1.0,Urban,Y
Male,No,0,Graduate,No,2673,0,67.0,360,1.0,Rural,Y
Male,Yes,0,Graduate,No,4631,3815,85.0,360,1.0,Urban,Y
Male,No,2,Not Graduate,No,4115,0,171.0,360,1.0,Rural,Y
Male,No,0,Graduate,No,4055,0,179.0,360,1.0,Urban,Y
Female,Yes,0,Graduate,No,3850,1708,69.0,360,1.0,Urban,Y
Male,No,1,Graduate,Yes,1679,0,160.0,12,1.0,Urban,N
Male,Yes,0,Graduate,No,7460,2132,135.0,360,1.0,Urban,Y
Male,Yes,2,Graduate,No,4135,6939,55.0,360,0.0,Semiurban,Y
Male,Yes,3+,Graduate,No,2238,4333,103.0,360,1.0,Semiurban,Y
Male,Yes,0,Graduate,No,5254,2219,115.0,360,1.0,Semiurban,Y
Male,Yes,1,Graduate,No,2878,2397,123.0,360,1.0,Semiurban,Y
Male,Yes,0,Graduate,No,5447,1321,71.0,36,0.0,Urban,N
Male,Yes,3+,Graduate,Yes,6290,1612,89.0,360,1.0,Urban,Y
Male,Yes,2,Graduate,No,6693,2183,94.0,60,1.0,Rural,Y
Male,Yes,3+,Graduate,No,3934,2187,98.0,360,1.0,Rural,Y
Male,Yes,0,Graduate,Yes,3511,3664,98.0,360,1.0,Urban,Y
Male,Yes,2,Graduate,No,3192,3559,115.0,36,1.0,Semiurban,Y
Male,Yes,0,Graduate,No,3055,2730,137.0,360,1.0,Semiurban,Y
Male,Yes,0,Graduate,No,4197,1097,247.0,180,1.0,Urban,Y
Female,Yes,3+,Graduate,No,3849,1122,172.0,360,1.0,Semiurban,Y
Female,No,0,Graduate,No,2917,0,205.0,360,1.0,Semiurban,N
Male,Yes,3+,Graduate,,2528,2301,100.0,180,0.0,Urban,N
Male,No,0,Graduate,No,4028,0,81.0,180,0.0,Urban,N
Male,Yes,2,Graduate,No,3479,1990,167.0,60,0.0,Semiurban,N
Male,No,0,Not Graduate,No,2531,0,120.0,360,1.0,Urban,N
Male,Yes,0,Graduate,No,6147,2981,162.0,180,1.0,Urban,Y
Female,Yes,0,Not Graduate,No,9390,1618,85.0,360,1.0,Semiurban,Y
Male,Yes,1,Graduate,No,6523,1314,157.0,180,1.0,Semiurban,Y
Female,Yes,0,Graduate,No,3059,3240,113.0,360,1.0,Urban,Y
Male,Yes,1,Graduate,No,4135,2400,101.0,360,0.0,Rural,N
Male,Yes,0,Graduate,Yes,8460,1723,104.0,360,1.0,Semiurban,Y
Male,No,0,Graduate,No,2494,0,147.0,360,1.0,Urban,Y
Male,Yes,0,Graduate,No,6015,2091,165.0,180,0.0,Semiurban,N
Male,Yes,0,Not Graduate,No,2204,1665,104.0,360,0.0,Semiurban,N
Male,No,2,Graduate,No,9025,0,139.0,180,1.0,Urban,Y
Male,Yes,2,Not Graduate,No,3485,4207,139.0,360,1.0,Semiurban,Y
Female,No,0,Graduate,No,11534,0,163.0,360,0.0,Semiurban,Y
Male,Yes,1,Graduate,Yes,9206,957,180.0,360,1.0,Semiurban,Y
Female,No,2,Graduate,No,4032,0,250.0,84,1.0,Semiurban,Y
Female,Yes,0,Graduate,Yes,3060,2207,100.0,12,0.0,Semiurban,N
Female,No,0,Graduate,Yes,4617,0,217.0,360,1.0,Urban,Y
Male,No,0,Not Graduate,,3900,0,127.0,360,1.0,Semiurban,Y
Male,Yes,0,Graduate,No,3530,2452,78.0,360,1.0,Semiurban,Y
Female,Yes,0,Graduate,No,2005,7494,93.0,120,1.0,Rural,Y
Male,Yes,0,Graduate,No,3355,1735,146.0,180,0.0,Semiurban,N
Male,No,1,Graduate,No,2566,0,162.0,360,0.0,Semiurban,N
Male,Yes,0,Graduate,No,5422,837,80.0,360,1.0,Rural,Y
Male,Yes,0,Graduate,No,6607,4617,89.0,120,1.0,Urban,Y
Male,Yes,0,Graduate,,5903,3520,98.0,360,0.0,Urban,Y
Male,Yes,0,Graduate,No,4934,5232,86.0,120,1.0,Urban,Y
Male,Yes,0,Graduate,No,2881,3890,57.0,360,1.0,Urban,Y
Female,No,3+,Graduate,No,4639,0,50.0,180,1.0,Semiurban,Y
Male,Yes,0,Graduate,No,6043,989,104.0,360,1.0,Urban,Y
Female,No,1,Graduate,No,3249,0,134.0,360,1.0,Urban,Y
Male,Yes,0,Graduate,No,4462,694,157.0,360,1.0,Urban,Y
Female,Yes,1,Not Graduate,No,3962,1149,70.0,360,1.0,Semiurban,Y
Male,Yes,1,Not Graduate,Yes,8937,2579,70.0,360,1.0,Rural,Y
Male,Yes,0,Graduate,No,6205,1941,98.0,360,1.0,Rural,Y
Male,No,2,Not Graduate,No,5564,0,121.0,12,0.0,Urban,N
Female,No,0,Graduate,No,1953,0,181.0,60,1.0,Semiurban,N
Male,Yes,2,Graduate,Yes,4572,689,161.0,360,1.0,Urban,Y
Female,Yes,0,Graduate,No,3945,2228,104.0,360,1.0,Urban,Y
Female,Yes,3+,Not Graduate,Yes,3929,2508,140.0,360,1.0,Rural,Y
Male,No,2,Graduate,,2093,0,86.0,84,1.0,Semiurban,N
Male,No,3+,Not Graduate,No,2592,0,125.0,60,1.0,Urban,N
Male,No,0,Not Graduate,No,4102,0,118.0,360,1.0,Semiurban,Y
Male,Yes,0,Graduate,No,6984,4006,213.0,180,1.0,Urban,Y
Female,Yes,2,Graduate,Yes,3243,820,148.0,180,1.0,Semiurban,Y
Male,Yes,2,Graduate,No,3533,1899,89.0,360,1.0,Semiurban,Y
Male,Yes,3+,Graduate,Yes,9428,4783,89.0,360,1.0,Urban,Y
Female,Yes,0,Graduate,No,3701,1754,106.0,180,1.0,Rural,Y
Male,Yes,2,Graduate,No,3991,1700,64.0,360,1.0,Semiurban,Y
Female,Yes,0,Graduate,No,4016,3849,110.0,360,0.0,Rural,Y
Male,No,0,Graduate,No,2308,0,114.0,360,1.0,Rural,N
Male,No,0,Graduate,Yes,5471,0,146.0,60,1.0,Semiurban,Y
Male,Yes,0,Graduate,No,3153,1707,155.0,360,0.0,Semiurban,N
Male,Yes,3+,Graduate,Yes,4173,2974,126.0,360,1.0,Urban,Y
Male,Yes,0,Graduate,No,5166,4899,63.0,180,1.0,Semiurban,Y
Male,No,1,Graduate,Yes,10139,0,74.0,12,1.0,Urban,Y
Male,No,1,Not Graduate,No,2337,0,95.0,360,1.0,Urban,Y
Male,No,0,Graduate,No,6243,0,157.0,360,1.0,Semiurban,Y
Male,No,0,Graduate,No,6253,0,155.0,360,0.0,Semiurban,N
Male,Yes,1,Not Graduate,No,3174,7108,109.0,60,1.0,Rural,Y
Male,Yes,0,Graduate,No,5540,1596,312.0,360,1.0,Urban,Y
Male,Yes,2,Graduate,Yes,8862,1695,226.0,120,1.0,Semiurban,Y
Male,Yes,3+,Graduate,Yes,2998,1077,,360,1.0,Rural,N
Male,No,0,Not Graduate,No,4715,0,160.0,360,0.0,Urban,N
Male,Yes,0,Not Graduate,No,5075,1048,145.0,360,1.0,Urban,Y
Male,Yes,0,Graduate,Yes,5379,1456,141.0,360,1.0,Urban,Y
Male,Yes,2,Graduate,Yes,5980,3043,59.0,360,1.0,Rural,Y
Male,No,0,Not Graduate,No,4558,0,79.0,360,1.0,Urban,Y
Female,Yes,0,Not Graduate,No,5329,674,111.0,120,0.0,Urban,N
Male,Yes,0,Graduate,No,2806,5126,127.0,60,1.0,Semiurban,Y
Male,Yes,3+,Graduate,No,4554,1040,115.0,360,1.0,Rural,Y
Male,Yes,0,Not Graduate,No,3414,1122,135.0,120,0.0,Rural,N
Male,Yes,0,Graduate,No,2432,950,52.0,60,1.0,Semiurban,Y
Female,No,3+,Graduate,No,3363,0,148.0,360,0.0,Rural,N
Male,Yes,1,Graduate,No,4775,1166,124.0,360,1.0,Urban,Y
Male,No,1,Graduate,No,5146,0,112.0,360,1.0,Urban,Y
Male,Yes,1,Graduate,No,2390,455,176.0,360,0.0,Rural,N
Male,Yes,3+,Graduate,No,2773,2160,79.0,360,0.0,Semiurban,N
Male,No,1,Graduate,No,5861,0,110.0,360,1.0,Urban,Y
Male,Yes,2,Graduate,No,5317,7682,136.0,360,1.0,Semiurban,Y
Male,Yes,1,Not Graduate,No,6305,2675,86.0,360,1.0,Rural,Y
Male,No,2,Graduate,No,7828,0,54.0,360,1.0,Rural,Y
Male,Yes,0,Graduate,Yes,5388,972,76.0,180,1.0,Rural,Y
Male,No,0,Graduate,No,3509,0,118.0,360,1.0,Semiurban,Y
Male,Yes,2,Graduate,No,4454,2615,109.0,360,0.0,Rural,N
Male,Yes,0,Graduate,No,8928,1477,120.0,360,1.0,Semiurban,Y
Female,Yes,1,Graduate,No,14676,2072,93.0,12,0.0,Semiurban,Y
Male,No,0,Graduate,No,5210,0,71.0,360,1.0,Semiurban,Y
Female,Yes,2,Not Graduate,Yes,5382,1586,128.0,360,1.0,Semiurban,Y
Male,No,0,Graduate,No,5863,0,113.0,360,1.0,Urban,Y
Male,No,2,Graduate,No,4275,0,156.0,360,1.0,Urban,Y
Male,Yes,1,Graduate,No,7141,2412,90.0,360,0.0,Semiurban,Y
Male,Yes,0,Graduate,No,6658,716,54.0,36,0.0,Urban,N
Male,Yes,0,Graduate,No,4961,2582,42.0,360,1.0,Urban,Y
Male,Yes,0,Graduate,No,3666,1098,103.0,360,1.0,Urban,Y
Male,Yes,0,Graduate,No,2133,2603,127.0,360,1.0,Urban,Y
Female,Yes,0,Graduate,No,5881,6275,110.0,360,1.0,Semiurban,Y
Male,No,0,Graduate,No,4655,0,96.0,360,1.0,Urban,Y
Male,No,3+,Graduate,No,3035,0,64.0,120,1.0,Urban,Y
Male,No,0,Not Graduate,No,2544,0,57.0,360,1.0,Semiurban,Y
Male,No,1,Graduate,No,5696,0,140.0,360,0.0,Rural,N
Male,Yes,0,Graduate,No,2057,6703,110.0,360,1.0,Urban,Y
Male,No,1,Graduate,No,4840,0,105.0,360,1.0,Urban,Y
Female,No,0,Not Graduate,No,6183,0,65.0,120,0.0,Rural,N
Female,Yes,1,Not Graduate,No,5417,3988,82.0,360,1.0,Semiurban,Y
Male,No,1,Graduate,No,3548,0,123.0,120,1.0,Rural,Y
Male,Yes,1,Not Graduate,No,2410,3278,136.0,180,0.0,Urban,N
Female,Yes,0,Graduate,Yes,5509,2993,113.0,360,1.0,Urban,Y
Male,No,1,Not Graduate,No,7260,0,210.0,36,1.0,Urban,Y
Male,No,0,Graduate,No,3269,0,96.0,360,0.0,Urban,N
Male,Yes,0,Graduate,No,5314,4376,203.0,360,1.0,Rural,Y
Male,No,0,Graduate,No,8618,0,132.0,120,0.0,Rural,N
Male,Yes,0,Graduate,Yes,4926,2253,126.0,360,1.0,Rural,Y
Male,Yes,0,Graduate,No,3538,1739,176.0,360,1.0,Rural,Y
Male,No,1,Graduate,Yes,6757,0,94.0,84,1.0,Rural,Y
Male,Yes,0,Graduate,No,3035,857,106.0,180,0.0,Semiurban,N
Male,No,0,Graduate,No,2358,0,74.0,360,0.0,Rural,N
Male,Yes,0,Graduate,No,6096,1799,176.0,180,1.0,Urban,Y
Male,Yes,1,Not Graduate,No,3523,3112,138.0,120,1.0,Semiurban,Y
Male,Yes,1,Not Graduate,No,3668,4593,188.0,360,1.0,Semiurban,Y
Male,Yes,0,Not Graduate,No,3190,1776,131.0,360,1.0,Rural,Y
Male,Yes,1,Graduate,No,3419,1865,188.0,12,1.0,Semiurban,Y
Male,No,0,Graduate,No,7953,0,90.0,36,0.0,Rural,N
Female,Yes,0,Graduate,No,8938,1174,180.0,360,1.0,Semiurban,Y
Female,No,0,Graduate,No,9487,0,103.0,360,1.0,Semiurban,Y
Male,Yes,1,Graduate,No,6908,1842,121.0,180,1.0,Rural,Y
Male,Yes,1,Graduate,No,5217,1471,162.0,360,1.0,Urban,Y
Male,Yes,0,Not Graduate,Yes,2220,1524,308.0,180,1.0,Rural,N
Male,Yes,0,Graduate,Yes,3887,2823,168.0,360,1.0,Semiurban,Y
Male,Yes,0,Not Graduate,Yes,11165,1238,175.0,180,1.0,Semiurban,Y
Male,Yes,1,Graduate,No,3477,1722,97.0,360,0.0,Rural,N
Male,Yes,2,Graduate,No,8361,3426,129.0,36,1.0,Semiurban,Y
Male,Yes,0,Graduate,No,4336,2317,116.0,360,0.0,Semiurban,N
Male,Yes,0,Graduate,No,1500,1064,213.0,360,1.0,Semiurban,N
Male,Yes,2,Not Graduate,No,5643,1969,114.0,120,1.0,Urban,Y
Male,Yes,2,Graduate,No,7478,2597,206.0,360,1.0,Semiurban,Y
Male,No,2,Graduate,No,4137,0,72.0,360,0.0,Urban,N
Female,Yes,1,Graduate,Yes,7367,1270,212.0,60,0.0,Rural,N
Female,No,2,Graduate,No,1997,0,86.0,360,1.0,Urban,Y
Male,Yes,0,Graduate,No,2267,1316,170.0,180,1.0,Semiurban,Y
Male,No,0,Graduate,No,4638,0,85.0,360,1.0,Rural,Y
Male,Yes,0,Graduate,No,5243,2547,155.0,180,1.0,Rural,Y
Male,No,1,Graduate,No,7788,0,82.0,360,0.0,Semiurban,Y
Male,Yes,0,Graduate,Yes,5639,3753,183.0,360,1.0,Semiurban,Y
Male,No,0,Not Graduate,No,2472,0,170.0,120,1.0,Urban,N
Male,No,0,Not Graduate,Yes,4655,0,95.0,360,1.0,Urban,Y
Male,No,0,Graduate,No,5543,0,153.0,12,0.0,Urban,N
Male,Yes,2,Graduate,No,1820,2198,177.0,120,1.0,Rural,Y
Male,Yes,0,Graduate,No,4147,2071,83.0,180,1.0,Urban,Y
Male,Yes,0,Not Graduate,No,3637,925,80.0,360,1.0,Semiurban,Y
Male,Yes,2,Graduate,No,3150,1776,79.0,360,1.0,Urban,Y
Female,No,0,Not Graduate,No,5294,0,74.0,360,1.0,Semiurban,Y
Male,Yes,1,Graduate,No,2521,2668,79.0,360,1.0,Semiurban,Y
Male,Yes,2,Graduate,No,5103,1543,175.0,360,1.0,Rural,Y
Female,Yes,3+,Graduate,No,5441,1463,151.0,36,0.0,Urban,N
Female,Yes,2,Graduate,No,6889,794,61.0,360,1.0,Semiurban,Y
Male,Yes,0,Graduate,No,2551,3700,99.0,180,1.0,Urban,Y
Female,No,1,Graduate,No,2148,0,76.0,360,0.0,Urban,N
Male,Yes,0,Graduate,No,4795,2105,171.0,360,1.0,Semiurban,Y
Male,Yes,0,Graduate,No,3718,1285,101.0,360,1.0,Urban,Y
Male,Yes,0,Not Graduate,No,15618,742,65.0,360,1.0,Urban,Y
Male,Yes,0,Graduate,No,5199,1452,130.0,60,0.0,Rural,N
Male,Yes,2,Not Graduate,No,4342,1598,154.0,60,,Semiurban,Y
Male,No,0,Not Graduate,Yes,3913,0,82.0,180,1.0,Urban,Y
Male,No,1,Not Graduate,No,2445,0,109.0,84,1.0,Urban,N
Male,No,0,Graduate,No,5452,0,84.0,360,1.0,Urban,Y
Male,No,0,Not Graduate,Yes,4082,0,199.0,360,0.0,Semiurban,N
Male,Yes,3+,Graduate,No,4083,2057,102.0,360,1.0,Semiurban,Y
Male,No,0,Graduate,No,4413,0,91.0,84,1.0,Semiurban,Y
Male,No,1,Graduate,No,4672,0,119.0,360,1.0,Urban,Y
Male,No,0,Graduate,No,1933,0,111.0,360,1.0,Semiurban,N
Female,Yes,0,Not Graduate,No,6165,2799,160.0,360,1.0,Semiurban,Y
Male,No,0,Graduate,No,2890,0,197.0,12,1.0,Semiurban,N
Male,No,2,Graduate,Yes,3975,0,198.0,120,1.0,Rural,Y
Male,No,0,Graduate,No,7545,0,104.0,360,1.0,Urban,Y
Male,Yes,0,Not Graduate,No,9421,985,137.0,12,1.0,Urban,Y
Male,No,0,Graduate,No,1968,0,220.0,360,0.0,Rural,N
Male,No,2,Graduate,No,4288,0,223.0,360,1.0,Urban,Y
Male,No,1,Graduate,Yes,4782,0,85.0,360,1.0,Urban,Y
Male,Yes,1,Graduate,No,2146,1481,153.0,360,1.0,Semiurban,Y
Female,No,0,Graduate,No,6070,0,143.0,360,1.0,Semiurban,Y
Male,Yes,2,Graduate,No,4457,2663,176.0,360,1.0,Rural,Y
Male,Yes,2,Not Graduate,No,4616,5027,199.0,36,1.0,Urban,Y
Female,Yes,2,Graduate,No,2799,1365,80.0,360,1.0,Urban,Y
Male,No,2,Graduate,No,5093,0,92.0,360,1.0,Urban,Y
Male,Yes,1,Graduate,No,6168,3568,174.0,180,0.0,Semiurban,Y
Male,Yes,0,Not Graduate,Yes,4479,2904,128.0,180,1.0,Urban,Y
Male,No,2,Not Graduate,No,3356,0,49.0,12,1.0,Semiurban,Y
Male,No,3+,Graduate,Yes,3476,0,62.0,360,1.0,Urban,Y
Male,Yes,0,Not Graduate,No,4671,4000,158.0,120,1.0,Urban,Y
Male,No,0,Graduate,No,4324,0,169.0,360,1.0,Semiurban,Y
Male,No,3+,Graduate,No,6356,0,70.0,360,1.0,Rural,Y
Male,Yes,0,Graduate,No,3408,4638,188.0,360,1.0,Rural,Y
Male,Yes,2,Graduate,No,2444,1508,112.0,360,1.0,Rural,Y
Male,Yes,0,Graduate,No,4972,1635,,360,1.0,Semiurban,Y
Female,Yes,0,Graduate,No,3412,2349,97.0,180,1.0,Urban,Y
Male,Yes,0,Not Graduate,No,6018,969,74.0,360,1.0,Urban,Y
Male,No,0,Graduate,No,4244,0,94.0,36,,Semiurban,Y
Male,No,0,Graduate,No,5679,0,,12,1.0,Urban,Y
Male,Yes,0,Graduate,No,2679,2658,117.0,360,1.0,Urban,Y
Male,Yes,1,Graduate,No,4512,7632,153.0,360,1.0,Urban,Y
Male,Yes,3+,Not Graduate,No,3088,1361,70.0,360,0.0,Semiurban,N
Female,Yes,0,Graduate,No,2442,1805,122.0,360,1.0,Urban,Y
Female,Yes,0,Not Graduate,No,2871,1859,88.0,12,0.0,Urban,N
Male,No,0,Graduate,No,3310,0,158.0,360,1.0,Semiurban,Y
Male,No,0,Graduate,No,7406,0,48.0,360,1.0,Urban,Y
Male,Yes,0,Graduate,No,3271,3471,161.0,360,1.0,Semiurban,Y
Male,No,0,Graduate,No,2387,0,58.0,180,1.0,Semiurban,Y
Male,Yes,0,Graduate,No,4488,2591,111.0,360,1.0,Urban,Y
Male,No,0,Graduate,Yes,4286,0,91.0,60,1.0,Rural,Y
Male,Yes,0,Graduate,No,3389,2982,105.0,360,1.0,Urban,Y
Male,Yes,1,Graduate,No,3934,962,65.0,60,1.0,Semiurban,Y
Male,No,0,Graduate,No,6563,0,236.0,12,0.0,Semiurban,N
Female,Yes,2,Graduate,No,5720,3124,72.0,120,1.0,Rural,Y
Male,No,3+,Graduate,No,5502,0,74.0,180,1.0,Semiurban,Y
Male,Yes,3+,Graduate,No,2483,3841,249.0,360,0.0,Urban,N
Male,Yes,3+,Graduate,,15505,1854,138.0,60,1.0,Semiurban,Y
Male,Yes,0,Graduate,No,6789,4778,73.0,120,1.0,Semiurban,Y
Male,Yes,0,Not Graduate,No,5338,1162,115.0,360,1.0,Semiurban,Y
Male,No,0,Not Graduate,No,2505,0,110.0,360,1.0,Urban,Y
Male,Yes,2,Graduate,No,6480,1963,61.0,360,1.0,Semiurban,Y
Male,No,2,Graduate,No,3376,0,89.0,180,1.0,Urban,Y
Male,No,2,Graduate,,3876,0,120.0,360,1.0,Semiurban,Y
Male,No,0,Graduate,No,1985,0,201.0,180,1.0,Semiurban,N
Male,Yes,2,Not Graduate,No,2419,753,112.0,180,1.0,Urban,Y
Female,No,0,Not Graduate,No,5153,0,116.0,360,1.0,Rural,Y
Male,Yes,0,Not Graduate,No,6652,2724,87.0,36,1.0,Semiurban,Y
Male,Yes,2,Graduate,No,5757,2642,188.0,120,1.0,Urban,Y
Male,Yes,0,Not Graduate,,5669,5132,174.0,360,1.0,Urban,Y
Female,Yes,3+,Graduate,No,4108,1597,166.0,60,1.0,Semiurban,Y
Male,Yes,0,Not Graduate,No,3522,660,127.0,84,0.0,Urban,N
Male,Yes,2,Graduate,No,4817,4096,64.0,180,1.0,Rural,Y
Male,Yes,0,Graduate,No,6121,2246,187.0,360,1.0,Urban,Y
Male,Yes,2,Graduate,No,4239,2366,124.0,360,1.0,Urban,Y
Male,No,2,Graduate,No,7292,0,107.0,84,1.0,Rural,Y
Male,Yes,3+,Graduate,No,3839,4264,145.0,360,1.0,Rural,Y
Female,Yes,0,Not Graduate,No,2721,1970,132.0,360,0.0,Urban,N
Male,Yes,3+,Graduate,Yes,4210,4047,79.0,36,1.0,Semiurban,Y
Male,No,0,Graduate,No,4436,0,106.0,360,1.0,Urban,Y
Male,Yes,0,Graduate,Yes,4076,1348,56.0,360,1.0,Semiurban,Y
Male,Yes,0,Graduate,No,7527,1737,125.0,60,1.0,Rural,Y
Female,Yes,2,Not Graduate,No,6077,2892,206.0,360,1.0,Urban,Y
Male,No,0,Graduate,No,2221,0,59.0,360,1.0,Urban,Y
Male,Yes,2,Graduate,No,8437,3401,127.0,60,1.0,Urban,Y
Male,No,1,Not Graduate,No,1500,0,158.0,180,1.0,Urban,N
Male,Yes,0,Not Graduate,No,11136,2512,168.0,180,1.0,Urban,Y
Male,Yes,3+,Graduate,No,3717,4742,90.0,180,1.0,Rural,Y
Male,Yes,0,Graduate,No,3884,2474,78.0,360,1.0,Urban,Y
Female,Yes,2,Graduate,No,4117,2085,,360,1.0,Semiurban,Y
Female,Yes,0,Graduate,No,5030,1901,195.0,180,1.0,Rural,Y
Male,Yes,0,Graduate,No,4229,1843,61.0,360,0.0,Semiurban,N
Female,Yes,0,Not Graduate,Yes,3983,2409,74.0,120,0.0,Semiurban,N
Male,No,0,Graduate,No,7623,0,101.0,360,1.0,Urban,Y
Male,Yes,0,Graduate,No,5456,1384,82.0,360,1.0,Semiurban,Y
Male,No,0,Graduate,,2747,0,119.0,360,0.0,Urban,N
Male,Yes,0,Graduate,No,5903,4320,213.0,360,1.0,Rural,Y
Male,Yes,0,Not Graduate,,5355,1422,75.0,60,1.0,Urban,Y
Male,Yes,0,Graduate,No,3309,2274,114.0,360,0.0,Semiurban,N
Male,Yes,2,Graduate,No,6041,1400,121.0,360,1.0,Semiurban,Y
Male,Yes,1,Graduate,No,3940,729,106.0,360,1.0,Semiurban,Y
Male,Yes,2,Graduate,Yes,3828,2250,64.0,360,1.0,Urban,Y
Male,No,1,Not Graduate,No,3781,0,94.0,360,1.0,Urban,Y
Male,No,1,Graduate,No,1500,0,94.0,360,1.0,Rural,N
Male,Yes,1,Graduate,Yes,3337,821,156.0,180,1.0,Urban,Y
Male,No,0,Graduate,No,5830,0,143.0,120,1.0,Urban,Y
Male,No,1,Graduate,No,4187,0,65.0,84,0.0,Semiurban,N
Female,Yes,0,Graduate,No,2372,415,104.0,84,1.0,Rural,Y
Male,No,2,Graduate,No,6529,0,99.0,360,0.0,Urban,N
Male,Yes,2,Not Graduate,No,3698,2726,265.0,180,1.0,Semiurban,Y
Female,Yes,0,Graduate,No,2441,4050,136.0,360,1.0,Semiurban,Y
Male,Yes,2,Graduate,No,11415,5733,78.0,360,1.0,Urban,Y
Male,Yes,0,Not Graduate,No,2633,2952,89.0,360,1.0,Semiurban,Y
Male,Yes,0,Not Graduate,No,6284,3498,104.0,360,1.0,Rural,Y
Female,Yes,0,Not Graduate,No,2992,924,140.0,360,1.0,Rural,Y
Male,No,2,Not Graduate,No,4496,0,147.0,360,1.0,Urban,Y
Male,No,2,Graduate,No,2818,0,131.0,36,1.0,Semiurban,N
Male,No,2,Graduate,No,2421,0,111.0,84,1.0,Semiurban,N
Male,No,0,Graduate,No,5350,0,115.0,360,0.0,Urban,N
Male,No,0,Graduate,No,5076,0,115.0,360,1.0,Semiurban,Y
Male,Yes,1,Not Graduate,,7080,4827,59.0,360,1.0,Urban,Y
Male,Yes,0,Graduate,No,4165,1825,118.0,360,1.0,Urban,Y
Female,Yes,1,Graduate,No,11489,1276,96.0,360,1.0,Urban,Y
Male,No,0,Not Graduate,No,4773,0,62.0,120,0.0,Urban,N
Male,Yes,0,Graduate,Yes,5459,3422,319.0,360,1.0,Semiurban,Y
Female,No,0,Graduate,No,2295,0,137.0,360,1.0,Urban,N
Male,Yes,1,Graduate,No,3208,330,122.0,36,1.0,Semiurban,Y
Male,Yes,0,Graduate,Yes,5344,3417,104.0,360,1.0,Urban,Y
Male,No,0,Graduate,No,4072,0,162.0,360,1.0,Semiurban,Y
Female,Yes,0,Not Graduate,No,4602,2020,76.0,360,1.0,Rural,Y
Female,Yes,0,Graduate,No,2929,912,107.0,360,1.0,Urban,Y
Male,Yes,0,Not Graduate,No,4468,716,83.0,84,1.0,Semiurban,Y
Female,Yes,0,Graduate,No,4461,1365,162.0,180,1.0,Semiurban,Y
Male,No,1,Graduate,No,2486,0,87.0,360,0.0,Semiurban,N
Female,Yes,0,Graduate,No,5648,1406,188.0,360,1.0,Urban,Y
Female,Yes,2,Graduate,No,1968,3429,116.0,84,1.0,Semiurban,Y
Male,Yes,1,Not Graduate,No,4595,1127,165.0,360,1.0,Urban,Y
Male,No,0,Graduate,No,9362,0,142.0,360,0.0,Urban,N
Male,Yes,0,Not Graduate,Yes,5745,3047,185.0,60,0.0,Semiurban,N
Male,Yes,2,Not Graduate,Yes,5729,1593,83.0,120,1.0,Urban,Y
Male,No,0,Not Graduate,No,2824,0,174.0,120,1.0,Semiurban,N
Male,Yes,0,Graduate,No,9377,1358,57.0,180,1.0,Semiurban,Y
Female,No,0,Not Graduate,No,7859,0,123.0,360,1.0,Semiurban,Y
Male,Yes,1,Graduate,No,2893,2471,97.0,60,1.0,Urban,Y
Male,Yes,1,Graduate,No,3416,2671,69.0,360,0.0,Rural,N
Female,Yes,3+,Graduate,No,7439,2289,84.0,360,1.0,Semiurban,Y
Female,No,2,Not Graduate,,9492,0,94.0,360,0.0,Urban,N
Male,No,0,Graduate,No,2394,0,,360,1.0,Urban,Y
Female,Yes,0,Graduate,Yes,2692,5205,98.0,360,0.0,Semiurban,N
Male,Yes,0,Graduate,No,3965,851,125.0,360,1.0,Rural,Y
Female,No,0,Graduate,No,1592,0,87.0,360,1.0,Semiurban,N
Male,No,0,Graduate,No,4266,0,100.0,360,0.0,Semiurban,N
Male,No,0,Not Graduate,No,7212,0,108.0,360,,Urban,Y
Male,Yes,0,Graduate,No,2214,3540,130.0,360,0.0,Semiurban,N
Male,No,0,Not Graduate,No,4479,0,170.0,360,0.0,Urban,N
Male,Yes,0,Graduate,No,3255,4574,170.0,360,1.0,Semiurban,Y
Male,Yes,3+,Not Graduate,No,8848,6091,133.0,360,1.0,Urban,Y
Male,Yes,1,Graduate,No,3273,3838,144.0,360,1.0,Urban,Y
Female,No,3+,Graduate,No,8379,0,137.0,360,1.0,Urban,Y
Male,Yes,0,Graduate,No,3232,3160,107.0,360,1.0,Rural,Y
Male,Yes,0,Graduate,No,5985,5364,,360,1.0,Semiurban,Y
Male,No,0,Not Graduate,No,4738,0,84.0,36,0.0,Urban,N
Male,Yes,0,Graduate,No,3974,858,53.0,360,1.0,Rural,Y
Female,No,0,Not Graduate,No,2963,0,80.0,120,1.0,Urban,Y
Female,No,3+,Not Graduate,No,4892,0,212.0,180,0.0,Urban,N
Male,Yes,3+,Graduate,No,3469,2033,107.0,360,0.0,Urban,N
Male,No,0,Graduate,No,3101,0,135.0,360,,Urban,Y
Female,No,0,Graduate,No,8206,0,108.0,360,1.0,Urban,Y
Male,No,0,Graduate,No,5412,0,152.0,360,1.0,Semiurban,Y
Female,No,0,Graduate,No,5651,0,124.0,180,1.0,Semiurban,Y
Male,No,0,Not Graduate,No,3546,0,118.0,120,1.0,Semiurban,Y
Female,Yes,0,Graduate,No,3890,3601,155.0,360,1.0,Semiurban,Y
Male,Yes,0,Graduate,Yes,3782,1259,100.0,360,1.0,Semiurban,Y
Male,No,0,Graduate,No,4923,0,141.0,360,1.0,Urban,Y
Female,Yes,0,Graduate,No,5646,5089,113.0,360,0.0,Semiurban,Y
Male,Yes,0,Not Graduate,No,4172,738,116.0,360,1.0,Semiurban,Y
Male,No,0,Not Graduate,No,2961,0,87.0,360,1.0,Rural,Y
Male,No,3+,Graduate,No,5956,0,111.0,360,1.0,Urban,Y
Male,Yes,0,Not Graduate,No,4294,1792,97.0,60,0.0,Urban,N
Male,No,2,Graduate,No,2211,0,190.0,180,1.0,Semiurban,N
Male,No,2,Graduate,No,1618,0,61.0,360,1.0,Semiurban,Y
Male,Yes,3+,Graduate,No,4837,987,173.0,360,,Urban,Y
Male,No,2,Not Graduate,No,2912,0,60.0,360,1.0,Semiurban,Y
Male,Yes,1,Graduate,No,5135,4184,150.0,120,1.0,Urban,Y
Male,Yes,2,Graduate,No,2983,1598,86.0,360,1.0,Rural,Y
Male,Yes,0,Graduate,No,4491,2812,152.0,360,0.0,Urban,N
Male,Yes,0,Graduate,Yes,3567,1493,115.0,84,1.0,Urban,Y
Male,Yes,3+,Not Graduate,Yes,9305,995,,360,1.0,Urban,Y
Male,No,2,Graduate,No,6487,0,209.0,360,1.0,Semiurban,Y
Male,No,3+,Graduate,Yes,7756,0,165.0,36,1.0,Urban,Y
Male,Yes,2,Graduate,No,4276,1733,148.0,360,0.0,Semiurban,N
Male,No,2,Graduate,No,6124,0,94.0,180,1.0,Rural,Y
Male,Yes,1,Graduate,No,4408,1122,168.0,36,1.0,Urban,Y
Male,Yes,2,Graduate,Yes,8195,3775,72.0,360,1.0,Semiurban,Y
Male,No,0,Graduate,No,4094,0,49.0,84,1.0,Urban,Y
Male,Yes,3+,Graduate,No,2255,3151,,360,1.0,Semiurban,Y
Male,Yes,2,Graduate,No,1720,1598,84.0,84,,Urban,Y
Male,No,2,Graduate,No,8961,0,89.0,360,1.0,Urban,Y
Female,Yes,1,Graduate,No,5246,5122,102.0,12,1.0,Semiurban,Y
Male,No,0,Graduate,Yes,5404,0,103.0,180,1.0,Urban,Y
Male,Yes,0,Graduate,No,8269,6609,93.0,180,1.0,Rural,Y
Male,Yes,3+,Graduate,No,2011,1250,52.0,120,0.0,Semiurban,N
Male,Yes,1,Graduate,No,3599,1185,131.0,360,1.0,Semiurban,Y
Male,Yes,0,Not Graduate,No,3803,2165,109.0,360,1.0,Rural,Y
Male,Yes,0,Graduate,No,5907,2550,91.0,360,0.0,Rural,N
Female,Yes,2,Not Graduate,No,3097,1834,212.0,360,1.0,Semiurban,Y
Male,No,2,Not Graduate,No,2463,0,110.0,360,0.0,Semiurban,N
Female,No,2,Graduate,No,2453,0,124.0,84,1.0,Urban,N
Male,Yes,1,Graduate,No,7095,1892,167.0,360,1.0,Semiurban,Y
Male,Yes,0,Graduate,No,3028,963,66.0,360,0.0,Semiurban,N
Male,Yes,0,Graduate,No,3299,1032,120.0,120,0.0,Rural,N
Male,No,0,Not Graduate,No,5628,0,166.0,360,1.0,Urban,Y
Male,No,2,Not Graduate,No,3088,0,117.0,180,1.0,Urban,Y
Male,Yes,0,Graduate,No,1964,1112,72.0,360,1.0,Urban,Y
Male,No,1,Graduate,Yes,2076,0,100.0,360,0.0,Rural,N
Female,Yes,0,Not Graduate,No,4123,8458,131.0,180,0.0,Urban,Y
Female,Yes,0,Graduate,Yes,5291,1494,52.0,360,1.0,Semiurban,Y
Male,Yes,3+,Not Graduate,Yes,3862,2626,70.0,360,1.0,Semiurban,Y
Male,Yes,0,Graduate,No,5134,6158,267.0,180,1.0,Urban,Y
Male,Yes,2,Graduate,No,2047,1129,147.0,360,1.0,Semiurban,Y
Male,Yes,0,Graduate,No,2110,1659,219.0,360,1.0,Semiurban,Y
Male,No,0,Graduate,No,11664,0,171.0,36,1.0,Urban,Y
Male,Yes,0,Graduate,Yes,7366,803,142.0,180,0.0,Semiurban,N
Male,Yes,0,Graduate,No,5979,5123,107.0,360,1.0,Rural,Y
Male,Yes,2,Graduate,No,3143,1406,141.0,360,0.0,Rural,N
Female,Yes,0,Graduate,No,3800,1181,217.0,180,0.0,Semiurban,N
Male,Yes,0,Graduate,No,4226,1530,169.0,360,,Semiurban,Y
Female,Yes,0,Graduate,No,7642,3488,129.0,360,1.0,Urban,Y
Male,Yes,1,Graduate,No,5070,2138,113.0,360,1.0,Rural,Y
Male,Yes,2,Graduate,No,5359,1242,148.0,360,0.0,Urban,N
Male,Yes,0,Graduate,No,3922,2554,98.0,360,0.0,Semiurban,N
Male,Yes,1,Graduate,No,6043,3253,148.0,180,1.0,Urban,Y
Male,No,2,Graduate,No,4846,0,91.0,360,0.0,Urban,N
Male,No,1,Graduate,No,4314,0,105.0,360,1.0,Urban,Y
Male,Yes,0,Graduate,No,3027,3675,80.0,360,1.0,Semiurban,Y
Male,Yes,1,Graduate,No,4019,1794,101.0,120,0.0,Semiurban,Y
Male,Yes,1,Graduate,No,2602,5244,92.0,360,1.0,Semiurban,Y
Male,Yes,2,Graduate,No,4154,1268,239.0,360,0.0,Urban,N
Male,Yes,1,Not Graduate,No,4402,1250,84.0,360,1.0,Rural,Y
Male,Yes,3+,Graduate,No,1500,1161,141.0,360,1.0,Urban,N
Male,Yes,0,Graduate,No,3813,1731,83.0,360,1.0,Urban,Y
Male,No,3+,Not Graduate,,2492,0,123.0,360,1.0,Semiurban,N
Female,Yes,0,Graduate,No,5294,902,136.0,360,1.0,Rural,Y
Male,Yes,1,Not Graduate,No,5634,2117,57.0,60,1.0,Urban,Y
Male,Yes,0,Graduate,No,3491,2805,69.0,180,0.0,Semiurban,Y
Male,No,0,Graduate,No,5415,0,82.0,120,1.0,Semiurban,Y
Male,No,2,Graduate,No,5519,0,72.0,360,1.0,Rural,Y
Male,Yes,1,Graduate,No,3814,2808,125.0,60,1.0,Urban,Y
Male,No,0,Graduate,No,8437,0,133.0,360,1.0,Semiurban,Y
Male,Yes,0,Graduate,No,3052,1653,79.0,360,0.0,Urban,N
Female,No,0,Graduate,No,8201,0,127.0,360,1.0,Urban,Y
Male,No,3+,Not Graduate,No,3822,0,102.0,84,1.0,Urban,Y
Male,Yes,2,Graduate,No,2894,2601,116.0,360,1.0,Rural,Y
Male,No,0,Graduate,No,3611,0,94.0,360,1.0,Urban,Y
Female,Yes,2,Graduate,No,2579,1479,147.0,36,1.0,Rural,Y
Male,Yes,3+,Graduate,No,6021,3451,233.0,360,0.0,Urban,N
Male,Yes,0,Graduate,Yes,2056,3944,165.0,360,1.0,Rural,Y
Male,No,1,Graduate,No,7905,0,212.0,360,1.0,Semiurban,Y
Female,Yes,0,Graduate,No,2776,3450,69.0,360,0.0,Urban,N
Female,Yes,1,Graduate,Yes,6164,1388,92.0,84,1.0,Semiurban,Y
Male,No,0,Not Graduate,No,4276,0,152.0,360,1.0,Urban,Y
Female,Yes,0,Graduate,No,4778,1822,222.0,360,0.0,Semiurban,N
Female,Yes,0,Graduate,Yes,3243,3622,157.0,360,0.0,Semiurban,N
Male,Yes,0,Graduate,Yes,4958,2405,80.0,360,1.0,Semiurban,Y
Male,Yes,2,Graduate,Yes,4495,2367,102.0,360,1.0,Semiurban,Y
Male,Yes,0,Graduate,No,2195,2468,138.0,360,1.0,Rural,Y
Female,Yes,0,Graduate,No,2743,2645,113.0,36,0.0,Urban,N
Male,No,2,Not Graduate,No,3316,0,88.0,360,1.0,Rural,Y
Female,No,0,Graduate,No,3011,0,108.0,180,1.0,Rural,Y
Male,Yes,0,Graduate,Yes,7433,1345,120.0,60,1.0,Urban,Y
Male,Yes,3+,Graduate,No,4243,2953,78.0,360,1.0,Urban,Y
Male,Yes,2,Graduate,No,2979,3341,180.0,360,0.0,Semiurban,N
Male,Yes,0,Graduate,No,3391,3039,101.0,360,1.0,Semiurban,Y
Female,Yes,0,Graduate,No,3371,3135,118.0,360,1.0,Urban,Y
Female,Yes,3+,Graduate,No,3715,2641,183.0,120,1.0,Urban,Y
Female,No,0,Graduate,No,2607,0,115.0,360,1.0,Semiurban,Y
Male,Yes,0,Graduate,Yes,2932,511,179.0,12,1.0,Semiurban,N
Male,Yes,0,Graduate,No,5972,3335,80.0,84,1.0,Urban,Y
Male,No,0,Graduate,No,4598,0,144.0,60,1.0,Rural,Y
Male,No,2,Graduate,Yes,3949,0,169.0,360,0.0,Semiurban,N
Male,Yes,2,Graduate,No,4235,1286,87.0,360,1.0,Urban,Y
Male,No,3+,Graduate,No,4144,0,113.0,360,0.0,Semiurban,N
Male,Yes,2,Graduate,No,3850,1145,114.0,180,1.0,Urban,Y
Female,No,0,Graduate,No,5338,0,132.0,360,1.0,Semiurban,Y
Male,Yes,0,Graduate,No,5163,2212,146.0,120,1.0,Urban,Y
Male,No,3+,Not Graduate,No,2085,0,84.0,360,1.0,Urban,Y
Male,No,0,Graduate,No,3987,0,118.0,360,1.0,Urban,Y
Male,No,0,Not Graduate,No,2148,0,229.0,360,0.0,Urban,N
Male,No,3+,Graduate,Yes,5630,0,185.0,360,1.0,Semiurban,Y
Female,Yes,1,Graduate,No,5975,2370,166.0,360,1.0,Semiurban,Y
Female,Yes,0,Graduate,No,3213,5422,112.0,360,1.0,Urban,Y
Female,Yes,2,Graduate,No,4013,4020,284.0,360,1.0,Urban,Y
Female,No,3+,Not Graduate,No,1635,0,183.0,180,0.0,Rural,N
Male,No,0,Graduate,No,6553,0,123.0,360,1.0,Urban,Y
Male,Yes,2,Graduate,No,5821,3303,132.0,120,1.0,Urban,Y
Male,No,0,Graduate,No,7097,0,101.0,120,1.0,Semiurban,Y
Male,No,0,Graduate,No,8258,0,142.0,360,1.0,Rural,Y
Male,No,3+,Graduate,No,2438,0,154.0,360,1.0,Rural,N
Male,No,3+,Graduate,No,6308,0,160.0,360,1.0,Semiurban,Y
Male,Yes,0,Graduate,No,8231,1355,,360,1.0,Urban,Y
Male,Yes,0,Not Graduate,No,2159,1956,67.0,120,1.0,Semiurban,Y
Male,Yes,0,Graduate,No,3916,1974,133.0,12,1.0,Urban,Y
Male,Yes,1,Graduate,No,3592,2230,161.0,360,1.0,Urban,Y
Male,Yes,0,Graduate,No,6216,2971,82.0,60,1.0,Semiurban,Y
Male,No,0,Not Graduate,No,1500,0,117.0,180,1.0,Semiurban,N
Male,No,0,Graduate,No,9577,0,207.0,360,1.0,Urban,Y
Male,Yes,0,Graduate,No,4021,654,75.0,360,1.0,Urban,Y
Male,Yes,0,Not Graduate,No,6388,2125,108.0,360,0.0,Rural,N
Male,Yes,2,Graduate,No,4117,1818,220.0,360,0.0,Rural,N
Female,Yes,0,Graduate,No,5278,1304,129.0,360,1.0,Semiurban,Y
Male,Yes,0,Graduate,No,1500,2074,98.0,360,0.0,Semiurban,N
Male,Yes,2,Not Graduate,No,3557,3339,121.0,360,0.0,Rural,N
Male,Yes,2,Not Graduate,Yes,6194,3893,169.0,180,1.0,Semiurban,Y
Male,Yes,0,Not Graduate,Yes,4817,795,112.0,360,0.0,Semiurban,N
Female,Yes,0,Graduate,No,2025,1609,154.0,360,1.0,Urban,Y
Male,Yes,1,Graduate,No,4348,3556,133.0,360,1.0,Urban,Y
Male,Yes,0,Graduate,No,2926,5206,137.0,360,0.0,Semiurban,N
Male,Yes,2,Not Graduate,No,2814,1223,158.0,60,1.0,Urban,Y
Male,Yes,0,Not Graduate,No,2133,4568,107.0,180,1.0,Urban,Y
Male,No,0,Graduate,No,5588,0,83.0,360,0.0,Semiurban,Y
Male,Yes,0,Graduate,No,6980,3979,146.0,180,1.0,Urban,Y
Male,Yes,2,Graduate,No,10982,1687,115.0,360,1.0,Rural,Y
Male,No,3+,Graduate,No,2179,0,101.0,360,1.0,Urban,N
Male,Yes,0,Graduate,No,5974,1512,149.0,12,1.0,Semiurban,Y
Male,No,0,Graduate,No,6154,0,202.0,360,0.0,Semiurban,N
Male,Yes,0,Graduate,No,3257,1844,114.0,60,0.0,Semiurban,N
Male,Yes,0,Graduate,Yes,2799,794,121.0,60,,Urban,Y
Male,Yes,2,Not Graduate,Yes,2595,694,75.0,360,1.0,Semiurban,Y
Male,Yes,0,Not Graduate,No,3336,2713,111.0,360,1.0,Rural,Y
Male,Yes,3+,Not Graduate,No,4634,3615,132.0,360,1.0,Rural,Y
Female,Yes,1,Graduate,No,7801,2877,120.0,120,1.0,Semiurban,Y
Male,Yes,3+,Graduate,No,6956,941,105.0,84,1.0,Rural,Y
Male,Yes,2,Graduate,No,2044,2665,162.0,120,1.0,Urban,Y
Male,Yes,0,Not Graduate,No,2966,1103,124.0,360,0.0,Rural,N
Male,No,0,Graduate,No,7591,0,342.0,120,0.0,Rural,N
Male,Yes,0,Graduate,No,3044,3939,,180,1.0,Semiurban,Y
Male,Yes,0,Graduate,No,4123,2491,40.0,360,1.0,Semiurban,Y
Male,Yes,0,Not Graduate,No,1963,4822,77.0,360,1.0,Semiurban,Y
Female,No,0,Graduate,No,7107,0,150.0,180,0.0,Urban,N
Male,Yes,3+,Graduate,No,1788,1754,93.0,180,0.0,Rural,N
Male,Yes,0,Graduate,No,2019,2080,96.0,360,1.0,Semiurban,Y
Female,Yes,2,Not Graduate,No,6787,892,74.0,360,1.0,Semiurban,Y
Male,Yes,3+,Graduate,No,10036,1569,100.0,360,1.0,Semiurban,Y
Female,No,2,Graduate,No,3711,0,131.0,180,1.0,Rural,Y
Male,No,0,Graduate,No,4141,0,141.0,36,0.0,Semiurban,N
Female,Yes,0,Graduate,No,6365,2347,80.0,36,1.0,Urban,Y
Male,Yes,0,Graduate,No,4818,822,167.0,360,0.0,Semiurban,N
Male,No,0,Graduate,No,3576,0,75.0,60,1.0,Rural,Y
Female,Yes,0,Graduate,Yes,3400,3941,144.0,360,1.0,Semiurban,Y
Male,No,2,Not Graduate,No,2090,0,139.0,84,1.0,Rural,N
Male,No,0,Graduate,No,4697,0,83.0,360,1.0,Rural,Y
Male,Yes,0,Not Graduate,No,4058,1596,79.0,120,1.0,Semiurban,Y
Male,No,3+,Graduate,No,3473,0,141.0,360,0.0,Urban,N
Male,Yes,0,Graduate,No,2695,5089,97.0,84,1.0,Urban,Y
Male,No,0,Not Graduate,No,2820,0,112.0,360,1.0,Semiurban,Y
Male,Yes,2,Graduate,Yes,5587,2908,159.0,360,0.0,Semiurban,N
Male,Yes,0,Graduate,No,6290,2069,147.0,360,1.0,Rural,Y
Male,Yes,1,Graduate,No,3651,1871,84.0,360,1.0,Rural,Y
Male,No,0,Graduate,No,3482,0,118.0,360,0.0,Urban,N
Male,Yes,2,Graduate,No,2880,3043,83.0,360,0.0,Semiurban,N
Male,Yes,0,Graduate,No,6448,1288,172.0,360,0.0,Semiurban,N
Male,Yes,0,Not Graduate,No,4289,1013,224.0,120,1.0,Urban,Y
Male,Yes,1,Graduate,No,4991,2089,86.0,12,0.0,Semiurban,Y
Male,Yes,0,Graduate,Yes,4970,2243,120.0,360,0.0,Rural,N
Male,Yes,0,Graduate,,3683,668,175.0,360,1.0,Urban,Y
Male,Yes,0,Not Graduate,No,2503,1985,122.0,360,1.0,Urban,Y
Female,Yes,0,Graduate,No,2701,957,152.0,360,1.0,Urban,Y
Male,Yes,0,Graduate,No,7027,2910,124.0,84,1.0,Urban,Y
Male,Yes,1,Graduate,No,3051,677,79.0,360,0.0,Semiurban,N
Male,Yes,1,Not Graduate,No,3516,6342,127.0,360,1.0,Urban,Y
Female,No,1,Graduate,Yes,2538,0,190.0,360,1.0,Rural,N
Female,Yes,0,Graduate,Yes,2447,1189,137.0,120,1.0,Urban,Y
Male,No,0,Graduate,No,2992,0,232.0,36,1.0,Semiurban,N
Male,No,2,Not Graduate,No,9043,0,59.0,360,1.0,Urban,Y
Female,Yes,2,Graduate,No,5688,3409,141.0,36,1.0,Rural,Y
Male,Yes,0,Not Graduate,No,3337,1694,93.0,360,1.0,Semiurban,Y
Male,No,0,Graduate,Yes,6886,0,85.0,360,1.0,Rural,Y
Male,Yes,0,Graduate,No,3949,965,207.0,36,1.0,Rural,Y
Male,Yes,0,Graduate,No,7781,2372,109.0,180,1.0,Semiurban,Y
Female,No,1,Graduate,No,11444,0,105.0,360,1.0,Rural,Y
Female,Yes,0,Graduate,No,6718,3906,139.0,360,1.0,Urban,Y
Male,No,1,Graduate,No,4414,0,51.0,360,1.0,Semiurban,Y
Male,Yes,0,Graduate,No,5794,3570,208.0,180,1.0,Urban,Y
Female,No,0,Graduate,No,4258,0,260.0,84,0.0,Rural,N
Male,Yes,2,Graduate,No,1851,4081,175.0,360,1.0,Rural,Y
Male,Yes,0,Graduate,No,3150,3474,143.0,180,1.0,Rural,Y
Female,Yes,0,Not Graduate,No,2756,1231,111.0,360,1.0,Urban,Y
Male,Yes,3+,Graduate,No,3119,3560,79.0,360,0.0,Urban,N
Male,No,2,Graduate,No,9482,0,195.0,360,1.0,Urban,Y
Male,Yes,2,Graduate,,7009,2952,175.0,360,1.0,Urban,Y
Female,No,0,Graduate,No,5158,0,145.0,360,1.0,Urban,Y
Male,Yes,0,Graduate,Yes,6097,2477,138.0,360,0.0,Semiurban,N
Male,Yes,3+,Not Graduate,No,1805,1878,137.0,360,1.0,Rural,N
Male,Yes,0,Not Graduate,No,5870,1051,98.0,360,1.0,Semiurban,Y
Male,Yes,2,Graduate,No,6456,1672,330.0,360,0.0,Semiurban,N
Male,Yes,0,Graduate,No,1543,2270,108.0,360,0.0,Semiurban,N
Male,Yes,0,Graduate,No,5969,2360,102.0,360,1.0,Semiurban,Y
Male,No,3+,Graduate,No,2228,0,190.0,360,1.0,Rural,N
Male,No,0,Graduate,No,1743,0,120.0,360,1.0,Semiurban,N
Female,Yes,0,Graduate,Yes,7683,3358,120.0,12,0.0,Urban,Y
Male,Yes,0,Graduate,Yes,2688,1925,213.0,360,1.0,Semiurban,Y
Female,Yes,0,Graduate,No,3065,1201,159.0,360,1.0,Rural,Y
Male,Yes,0,Graduate,Yes,6603,2514,162.0,180,1.0,Semiurban,Y
Female,Yes,0,Graduate,No,3687,7690,68.0,360,0.0,Semiurban,Y
Male,Yes,0,Graduate,No,3900,2422,142.0,360,0.0,Urban,N
Male,No,2,Graduate,No,3862,0,81.0,360,1.0,Urban,Y
Female,No,0,Graduate,No,4946,0,101.0,360,1.0,Rural,Y
Male,Yes,3+,Not Graduate,No,3820,2856,130.0,60,0.0,Urban,N
Male,Yes,0,Not Graduate,Yes,4453,2837,119.0,360,1.0,Urban,Y
Male,Yes,1,Graduate,No,3372,4553,157.0,360,0.0,Semiurban,Y
Male,No,0,Graduate,No,4955,0,165.0,360,0.0,Rural,N
Male,Yes,2,Graduate,No,4871,4425,170.0,360,0.0,Urban,Y
Male,Yes,3+,Graduate,No,9937,2294,70.0,360,1.0,Rural,Y
Male,No,2,Graduate,No,3563,0,312.0,360,1.0,Urban,N
Male,Yes,1,Graduate,No,3893,4121,120.0,180,1.0,Rural,Y
Male,Yes,0,Graduate,No,4710,3474,197.0,120,1.0,Rural,Y
Male,Yes,2,Graduate,No,6528,3208,44.0,360,1.0,Urban,Y
Male,Yes,3+,Not Graduate,No,2588,7949,109.0,360,1.0,Urban,Y
Male,Yes,3+,Graduate,No,4432,3812,67.0,120,1.0,Urban,Y
Male,Yes,0,Graduate,No,1500,1200,86.0,12,0.0,Semiurban,N
Male,Yes,3+,Graduate,Yes,3743,2315,123.0,360,1.0,Urban,Y
Male,Yes,0,Graduate,No,6854,1704,106.0,60,1.0,Urban,Y
Female,No,0,Graduate,No,3051,0,205.0,360,1.0,Urban,N
Female,Yes,0,Graduate,No,4580,4233,246.0,120,1.0,Urban,Y
Male,Yes,0,Graduate,No,3334,6762,82.0,360,0.0,Urban,Y
Male,No,2,Not Graduate,No,2873,0,99.0,60,0.0,Rural,N
Female,No,2,Graduate,No,6549,0,80.0,360,1.0,Rural,Y
Female,No,2,Not Graduate,No,2642,0,192.0,180,1.0,Semiurban,N
Male,Yes,1,Graduate,No,4826,768,129.0,360,0.0,Semiurban,N
Female,Yes,0,Graduate,No,4859,1574,123.0,84,1.0,Semiurban,Y
Male,No,1,Graduate,No,2883,0,137.0,12,1.0,Semiurban,Y
Male,No,0,Graduate,No,4537,0,107.0,360,1.0,Semiurban,Y
Male,Yes,2,Graduate,No,2777,1978,86.0,360,0.0,Semiurban,N
Male,No,1,Graduate,No,5349,0,124.0,360,1.0,Semiurban,Y
Male,Yes,1,Graduate,No,2340,3320,109.0,360,1.0,Semiurban,Y
Male,No,0,Graduate,No,3630,0,139.0,60,0.0,Urban,N
Male,No,2,Graduate,No,3775,0,63.0,360,1.0,Urban,Y
Female,No,0,Graduate,,6980,0,130.0,360,0.0,Urban,Y
Female,No,0,Graduate,Yes,4505,0,92.0,180,1.0,Semiurban,Y
Male,No,2,Not Graduate,No,6501,0,,360,1.0,Urban,Y
Female,Yes,0,Not Graduate,No,5429,1030,174.0,360,1.0,Semiurban,Y
Female,Yes,2,Graduate,Yes,5413,680,97.0,360,0.0,Semiurban,N
Male,Yes,0,Graduate,No,3643,6490,196.0,360,,Rural,Y
Male,Yes,0,Graduate,No,6696,2057,60.0,360,1.0,Urban,Y
Male,No,2,Not Graduate,No,3603,0,225.0,360,1.0,Semiurban,Y
Female,Yes,0,Graduate,No,1942,1207,199.0,360,1.0,Semiurban,Y
Male,Yes,0,Graduate,Yes,3840,1544,85.0,84,1.0,Semiurban,Y
Male,Yes,0,Graduate,No,5187,1254,85.0,360,1.0,Semiurban,Y
Male,No,0,Graduate,No,2052,0,66.0,84,1.0,Rural,Y
Male,Yes,1,Graduate,No,2840,3375,175.0,180,1.0,Urban,Y
Male,Yes,0,Graduate,Yes,2431,2806,106.0,360,1.0,Rural,Y
Male,Yes,2,Graduate,No,6027,3378,103.0,360,1.0,Rural,Y
Male,No,2,Graduate,No,8980,0,77.0,360,1.0,Semiurban,Y
Female,Yes,0,Not Graduate,No,3849,3883,250.0,84,1.0,Rural,Y
Female,No,1,Graduate,Yes,5373,0,82.0,60,1.0,Semiurban,Y
Male,Yes,1,Graduate,No,5310,1459,122.0,360,1.0,Semiurban,Y
Female,Yes,0,Graduate,No,8511,2149,132.0,120,1.0,Rural,Y
Male,No,0,Graduate,No,3153,0,103.0,360,0.0,Urban,N
Male,Yes,0,Graduate,No,3831,3176,95.0,360,1.0,Urban,Y
Male,Yes,1,Graduate,No,3628,2130,104.0,360,0.0,Urban,N
Female,Yes,1,Graduate,No,4376,2992,152.0,180,1.0,Semiurban,Y
Female,Yes,0,Graduate,Yes,13055,1391,105.0,360,1.0,Urban,Y
Male,Yes,2,Not Graduate,No,4289,2338,232.0,360,1.0,Rural,Y
Female,Yes,2,Graduate,No,2879,3543,89.0,120,1.0,Semiurban,Y
Male,Yes,1,Graduate,No,2516,1963,164.0,120,1.0,Rural,Y
Male,Yes,2,Graduate,No,7433,1269,60.0,84,1.0,Urban,Y
Male,No,0,Not Graduate,No,2873,0,89.0,360,1.0,Urban,Y
Male,No,2,Graduate,No,5702,0,87.0,360,0.0,Urban,N
Male,Yes,1,Not Graduate,Yes,3115,885,78.0,60,1.0,Urban,Y
Female,Yes,2,Graduate,No,2392,1418,136.0,360,1.0,Semiurban,Y
Male,Yes,0,Graduate,Yes,5554,866,116.0,120,1.0,Rural,Y
Male,Yes,0,Graduate,No,3184,951,48.0,360,1.0,Semiurban,Y
Male,Yes,0,Graduate,No,5122,1007,269.0,180,1.0,Semiurban,Y
Male,Yes,0,Graduate,No,5295,3540,130.0,180,1.0,Semiurban,Y
Female,Yes,1,Graduate,No,5408,4882,121.0,60,1.0,Urban,Y
Male,Yes,0,Graduate,No,3749,795,205.0,360,0.0,Semiurban,N
Male,Yes,2,Graduate,No,5760,5156,180.0,84,1.0,Urban,Y
Female,No,1,Graduate,No,2792,0,107.0,360,1.0,Rural,N
Male,Yes,1,Not Graduate,No,1500,3127,55.0,360,1.0,Semiurban,Y
Male,Yes,0,Not Graduate,Yes,5814,2333,152.0,360,0.0,Urban,N
Male,No,3+,Graduate,Yes,4557,0,82.0,360,1.0,Semiurban,Y
Male,Yes,2,Not Graduate,No,3214,992,199.0,360,1.0,Urban,Y
Male,Yes,2,Graduate,No,2181,673,89.0,36,1.0,Semiurban,Y
Male,Yes,0,Graduate,No,1691,1234,101.0,360,1.0,Rural,Y
Female,Yes,0,Graduate,,4329,2581,71.0,360,1.0,Rural,Y
Female,Yes,0,Graduate,No,8883,6464,73.0,36,1.0,Urban,Y
Male,No,0,Graduate,No,3974,0,116.0,360,,Urban,Y
Male,Yes,0,Graduate,No,3595,1883,112.0,360,1.0,Semiurban,Y
Female,Yes,1,Graduate,No,4184,1274,100.0,360,1.0,Rural,Y
Male,No,1,Graduate,No,11278,0,276.0,360,1.0,Rural,Y
Male,No,0,Not Graduate,No,5933,0,154.0,360,1.0,Urban,Y
Male,Yes,0,Not Graduate,Yes,2779,4909,122.0,360,1.0,Rural,Y
Female,No,2,Graduate,No,4284,0,40.0,180,0.0,Rural,N
Male,Yes,0,Graduate,No,4912,3464,169.0,120,1.0,Urban,Y
Male,Yes,2,Graduate,No,2629,1738,402.0,84,0.0,Rural,N
Male,Yes,0,Graduate,No,5952,2240,112.0,360,1.0,Urban,Y
Female,Yes,0,Graduate,No,2927,3933,87.0,360,1.0,Urban,Y
Male,No,0,Graduate,No,2143,0,129.0,360,1.0,Urban,N
Female,Yes,2,Graduate,,4377,2209,68.0,360,1.0,Semiurban,Y
Male,Yes,0,Graduate,No,4076,1240,146.0,120,1.0,Rural,Y
Male,Yes,2,Not Graduate,No,4228,1450,221.0,360,1.0,Semiurban,Y
Male,Yes,0,Not Graduate,No,2998,1088,92.0,36,1.0,Urban,Y
Male,Yes,0,Graduate,No,3192,1283,94.0,360,1.0,Urban,Y
Female,Yes,1,Graduate,No,7029,4233,117.0,360,0.0,Semiurban,Y
Male,No,0,Not Graduate,No,5158,0,99.0,360,,Semiurban,N
Male,Yes,2,Graduate,No,2750,945,66.0,360,1.0,Semiurban,Y
Male,Yes,0,Graduate,No,1758,2532,104.0,180,1.0,Urban,Y
Male,Yes,0,Graduate,No,2803,1651,96.0,36,0.0,Semiurban,N
Male,Yes,2,Graduate,No,4540,4620,209.0,360,1.0,Rural,Y
Male,Yes,3+,Not Graduate,No,3183,2166,,360,,Semiurban,Y
Female,No,0,Graduate,No,3073,0,212.0,360,1.0,Semiurban,N
Male,No,2,Graduate,No,3245,0,167.0,360,1.0,Rural,Y
Male,Yes,0,Graduate,No,4094,797,131.0,360,1.0,Semiurban,Y
Male,Yes,2,Graduate,No,6021,3154,85.0,180,0.0,Semiurban,Y
Male,No,1,Graduate,Yes,4229,0,206.0,180,1.0,Semiurban,Y
Male,Yes,0,Graduate,No,4349,2506,139.0,360,1.0,Urban,Y
Female,Yes,0,Graduate,No,3823,1394,73.0,360,1.0,Semiurban,Y
Male,Yes,0,Graduate,No,3378,1830,84.0,84,1.0,Rural,Y
Male,No,0,Graduate,No,6325,0,73.0,360,0.0,Urban,N
Male,Yes,0,Graduate,No,5908,3602,53.0,360,1.0,Rural,Y
Female,No,1,Graduate,Yes,10618,0,141.0,360,1.0,Semiurban,Y
Male,No,3+,Graduate,No,5567,0,74.0,360,1.0,Semiurban,Y
Male,Yes,0,Graduate,No,3380,867,89.0,360,1.0,Semiurban,Y
Male,No,0,Graduate,No,2815,0,123.0,360,0.0,Semiurban,N
Male,No,1,Graduate,No,6495,0,112.0,360,,Rural,Y
Male,Yes,3+,Not Graduate,No,2931,1690,91.0,120,0.0,Semiurban,N
Male,Yes,0,Graduate,No,6089,1342,223.0,360,1.0,Rural,Y
Female,Yes,0,Graduate,No,3005,1634,65.0,360,1.0,Semiurban,Y
Male,Yes,0,Graduate,No,4949,7972,67.0,120,1.0,Semiurban,Y
Female,Yes,0,Graduate,No,2625,4085,145.0,180,0.0,Rural,N
Male,Yes,0,Graduate,No,6008,3098,94.0,360,0.0,Urban,Y
Male,Yes,0,Graduate,No,2428,2421,93.0,12,1.0,Semiurban,Y
Male,No,0,Graduate,Yes,4783,0,78.0,360,0.0,Urban,N
Male,Yes,1,Graduate,No,3869,1159,139.0,120,1.0,Rural,Y
Male,Yes,0,Graduate,No,4428,1056,132.0,36,1.0,Semiurban,Y
Male,Yes,0,Graduate,No,3540,1421,127.0,180,1.0,Rural,Y
Male,Yes,0,Graduate,Yes,3502,1127,96.0,180,0.0,Rural,N
Male,Yes,3+,Graduate,No,4535,1387,89.0,60,1.0,Urban,Y
Female,Yes,2,Not Graduate,No,2694,1879,113.0,360,0.0,Urban,N
Male,Yes,0,Not Graduate,No,2687,1968,178.0,360,0.0,Semiurban,N
Female,No,0,Graduate,Yes,3599,0,227.0,180,1.0,Semiurban,N
Male,No,1,Graduate,No,3537,0,189.0,60,,Urban,Y
Male,Yes,0,Graduate,No,2690,1783,148.0,360,1.0,Urban,Y
Male,No,0,Graduate,No,6411,0,179.0,36,1.0,Semiurban,Y
Male,No,0,Graduate,No,3639,0,75.0,360,1.0,Urban,Y
Male,Yes,3+,Graduate,No,3819,3028,91.0,84,1.0,Rural,Y
Male,No,2,Graduate,Yes,2327,0,149.0,60,1.0,Rural,N
Female,No,1,Graduate,No,10745,0,115.0,360,1.0,Rural,Y
Female,Yes,0,Graduate,No,12609,1745,139.0,36,1.0,Urban,Y
Male,Yes,3+,Graduate,No,2977,1887,179.0,360,1.0,Urban,Y
Male,Yes,3+,Graduate,No,7344,2853,168.0,36,1.0,Semiurban,Y
Male,Yes,3+,Graduate,No,4058,3252,78.0,60,1.0,Rural,Y
Male,No,0,Graduate,Yes,8705,0,122.0,360,1.0,Urban,Y
Male,Yes,0,Graduate,No,4921,5798,84.0,360,1.0,Urban,Y
Female,No,1,Graduate,Yes,4424,0,89.0,360,1.0,Urban,Y
Male,No,0,Graduate,No,1500,0,61.0,360,1.0,Semiurban,Y
Male,Yes,0,Graduate,Yes,2848,1454,,360,1.0,Semiurban,Y
Male,No,0,Graduate,No,4269,0,59.0,360,1.0,Urban,Y
Male,Yes,2,Graduate,No,4625,4867,142.0,360,0.0,Semiurban,N
Male,Yes,2,Graduate,No,2448,869,209.0,360,1.0,Semiurban,Y
Male,Yes,0,Graduate,No,3047,1222,150.0,36,0.0,Semiurban,N
Male,Yes,2,Graduate,No,5426,1752,124.0,360,1.0,Semiurban,Y
Male,Yes,1,Graduate,No,2270,1212,224.0,180,1.0,Rural,N
Male,No,2,Graduate,Yes,4492,0,138.0,360,1.0,Semiurban,Y
Female,No,0,Graduate,No,7384,0,86.0,180,1.0,Semiurban,Y
Male,Yes,0,Not Graduate,No,5031,1670,127.0,60,1.0,Rural,Y
Male,No,0,Graduate,No,4919,0,266.0,360,1.0,Rural,Y
Male,No,0,Not Graduate,Yes,1704,0,78.0,360,1.0,Semiurban,N
Male,Yes,1,Graduate,No,2922,1031,69.0,180,1.0,Urban,Y
Male,Yes,0,Not Graduate,No,10661,3496,155.0,360,1.0,Rural,Y
Female,No,3+,Graduate,No,3230,0,111.0,360,0.0,Urban,N
Male,Yes,0,Not Graduate,No,7472,2282,98.0,360,1.0,Rural,Y
Male,Yes,0,Graduate,No,3213,1663,73.0,360,1.0,Urban,Y
Male,Yes,0,Graduate,No,3733,2691,55.0,180,0.0,Rural,N
Male,No,0,Graduate,No,5334,0,67.0,60,1.0,Semiurban,Y
Female,Yes,0,Not Graduate,No,4426,2292,231.0,360,1.0,Rural,Y
Female,Yes,2,Graduate,,5022,1066,121.0,360,0.0,Semiurban,N
Male,Yes,0,Graduate,No,2926,3217,55.0,360,1.0,Rural,Y
Male,No,1,Graduate,No,2536,0,195.0,36,1.0,Urban,N
Male,Yes,1,Graduate,Yes,2839,1370,199.0,60,0.0,Urban,N
Female,Yes,0,Graduate,No,3329,1949,198.0,360,1.0,Urban,Y
Male,No,1,Graduate,,3815,0,102.0,60,1.0,Rural,Y
Female,Yes,2,Not Graduate,No,6746,1595,109.0,36,1.0,Semiurban,Y
Male,No,0,Not Graduate,No,4399,0,128.0,360,1.0,Semiurban,Y
Male,No,0,Graduate,No,5260,0,212.0,180,1.0,Semiurban,Y
Male,No,3+,Graduate,No,4508,0,97.0,360,1.0,Rural,Y
Female,Yes,0,Graduate,No,2560,3513,89.0,360,0.0,Semiurban,N
Female,Yes,0,Graduate,No,4263,2322,160.0,360,1.0,Semiurban,Y
Male,No,3+,Graduate,No,4486,0,197.0,360,1.0,Semiurban,Y
Male,No,0,Graduate,No,5954,0,118.0,60,0.0,Semiurban,N
Male,Yes,0,Graduate,No,2615,433,158.0,120,1.0,Urban,Y
Male,No,2,Not Graduate,No,1688,0,127.0,360,1.0,Urban,N
Male,Yes,2,Not Graduate,Yes,4579,1091,109.0,360,1.0,Urban,Y
Male,Yes,0,Graduate,No,4960,1383,87.0,360,1.0,Urban,Y
Female,Yes,0,Not Graduate,No,3902,1205,76.0,360,1.0,Semiurban,Y
Male,No,2,Graduate,Yes,4283,0,95.0,120,1.0,Semiurban,Y
Female,Yes,2,Graduate,No,6282,3389,82.0,360,1.0,Rural,Y
Male,Yes,0,Graduate,No,3441,3811,136.0,360,1.0,Urban,Y
Male,No,0,Graduate,No,3731,0,197.0,360,1.0,Rural,Y
Male,Yes,0,Graduate,No,4383,1166,131.0,360,1.0,Semiurban,Y
Male,Yes,2,Graduate,No,2443,2070,84.0,180,1.0,Urban,Y
Male,Yes,2,Graduate,No,3950,5110,171.0,360,1.0,Semiurban,Y
Male,Yes,3+,Graduate,No,4110,772,136.0,180,0.0,Rural,N
Male,No,2,Graduate,No,8836,0,148.0,120,1.0,Urban,Y
Male,No,1,Graduate,No,3699,0,98.0,360,1.0,Semiurban,Y
Male,Yes,0,Graduate,No,4628,2383,191.0,36,0.0,Urban,N
Male,No,2,Graduate,No,6395,0,190.0,360,0.0,Urban,N
Female,Yes,2,Graduate,No,2901,2239,112.0,60,1.0,Semiurban,Y
Female,Yes,0,Graduate,No,7856,7608,161.0,360,1.0,Rural,Y
Male,Yes,0,Not Graduate,No,9355,1668,188.0,360,,Semiurban,N
Male,Yes,3+,Graduate,No,4175,747,100.0,360,1.0,Semiurban,Y
Male,Yes,0,Graduate,No,3318,2474,117.0,360,1.0,Rural,Y
Female,Yes,0,Graduate,No,8797,1804,125.0,36,1.0,Urban,Y
Male,Yes,1,Graduate,No,6051,2787,78.0,360,1.0,Semiurban,Y
Male,Yes,1,Graduate,No,4389,3392,144.0,180,0.0,Semiurban,Y
Male,Yes,0,Graduate,No,8039,1958,182.0,120,0.0,Rural,Y
Male,Yes,2,Not Graduate,No,7665,2596,114.0,360,1.0,Rural,Y
Male,No,0,Graduate,No,3636,0,139.0,36,0.0,Rural,N
Female,Yes,0,Graduate,No,4731,5855,212.0,360,1.0,Urban,Y
Male,Yes,0,Not Graduate,No,5483,1599,103.0,60,1.0,Semiurban,Y
Male,No,2,Graduate,,4285,0,140.0,180,1.0,Semiurban,Y
Male,No,3+,Not Graduate,No,2262,0,96.0,180,1.0,Semiurban,Y
Male,Yes,2,Graduate,No,2773,1144,95.0,360,1.0,Semiurban,Y
Female,Yes,3+,Graduate,No,2295,2528,139.0,120,1.0,Urban,Y
Male,No,0,Graduate,No,5280,0,133.0,360,1.0,Urban,Y
Female,Yes,0,Graduate,No,2482,1880,151.0,360,0.0,Urban,N
Male,No,1,Graduate,No,4612,0,125.0,360,1.0,Rural,Y
Male,No,0,Graduate,No,9646,0,146.0,360,1.0,Rural,Y
Female,Yes,2,Graduate,No,8042,3688,236.0,360,0.0,Urban,Y
Male,No,1,Graduate,No,1850,0,185.0,60,1.0,Rural,N
Female,Yes,3+,Graduate,No,2379,1319,139.0,180,1.0,Urban,Y
Male,Yes,0,Graduate,Yes,2982,2337,148.0,180,1.0,Semiurban,Y
Female,No,0,Not Graduate,No,2499,0,107.0,84,1.0,Urban,N
Male,Yes,0,Not Graduate,No,2009,2251,114.0,180,1.0,Rural,Y
Male,No,0,Graduate,No,4209,0,147.0,360,1.0,Semiurban,Y
Male,No,1,Graduate,No,5809,0,125.0,360,1.0,Urban,Y
Female,No,0,Graduate,No,6498,0,166.0,36,1.0,Semiurban,Y
Female,Yes,0,Graduate,No,3416,1457,201.0,360,1.0,Urban,Y
Female,Yes,0,Not Graduate,No,3743,3047,116.0,360,0.0,Semiurban,N
Female,Yes,0,Graduate,No,4964,596,54.0,360,1.0,Urban,Y
Male,Yes,0,Not Graduate,No,4028,4515,274.0,360,1.0,Urban,Y
Male,Yes,0,Graduate,No,6092,909,93.0,36,0.0,Rural,N
Male,No,0,Graduate,Yes,5134,0,131.0,360,1.0,Semiurban,Y
Male,No,0,Not Graduate,No,3571,0,162.0,360,1.0,Urban,N
Male,Yes,0,Graduate,No,1834,2762,213.0,36,1.0,Urban,Y
Male,Yes,0,Graduate,No,8304,6953,250.0,180,0.0,Urban,Y
Male,No,0,Graduate,No,3106,0,105.0,360,1.0,Urban,Y
Male,Yes,0,Graduate,No,4968,1950,195.0,360,1.0,Semiurban,Y
Male,Yes,1,Graduate,Yes,1785,2241,131.0,60,1.0,Urban,Y
Male,No,1,Not Graduate,No,4208,0,364.0,360,0.0,Semiurban,N
Male,No,2,Graduate,No,4425,0,188.0,360,1.0,Semiurban,Y
Female,Yes,0,Not Graduate,Yes,4522,1788,113.0,360,1.0,Urban,Y
Male,No,0,Graduate,No,16419,0,88.0,12,0.0,Rural,Y
Male,Yes,2,Graduate,No,3184,1910,42.0,120,0.0,Urban,N
Male,No,0,Not Graduate,No,6119,0,159.0,360,1.0,Semiurban,Y
Male,Yes,1,Graduate,No,5353,6169,181.0,120,0.0,Semiurban,Y
Male,Yes,0,Graduate,Yes,3116,1146,163.0,60,0.0,Urban,N
Male,No,0,Graduate,No,6078,0,47.0,36,1.0,Urban,Y
Male,Yes,2,Graduate,No,3928,2417,73.0,120,0.0,Urban,N
Male,No,0,Graduate,No,6272,0,147.0,84,0.0,Rural,N
Male,No,0,Not Graduate,No,10223,0,248.0,360,1.0,Rural,Y
Female,No,0,Not Graduate,No,4527,0,118.0,360,1.0,Semiurban,Y
Female,No,0,Graduate,No,3727,0,,120,1.0,Semiurban,Y
Male,Yes,0,Graduate,No,6789,2135,80.0,120,1.0,Semiurban,Y
Male,No,1,Not Graduate,No,7930,0,132.0,60,1.0,Urban,Y
Male,Yes,2,Graduate,Yes,2842,2762,108.0,360,1.0,Urban,Y
Male,Yes,2,Graduate,No,3450,616,195.0,180,1.0,Urban,Y
Female,No,0,Graduate,No,5732,0,97.0,180,0.0,Semiurban,N
Male,Yes,3+,Graduate,Yes,3986,777,237.0,120,1.0,Urban,N
Male,Yes,1,Graduate,Yes,2753,1952,107.0,360,1.0,Urban,Y
Male,Yes,0,Graduate,No,5395,1484,79.0,84,1.0,Urban,Y
Female,Yes,2,Graduate,No,5722,3716,80.0,360,1.0,Urban,Y
Male,No,1,Graduate,No,3639,0,94.0,180,1.0,Semiurban,Y
Male,Yes,2,Graduate,No,4348,2654,140.0,360,1.0,Urban,Y
Male,Yes,0,Graduate,No,3263,1781,95.0,360,1.0,Urban,Y
Male,No,0,Graduate,No,2584,0,87.0,120,1.0,Urban,Y
Male,Yes,2,Not Graduate,No,3382,766,173.0,36,1.0,Urban,N
Male,Yes,0,Graduate,No,4373,1167,33.0,360,,Urban,Y
Female,Yes,1,Not Graduate,Yes,2178,4323,102.0,120,1.0,Urban,Y
Female,Yes,1,Not Graduate,No,3495,1538,71.0,360,1.0,Semiurban,Y
Female,Yes,2,Graduate,No,4400,551,85.0,84,1.0,Semiurban,Y
Male,No,0,Graduate,Yes,7241,0,133.0,360,1.0,Urban,Y
Female,Yes,1,Not Graduate,No,3675,3812,111.0,360,0.0,Urban,N
Male,No,0,Graduate,No,2414,0,107.0,120,0.0,Urban,N
Male,No,1,Not Graduate,No,3849,0,195.0,360,1.0,Urban,N
Male,No,2,Graduate,No,3278,0,120.0,360,1.0,Rural,Y
Male,Yes,0,Graduate,No,5423,4252,250.0,12,1.0,Rural,Y
Male,Yes,1,Graduate,No,3633,5057,161.0,180,1.0,Urban,Y
Male,Yes,0,Graduate,No,1500,3032,82.0,180,1.0,Semiurban,Y
Male,No,0,Graduate,No,22275,0,263.0,180,1.0,Urban,Y
Female,Yes,0,Graduate,No,4510,1572,135.0,60,1.0,Urban,Y
Male,Yes,0,Graduate,No,4403,933,256.0,360,0.0,Semiurban,N
Male,Yes,0,Graduate,No,2114,2700,109.0,360,1.0,Urban,Y
Male,Yes,0,Graduate,Yes,2188,2839,135.0,360,0.0,Semiurban,N
Male,Yes,2,Graduate,No,4058,1619,144.0,360,1.0,Semiurban,Y
Male,Yes,2,Graduate,Yes,4921,2887,113.0,360,1.0,Semiurban,Y
Male,Yes,1,Graduate,No,5801,1637,202.0,180,1.0,Rural,Y
Male,Yes,0,Graduate,No,4707,3362,263.0,360,0.0,Rural,N
Male,Yes,3+,Graduate,Yes,2480,1177,48.0,120,1.0,Rural,Y
Male,No,1,Graduate,No,1500,0,168.0,180,1.0,Urban,N
Female,Yes,0,Graduate,Yes,4043,1729,84.0,360,,Urban,N
Male,Yes,2,Not Graduate,No,3326,3285,43.0,360,1.0,Semiurban,Y
Male,Yes,0,Graduate,No,2396,996,149.0,120,1.0,Rural,N
Female,Yes,1,Graduate,Yes,6140,3751,149.0,120,1.0,Semiurban,Y
Male,No,0,Graduate,No,2081,0,159.0,120,1.0,Rural,N
Male,Yes,0,Graduate,No,5583,1723,,360,1.0,Urban,Y
Female,No,2,Graduate,Yes,2242,0,172.0,36,1.0,Urban,N
Male,No,0,Not Graduate,No,4493,0,95.0,180,0.0,Urban,N
Male,No,0,Graduate,Yes,6440,0,135.0,360,0.0,Semiurban,N
Male,Yes,3+,Graduate,No,3633,1795,160.0,360,1.0,Rural,Y
Male,Yes,3+,Not Graduate,No,9049,864,208.0,180,1.0,Urban,Y
Male,No,1,Graduate,No,10027,0,123.0,360,1.0,Rural,Y
Male,Yes,0,Graduate,No,4706,2604,111.0,60,0.0,Semiurban,Y
Male,No,0,Graduate,No,5397,0,118.0,120,1.0,Semiurban,Y
Male,No,2,Graduate,No,6817,0,75.0,360,1.0,Rural,Y
Male,No,0,Graduate,Yes,5404,0,165.0,60,1.0,Urban,Y
Male,Yes,0,Graduate,No,5150,1408,67.0,360,,Rural,Y
Male,No,0,Graduate,No,3341,0,142.0,360,0.0,Urban,N
Male,No,0,Graduate,No,1979,0,125.0,120,1.0,Urban,N
Male,No,0,Not Graduate,Yes,2263,0,65.0,180,1.0,Semiurban,Y
Female,Yes,0,Graduate,Yes,12358,1085,66.0,360,1.0,Rural,Y
Male,Yes,0,Graduate,No,4890,1591,86.0,360,0.0,Semiurban,N
Male,Yes,0,Graduate,No,3787,1361,105.0,360,1.0,Semiurban,Y
Male,Yes,0,Graduate,,7468,1050,219.0,360,0.0,Rural,N
Male,Yes,0,Graduate,Yes,3019,3164,116.0,180,1.0,Urban,Y
Female,No,1,Graduate,No,5499,0,151.0,360,1.0,Rural,Y
Male,Yes,2,Graduate,No,4379,1998,201.0,360,1.0,Semiurban,Y
Female,No,0,Graduate,No,5203,0,186.0,360,1.0,Urban,Y
Male,Yes,0,Graduate,No,3635,1318,121.0,360,1.0,Urban,Y
Male,Yes,0,Not Graduate,No,2740,3790,91.0,360,1.0,Urban,Y
Male,Yes,0,Not Graduate,No,2921,5669,148.0,360,1.0,Urban,Y
Female,Yes,0,Graduate,No,2972,1811,92.0,360,0.0,Urban,N
Male,No,0,Graduate,Yes,4224,0,251.0,360,0.0,Urban,N
Male,Yes,2,Graduate,Yes,2100,2452,171.0,360,1.0,Semiurban,Y
Male,Yes,1,Graduate,Yes,2413,2158,132.0,360,1.0,Semiurban,Y
Male,Yes,0,Graduate,No,4496,1480,149.0,360,1.0,Semiurban,Y
Female,No,0,Not Graduate,No,3993,0,130.0,360,1.0,Urban,Y
Male,Yes,2,Graduate,No,4608,3508,104.0,360,1.0,Rural,Y
Male,Yes,0,Graduate,No,4145,1247,148.0,360,1.0,Urban,Y
Male,Yes,2,Not Graduate,No,13141,9184,110.0,360,,Semiurban,Y
Male,Yes,0,Not Graduate,No,4478,796,263.0,360,1.0,Urban,Y
Female,Yes,2,Graduate,No,3566,1198,92.0,360,1.0,Semiurban,Y
Male,No,3+,Graduate,No,4427,0,148.0,120,1.0,Urban,Y
Male,Yes,3+,Graduate,Yes,6694,7693,88.0,360,,Rural,Y
Female,Yes,0,Graduate,No,4136,1425,88.0,180,0.0,Rural,N
Male,Yes,0,Graduate,Yes,5756,1054,59.0,360,1.0,Semiurban,Y
Male,Yes,0,Graduate,No,5055,2778,143.0,360,1.0,Urban,Y
Male,Yes,3+,Not Graduate,No,3711,1721,98.0,360,1.0,Urban,Y
Male,No,0,Graduate,No,4446,0,187.0,360,1.0,Rural,Y
Male,No,0,Not Graduate,No,8686,0,143.0,360,1.0,Semiurban,Y
Female,No,0,Not Graduate,No,4719,0,128.0,360,1.0,Rural,Y
Male,No,0,Graduate,No,2714,0,69.0,360,0.0,Semiurban,N
Male,Yes,0,Graduate,No,3663,339,153.0,120,1.0,Rural,Y
Female,Yes,1,Graduate,No,1633,5955,93.0,360,1.0,Rural,Y
Male,Yes,0,Graduate,No,4499,3498,68.0,360,1.0,Semiurban,Y
Male,Yes,0,Not Graduate,No,7634,1277,144.0,120,0.0,Urban,N
Male,Yes,3+,Graduate,No,2313,6145,73.0,360,1.0,Semiurban,Y
Female,Yes,2,Graduate,No,4525,877,52.0,360,1.0,Rural,Y
Male,No,2,Not Graduate,No,6590,0,204.0,360,1.0,Rural,Y
Male,No,0,Graduate,No,6911,0,97.0,360,1.0,Urban,Y
Female,No,2,Graduate,Yes,7524,0,60.0,360,1.0,Semiurban,Y
Male,No,0,Graduate,Yes,1824,0,82.0,60,0.0,Rural,N
Male,Yes,0,Graduate,No,5309,1273,91.0,84,,Semiurban,Y
Female,Yes,0,Not Graduate,No,2148,2012,192.0,360,1.0,Rural,Y
Male,No,0,Not Graduate,No,2699,0,62.0,360,0.0,Rural,N
Female,Yes,0,Graduate,No,6121,588,71.0,360,1.0,Rural,Y
Female,Yes,3+,Graduate,No,4541,2638,179.0,360,1.0,Urban,Y
Male,Yes,0,Graduate,Yes,5865,2057,101.0,120,1.0,Urban,Y
Male,Yes,0,Graduate,No,2784,2553,133.0,360,1.0,Urban,Y
Female,Yes,0,Graduate,No,8210,2215,99.0,360,1.0,Rural,Y
Female,Yes,0,Graduate,No,5766,3542,272.0,360,1.0,Semiurban,Y
Male,Yes,1,Graduate,Yes,6311,1909,72.0,60,1.0,Urban,Y
Male,No,0,Not Graduate,No,2601,0,136.0,360,1.0,Urban,N
Male,Yes,2,Graduate,No,7166,1254,221.0,60,1.0,Urban,Y
Male,Yes,0,Graduate,No,3669,1298,104.0,180,0.0,Rural,N
Male,Yes,1,Graduate,No,3212,4562,89.0,360,0.0,Semiurban,Y
Male,Yes,1,Not Graduate,No,5605,4507,165.0,360,0.0,Semiurban,N
Male,No,2,Graduate,No,5499,0,181.0,360,1.0,Urban,Y
Male,No,2,Not Graduate,No,2889,0,88.0,360,1.0,Rural,Y
Male,No,1,Graduate,No,10671,0,218.0,180,1.0,Urban,Y
Male,Yes,0,Graduate,No,9570,4433,124.0,180,1.0,Semiurban,Y
Male,Yes,0,Graduate,Yes,5553,4288,148.0,360,1.0,Urban,Y
Male,Yes,2,Graduate,No,5134,1923,220.0,360,1.0,Urban,Y
Male,Yes,2,Graduate,No,4906,8144,165.0,120,0.0,Urban,Y
Male,Yes,0,Not Graduate,No,2105,2631,121.0,60,1.0,Semiurban,Y
Male,Yes,0,Graduate,No,4450,1028,92.0,60,1.0,Semiurban,Y
Male,Yes,2,Graduate,No,4423,1693,359.0,360,1.0,Urban,Y
Female,No,0,Graduate,No,3264,0,88.0,360,1.0,Urban,Y
Male,Yes,0,Graduate,No,3680,2104,137.0,360,1.0,Rural,Y
Female,No,0,Graduate,No,1500,0,149.0,360,1.0,Urban,N
Male,Yes,1,Graduate,No,2581,1125,151.0,180,0.0,Urban,N
Male,Yes,3+,Graduate,No,6404,898,284.0,360,0.0,Semiurban,N
Female,No,0,Not Graduate,Yes,9219,0,123.0,180,1.0,Rural,Y
Male,No,0,Graduate,No,2766,0,116.0,84,1.0,Urban,Y
Male,Yes,0,Not Graduate,Yes,4592,8553,226.0,360,1.0,Rural,Y
Male,Yes,0,Graduate,No,6934,3519,115.0,60,1.0,Urban,Y
Male,Yes,1,Not Graduate,Yes,3347,1457,172.0,360,1.0,Semiurban,Y
Male,Yes,0,Graduate,Yes,5734,4136,131.0,360,1.0,Urban,Y
Male,No,0,Graduate,No,4166,0,175.0,84,1.0,Semiurban,Y
Male,No,1,Graduate,No,7227,0,162.0,60,1.0,Urban,Y
Male,Yes,2,Graduate,No,2375,1856,,120,0.0,Semiurban,N
Female,Yes,0,Not Graduate,No,2573,2571,58.0,120,1.0,Urban,Y
Male,Yes,0,Graduate,No,4797,565,62.0,84,1.0,Semiurban,Y
Male,Yes,3+,Not Graduate,No,4417,4403,58.0,360,1.0,Rural,Y
Female,No,0,Graduate,No,4124,0,117.0,180,0.0,Semiurban,N
Male,No,2,Graduate,No,5481,0,47.0,360,1.0,Urban,Y
Male,Yes,0,Not Graduate,No,2782,767,113.0,360,1.0,Semiurban,Y
Male,Yes,2,Graduate,No,2284,1479,128.0,360,1.0,Semiurban,Y
Male,Yes,2,Not Graduate,No,3377,1911,171.0,180,0.0,Urban,N
Male,Yes,1,Graduate,No,3552,974,148.0,360,0.0,Semiurban,N
Male,No,2,Not Graduate,No,3723,0,174.0,360,1.0,Urban,N
Female,Yes,3+,Graduate,No,7488,2262,143.0,36,1.0,Semiurban,Y
Male,Yes,1,Graduate,No,5983,6987,106.0,360,0.0,Rural,Y
Male,Yes,0,Graduate,No,5377,1618,116.0,12,1.0,Urban,Y
Male,No,0,Graduate,No,4674,0,86.0,84,1.0,Urban,Y
Male,Yes,2,Not Graduate,Yes,3479,4927,133.0,180,1.0,Urban,Y
Female,No,1,Not Graduate,No,2880,0,64.0,360,1.0,Rural,Y
Male,No,0,Graduate,No,2468,0,186.0,360,1.0,Semiurban,N
Male,No,0,Graduate,No,3094,0,82.0,360,1.0,Urban,Y
Female,Yes,1,Graduate,No,4149,1231,129.0,180,0.0,Semiurban,N
Male,Yes,0,Graduate,No,2515,5548,138.0,360,1.0,Urban,Y
